area,production,lat,lon,temp_avg,rainfall_sum,humidity_avg,solar_rad_avg,soil_pH,soil_N,soil_OC,year,yield
81.16262258099887,4670.369568434665,28.88532978226868,73.6229869906936,22.51722933805384,875.2819052195033,57.98508466052482,193.0301399668383,6.330438860364981,0.2485217325085258,1.496392153687307,2018.0,16.17248824223091
190.6357182178841,4343.713058552001,19.48428433314928,83.62235707929966,25.258431649139123,619.5896891284979,59.93478684770542,236.9826575862336,6.6850305576344775,0.3243530204186344,1.1433563922109535,2016.0,16.211992629811384
149.07884894416696,321.5714835203281,27.240853019786268,73.62876695391253,21.78358296404318,626.0673837450611,65.9879438956191,104.53219562463536,6.438133659950122,0.2939596270803091,1.086884726425202,2016.0,13.709127484693832
123.74511199743696,229.1981750365348,26.890987970701406,80.5032676733412,16.235948549516177,1025.086956882954,66.68340488718081,265.9151162426335,6.7289028049628925,0.4127780250633898,1.1057368557697764,2020.0,12.95269644412422
39.64354168406294,1944.670497702443,16.382009464865114,84.18092523444865,26.309679412473,562.1176214265345,52.65826201221504,203.63402621646708,6.251533987441011,0.3086110868258978,1.3436834846943282,2016.0,17.745068904021387
39.6389588638785,4071.711320830981,26.57830948301355,72.13753846189488,27.711804523258586,1128.5345906511927,60.8199555641356,179.425342771891,6.40871551281023,0.2253076714929832,1.168450603353703,2018.0,17.269097003500452
21.035886311957896,4937.653033643228,10.740152694309852,81.34624439257807,17.911202693374484,619.8758530704263,64.57280404615241,195.53829228892755,6.005021103723993,0.3990166238959289,1.0716666359739235,2018.0,12.944105844242774
174.57346769723767,837.0427664072881,21.92539756964106,75.13125567402727,21.970807885870187,927.6783851216766,74.55822322146767,198.121467751026,6.482496194996882,0.2782868925053797,1.533070383524706,2020.0,16.21336333197342
124.21185223120968,3011.240505225462,14.60017674575406,89.2585375047516,26.857462783015592,734.2763048502031,67.04506539824723,113.43993482775372,6.094499568185578,0.3526536683672307,1.02876603186765,2018.0,16.537858857018946
144.53378978124863,1966.365197492005,12.411337715545576,79.6709129343985,31.172486409135097,920.6374862164686,67.89056687375519,274.74691137266177,5.9429767749190034,0.2522589293807199,1.2071132148065986,2010.0,15.90326453746591
13.911053916202466,4852.580549291556,11.539064032584182,86.11985099550316,25.062381123026224,691.1771995771614,60.838266279293606,202.0662816135309,6.629330573927694,0.2350173114502563,1.330461230322046,2012.0,17.13993153494132
194.2828719107789,4226.382723364973,23.9257755175628,81.00453084312524,22.8159911763126,767.4414187855411,74.10459145203504,222.1501065223688,6.60636988792883,0.3084168230185696,0.8737329779165852,2016.0,14.080456762494643
168.16410175208014,4207.810653084575,16.797499275361325,70.86825065709638,24.45131067668548,808.1838350791443,64.09762795959497,247.57748852870213,6.891436867474286,0.3012828643543685,1.296052100281185,2010.0,16.75309104053197
50.34443102887247,2396.5964829953546,24.49533543057523,82.66302751188044,29.12462925744456,599.5625088437055,51.389120898264295,148.941877121985,6.28443721521245,0.3479827035366833,0.98897846490391,2020.0,15.548217756656504
44.54674376934912,2132.61556145456,11.307126815978847,89.02806684413314,23.0621074626264,948.1648690840252,74.0336997012519,223.67359495176143,6.7040264234183775,0.2731354246690257,1.3645565561668005,2016.0,16.087380627366656
44.84685687215242,1439.6946524604605,16.305806756612206,82.03223640292663,22.60242398004924,697.357286705683,66.97903272539028,186.61794545506032,6.775398786136831,0.1163640216229602,1.0074697976162046,2010.0,14.842424484320796
67.80602616231216,376.2399335895429,20.789825847506744,86.3837771885358,23.551769433453902,754.2800169319963,55.569559788715175,242.3385387608247,6.7223869039157975,0.2567226116411611,1.338553806369772,2018.0,16.64065722313105
109.7037220101252,4337.139643649761,25.81446329677928,87.68412926696816,22.14001417522386,601.1301250782975,55.205070326007565,93.63862898242525,6.087173158598929,0.3793818467143816,1.4211666132589424,2020.0,15.315560583369257
92.069553542002,4083.21494473738,16.3750500586414,74.56159543897866,25.368010947984388,287.5332682409379,62.96575545140762,195.04528498793653,6.574681741135595,0.2702623920756893,1.372287305126561,2020.0,17.061865568929157
65.33353663762796,4998.61659910204,22.51782752874018,74.24089679816453,29.87403537540868,761.7944474799662,64.63184795267584,169.85896721080192,6.68207014802733,0.2753616597485452,1.2502633296476204,2016.0,16.924780570722987
126.2520499972521,4983.520501662137,27.71955496472374,82.21961977701983,25.969237819348088,1282.5230843225831,61.97292265631207,221.61314753170777,6.503589233453971,0.3986376505905937,1.15373981141406,2018.0,16.88842857923448
36.50383352388795,2821.6153574528744,22.31726376364609,78.2205693961341,24.242939493621137,956.9208575796048,63.11308673442885,223.5022093684101,5.456761170814458,0.2288026772741077,1.0847160847330313,2016.0,15.837009055121335
65.50748322169144,3868.0383343845015,14.659189495072676,86.7972260573344,24.12456619325337,796.1479240531211,76.9995737457638,164.6187052588987,6.58024481198674,0.14571967817571,1.4942069381634209,2014.0,17.66905527052939
79.60875022580143,4729.352076423897,10.48801563113076,88.00046246796022,20.31042757391003,747.4218341583464,70.71543152234887,164.39130679119782,7.606265519698621,0.2839368880474505,1.0601009559664714,2010.0,13.88947637729741
96.65329700123682,4263.272214319316,27.4019774780186,77.06842758605436,27.64932933144148,804.4931785624093,61.90635591265024,194.4667315721336,6.319980365621508,0.2515826048751263,0.9925867852860008,2014.0,15.88530084989778
159.18343266467258,1312.0056985416686,10.425388217007743,74.73741117948964,24.766488408961592,909.423823035042,69.41310580767484,155.1678886342396,6.13596145107234,0.2033753680246746,1.333073787006566,2010.0,16.428044033852764
47.93801861008835,2307.6662630194583,27.49403345368399,85.61051030487724,24.45856025922812,563.837436938231,49.674760964724605,242.09918477260635,6.6866742798557,0.2824621544101309,1.0407726393627008,2012.0,15.852964708223633
107.7045432985862,732.8811342423254,20.57874268054424,75.49612071096273,34.57932270353459,1022.8643389337744,63.979270499468086,181.5396399776277,6.6561891052332856,0.3491505647246783,1.0099873005067743,2020.0,13.31864824848273
122.55876808378808,4774.85003356774,28.781353970257925,86.45228637027357,25.89625872509706,943.0762630882488,78.0930634973311,54.650589033917925,7.096367582708207,0.2990711438432184,0.9112791475660468,2016.0,16.124229257177497
18.82557841679957,3070.255708809312,25.975664715473307,78.47476507297526,22.744626849714447,943.6371451415868,57.81954104607626,181.2588971689097,5.871065922045556,0.3306981072686237,1.1034180321078964,2012.0,15.924512052504134
125.43352186127328,1220.3497469669674,29.95868221066675,83.35099798582941,23.72092721138337,887.6951477619455,51.52366071380915,148.0728089578014,6.865690126287496,0.4813407698515423,1.1834569952207012,2012.0,15.518917787995209
42.39958350058539,3391.333353588698,17.014236309034203,71.91070627669336,28.445337127590264,803.9233315387979,53.4791111140694,118.43620922695273,6.795211030625731,0.2657121138442436,1.2486183455321398,2020.0,16.814990276043993
22.35980266720311,3128.8283782436897,25.34376577862254,82.47718649353146,25.339811231613293,934.572247193364,49.10366962657612,138.1286680888714,6.428926731529727,0.3278348634644669,1.3902612488598969,2020.0,16.429274177488388
190.28825207813333,1854.9973183609184,18.03861827218484,79.03535357474459,20.685166065047905,918.3628267482756,52.15238091872297,205.4704235916485,6.669343658960845,0.2490786637400865,1.3053795847331586,2010.0,15.090330872943126
193.47008628416629,656.4322017781822,19.597512406078177,81.73216926350948,27.75768680372561,729.1918578117952,56.29491901409971,266.43204141241154,7.014728740799178,0.2153640280113027,1.161825556089364,2014.0,16.578769089104973
163.59549614212762,3390.708658404718,22.5501092643674,73.36028415489727,22.995567743383017,685.2796454206198,45.94432980821358,215.659223693249,6.936157690014225,0.241509234658223,1.160360864724056,2018.0,15.675833031552296
67.87661614294043,2649.507734428588,27.473542283726776,84.73747489888365,30.61989332865264,820.3712590523974,60.15618333949603,169.674830589213,5.928490343963135,0.2521241428478311,1.3020314937830366,2010.0,16.30510837321867
28.55770166121293,3884.3601195046326,29.681669383985906,87.25594155086458,28.240144197143945,1109.8040302990375,69.02277173786648,222.79520975853512,6.910079093377743,0.3359475797547125,1.4545140325857138,2018.0,18.62703131481989
140.0042750373098,2648.8011554487675,25.365468277290365,74.33479600181552,23.658034313023748,552.1785848692198,50.9224381985308,177.0454844890504,6.467655697483741,0.5349075786700758,1.22526283989664,2012.0,15.985387340761966
93.62897381052424,4275.689351560846,18.35533564334668,71.91429111040324,28.843049085205337,506.494946849512,75.19283923641768,165.26998154184275,6.536437049007758,0.2283956563724159,1.1061738291579182,2018.0,15.957160273882849
33.187264620507975,2804.34350999498,18.427140045541403,70.47277172092673,25.20356653158221,832.9521682473033,65.10792088527595,142.2818665883508,6.536598495500847,0.2583374694384537,1.001426799782891,2014.0,16.120693716437536
104.08361292114134,2848.5960605233927,24.75164603177783,82.83943000886532,27.55832102536666,810.1775403712036,70.30580585624057,112.40855966241404,6.42487850560087,0.2936876986888752,0.9109589471175548,2010.0,15.97408620568638
16.533819011891495,4395.6026530258905,14.775542915366046,82.14188072177562,26.454198451883425,834.6683328740817,53.42165446147863,180.5038146720277,7.095853748553532,0.3395798848709747,1.3332539344087049,2020.0,17.688392433321024
182.77087639496847,2077.066044440746,12.209482262627894,80.9339482542814,22.46093003502738,848.7906395817,68.54525227066615,207.9026744960066,6.458141020075394,0.3263550811954785,1.3155957047279114,2014.0,15.436407385313156
59.16819650400321,756.6746194081396,17.09244315281553,74.6389419223195,23.06935050304761,755.359549073039,49.08066099604687,195.1688164992555,5.940226935808416,0.4284095793948117,1.3154727050213322,2014.0,15.75510180634827
135.8792340272566,241.03511393536093,15.744779833081637,77.8181199181103,28.089882452743485,1097.9726877204164,68.90247500836509,179.20165360263206,6.303235072015136,0.0573607929464791,1.1742681107295887,2010.0,16.557705585734166
69.22510445698808,3800.172552800733,15.9261624091198,81.88952670372346,23.99567400368037,479.8192043046969,61.71839339793532,152.71269696516094,6.589347358405238,0.0613070129804327,1.4813869491783502,2020.0,16.75410395500223
108.81292402378403,3139.5168016319767,14.6721550209982,79.93533717718338,23.78905461027401,634.3005950439508,65.53251219984784,230.4123095842484,7.1146073921485256,0.250412182798985,1.1031763010830364,2014.0,15.787468456678123
113.87495307522312,3549.990863686196,10.84186379272724,89.75571040429774,22.134632261951943,779.3490479701906,48.24405394375148,134.14340400267076,6.801547342474417,0.4097300187543709,1.3910538474414411,2020.0,14.89137857461968
45.122346549850135,1143.5243913936629,10.357478694668275,72.72879505113467,26.270797196780386,471.36223776916654,51.04930157723396,238.80139569217377,6.074732360626478,0.1434351968394403,1.1922514210020914,2016.0,16.625260695198076
194.2210792752661,768.2202303751718,29.75444779472063,83.90289108095187,31.18757475772944,764.8291191135858,65.97228218253385,149.88914905366377,7.742594958339445,-0.0007632339693757,1.0783298470641325,2016.0,15.014352677645222
157.27523643861176,171.26886177262145,18.555462674717248,78.08637536208585,21.797401257237183,1132.2940331456036,50.51651995775799,162.37823813234826,6.63238765548899,0.3571179406219208,1.3185060614635522,2016.0,14.368209769782124
188.504798897196,1817.8790381523247,17.686532943193633,78.56399229851229,25.072658370018274,804.1772976591924,64.63206292099123,126.66074046921617,7.137695368999507,0.3243657223702714,1.281927223736799,2018.0,17.39988754876838
180.01719658125327,2990.5966655877023,23.5929456538614,84.35195531316353,29.236661666246288,846.1401811437368,46.32862193539754,174.92989265571816,6.424142783211385,0.190979159320057,1.2713945518533851,2014.0,16.249864569073285
123.60099597410618,2021.9958209886884,14.365077757301282,83.84872302648739,24.761075826262854,547.967046965484,68.48174212666669,248.7656229238989,6.766679622352725,0.201446039927907,1.2162556844112398,2010.0,15.873256777647963
185.1561046543922,2243.6271179162723,28.99922367900451,89.82511987404376,26.3571153887492,676.7277183921045,47.67476685231491,225.78140442219785,6.919734252259202,0.2030256280365325,1.1924213836566335,2010.0,16.943576022198627
26.813575389864702,4530.377603019368,25.726900288311043,72.56788578908251,21.81281941555936,724.9607239352126,65.52299937679523,248.92110560140176,7.109097355877128,0.311053531747394,1.6776743985740876,2018.0,16.28436632859532
47.23674385963759,1806.451788414172,11.78822004624519,72.08219298768333,26.284921291622947,736.4569806487532,66.25630933646,226.1071272966968,7.028684152689112,0.2373684723816992,1.4368513290392346,2010.0,17.445008266007743
18.59318489300223,2618.548496883073,18.35161551569857,84.48677634257483,24.438567204986352,1056.3287590007535,53.03228181570425,144.81650857348154,6.936098500036489,0.3494063918975519,1.3445653789971024,2016.0,17.067676709480356
71.81276284502022,3939.899762431601,27.58236615124329,81.56773834012819,27.957189987039587,911.5382121450248,65.82026567084726,183.46053878362213,6.342456634402946,0.0145373337095608,1.2223598316406776,2014.0,17.212982402036737
83.84868504100159,2043.059633374224,28.894640445828205,75.48321333119611,28.56215815469425,577.7084086125936,62.60442263333556,160.99004354412688,6.2141269790219695,0.21431481348722,1.4014314401193335,2010.0,16.819401849013772
61.55631603704023,3148.22483111658,19.348030224997395,71.58838737977973,32.76869092605584,849.3009556864009,54.61158143807262,266.528745201952,6.666303755162099,0.1873946039088949,1.3035989552782905,2010.0,14.657209738312565
167.46012673886656,4325.582172859052,22.268227784214154,71.71316499192861,26.738899519640725,899.644349699357,49.91445315923792,140.16056767868443,6.966564036170535,0.2743659321627508,1.2052409505548072,2012.0,16.7383224728084
77.78313207178196,4752.651055922446,13.340678921841503,87.88381749328236,25.97738894974649,1028.0298077042532,40.373743083274206,244.6848844694556,6.388639649611696,0.2461952241509861,1.139287134946817,2012.0,16.316431444581468
63.377556840602345,820.6600565522859,29.823372522739533,73.83734649437486,25.583152904732007,1116.108137313675,63.496500472996935,244.64769350543847,7.032585982857193,0.3797843779895766,1.1838165324674623,2012.0,16.944508635978803
113.1122558000672,4640.279363291323,14.633434027668867,76.46743124231041,23.940501121567934,596.9811616344263,44.35197228637945,291.4810100858044,7.226308372743089,0.1140663228339942,0.5659148528243888,2014.0,13.576041761482973
36.77560274520491,2511.369836089737,28.85463548270252,74.53312804453977,26.01545153038507,637.8284977579324,60.95344199441308,179.51567036852512,6.0418395404632905,0.3045491476330751,1.2421201678595284,2016.0,17.71093144909393
162.41742634326755,1365.397502664896,22.992932979847367,77.09992611663874,24.11379576958291,548.4844282170768,57.36551783917751,235.6161079790081,6.08153964810186,0.3558336423211705,1.102304783977928,2020.0,15.611575288135729
24.164622299156456,2349.7652055674803,22.154735897577183,71.38847685492186,25.50538292880884,753.1960281786037,66.79142775438196,314.0825918269421,6.429812470547332,0.4856647436561955,1.5185339996565768,2016.0,17.068442504603993
197.5085179540983,4902.159618898838,20.25377022033017,80.38119581816541,28.95279260682388,893.2716748892669,56.97954500510136,169.11791615331518,6.653806334094599,0.2518234028906524,1.2038688141623508,2016.0,16.035179894603793
156.7265061663649,2513.828660565061,14.613396234355172,71.3522512718443,21.98037230416108,997.4669033178204,56.70552213652908,123.24798762338202,6.237716493116475,0.3324458604352517,0.9622073160930076,2014.0,14.69698273955926
47.75597949149276,1710.8828904087902,13.530560640110163,86.00713015644723,28.41963568338713,784.8097952714954,67.31870704288295,105.99949830461182,7.176101339433572,0.1196137207437634,1.1900239691743764,2014.0,16.64357254289453
11.049202253484456,3203.664186151956,14.409724181403508,74.67424163820866,28.9513452020196,736.0304953490312,63.35058029084117,235.6356014430665,6.7120334307592255,0.0608043795686976,0.9907757829874992,2012.0,16.187864876715366
164.9376714064185,1276.713532013146,13.72876524288509,80.80023829209021,24.645794419026764,830.351598449748,63.16155957182778,105.8424895970708,6.51972352412037,0.38447743757817,1.294681483142493,2010.0,16.392487106289533
144.30289533104724,471.7303077324532,25.591689471335066,87.60158175122916,18.63443530297421,632.9714196739953,64.69267589808527,181.38404735310385,5.782045238065736,0.2994439706351929,1.258189472867897,2018.0,13.120881800958994
148.5113619277876,731.5106373621812,17.002505183334602,83.01754738094388,23.176534038716703,1217.907744338955,44.64427876792894,221.86565935194804,5.842092091786246,0.4178512689798422,1.3915679262216534,2018.0,16.697912844172645
156.54136587032968,727.424610893085,11.156853531267927,80.6591557310267,28.890983639683327,478.46779457638826,67.56788679986983,209.2587768414957,6.640504625140904,0.162659711103025,1.0418236416610869,2020.0,15.527935272160716
24.068483829477167,844.3231982102424,29.382052602816227,76.48667506230751,24.93139581310336,836.9481157791449,66.12468794013603,221.27224320920865,5.433702186922582,0.3519902139528752,1.2068016192456292,2010.0,16.616503663948368
78.1084884234118,780.2531459821097,27.67571769926852,76.66003826116396,22.002093303115267,1204.7212438459278,49.83316871423503,211.1144927900427,7.006318704822036,0.4868817840543853,0.9269956409146728,2020.0,14.179208627679476
32.01512130977464,3240.286249535752,28.55504566390426,83.3897391039638,23.48567523631535,801.3599689119995,57.55919526325799,263.9432906656697,6.42092307781384,0.3419705608357266,1.3402989563849428,2012.0,16.435767840227612
173.98965091636276,991.2124135558096,29.898156452928703,89.88278722442335,27.52186007951365,761.992192999701,59.606927123723686,152.38418096306015,8.121546484797367,0.3276581505591048,1.3037742360880245,2020.0,18.182583140721444
128.42664409723602,1793.7696882869295,13.477904984389744,83.23678379698757,26.640200704604137,728.5109154379146,58.655032155982674,166.15024307707344,7.653958125308055,0.3008556080824349,1.2991610042055142,2010.0,17.352116657813376
72.87062472200334,4494.263208539458,17.924840378053176,81.15566834740049,24.28320370249092,763.9216636475185,63.338599665685344,161.3670277364588,6.409275465376242,0.1429118542874087,1.200323806271388,2010.0,15.829285080000046
22.07608655434449,2422.4120372880743,25.164769514081826,84.61301020478493,23.899526764555937,1074.569694935306,74.31366781831184,241.5095905931305,6.446831498734342,0.4355572935710348,1.2829545781577585,2018.0,16.49477835034031
69.08664112597582,3371.0329187530333,23.920412361075844,79.30411224567436,23.824725552868536,357.62761773409864,70.81766727672829,245.0199294197532,6.997790757001015,0.2389142360194934,1.5208678216617193,2012.0,16.185215850431838
71.78483118508194,944.3673688879862,13.0779181267971,71.20284685201571,22.23276944650449,1106.6867402592652,46.87780806568594,222.5612659659254,7.351586304959019,0.3504483256383017,1.142981148591597,2014.0,15.634589048270758
148.62517388423217,1042.2161921624868,26.31666249981236,81.2459363175582,29.846127068408325,515.208569509971,66.22069990306049,259.1746833444964,5.680985471281992,0.1436965693428746,1.2277290367420168,2020.0,16.544616023848466
131.1359195574905,300.2562197057464,14.488811436733211,89.1525056901076,24.03303859236598,746.6695341531171,73.28933319535409,141.09795663118098,5.606812267322657,0.1820540335492219,0.982774740163718,2018.0,14.863863474671218
178.57042108950205,927.7818090536064,14.47635229645246,73.5060588471532,28.651475562476488,714.1511159402676,63.868085206892026,283.36120557755686,6.188982597222809,0.4435087399222235,1.0263478076803334,2020.0,15.405716160416102
99.72083578077036,1465.0926612565972,20.73948845786827,83.80009781641331,29.56394815576736,917.710653954144,70.90980425185967,276.1619310856129,6.791368791586932,0.2652697711042157,1.2195626586186614,2020.0,15.779567298411475
32.72290672827732,967.3513729560594,21.858798696834064,74.01867377318113,27.99493269444388,480.3751296232505,80.12270445700764,236.78109986228733,6.748436795253799,0.4453275476042544,1.4207867093403814,2014.0,16.998895976664855
145.51650957236905,534.6424154095725,21.601724156756223,80.71655368946162,23.705139061845856,892.4345332163886,70.23709546106981,289.089945438553,7.034885727491925,0.2921769340941482,1.1487438351496857,2012.0,15.976479075400531
154.54915923721052,691.115768392944,11.829736747955096,71.9335289929344,26.21119027100983,1204.8619246573703,62.49308595641729,117.16883961611131,5.900151235817346,0.1158102227042142,1.1528166941375753,2010.0,17.665658114092352
116.64266753820428,2357.8159633603564,27.54921725260761,79.0074187251637,24.92741318082725,527.3651990814379,70.45088474084753,173.77759318686742,5.3419280685155615,0.389206759973172,1.118622951099125,2016.0,16.346572008391107
156.4837641913666,1111.0352201883834,15.31200085177412,85.12326657790493,22.28889441780961,837.9412335220791,61.44887833096891,163.2348269659024,6.9290070976510725,0.2410107682244392,1.0930486658311354,2020.0,14.66429281316046
103.82116330923424,1884.9223191355693,12.590298425656083,76.95143048477964,25.97307784516481,667.6035644406782,60.23903043284955,236.0739661878672,6.085901863517383,0.3698688813517043,1.2589942911417642,2016.0,17.167562608548135
109.31923758257886,2566.744627188799,27.774961597379544,83.29823448974436,21.4628806265206,885.1774412386071,56.48585764286268,147.49296301989273,5.490756067805681,0.3025210867540082,0.900548470964271,2012.0,13.439245489526538
91.23279348812444,3482.93466028389,29.113029964595068,85.90899921579458,28.56303816538469,803.8295554831504,75.63413358832108,237.87475746687429,6.572531872979691,0.1456881772057129,1.4561879153333457,2016.0,17.847459703726646
14.829634081378083,292.6294852213848,27.24255234530901,88.54355638958906,23.606148108104826,671.7026181911381,51.81571334057999,268.5268071998357,6.896587844109339,0.3164294765370569,1.066915540374108,2020.0,15.445313298444203
30.499371128727844,4017.110954654309,26.19032149449756,74.69284163710907,25.60347896761852,897.5744569742149,75.32367724678116,234.7601450042,6.438971433939361,0.5196223142152799,1.3443806970876282,2014.0,17.503190470668414
15.971545280479509,3176.711908505448,23.104839612780435,77.98631831618616,25.849863614638423,1160.8696219573485,64.99864123740372,214.18755118307504,6.271075806908756,0.3492986458514459,0.9460002805212248,2016.0,15.936266216921917
130.9179781401183,500.6192565494724,21.017147412182787,73.04832026660834,24.22328507888777,761.8192416545403,46.006938251980586,150.60633295496254,6.420318883927047,0.2942482246994536,1.3337680261092435,2012.0,16.35023543968597
69.72763640450208,4380.535258123208,11.739735198228203,89.8496700431675,26.760081404425826,943.9515884296364,63.67649292991422,157.6574516937318,6.314708618799608,0.4075343401956898,1.3343889215628997,2012.0,18.05081735826595
106.62843132129352,4612.2747626058845,18.16906426141397,88.5400193584859,23.575289030132428,541.3454084257672,38.99973492348376,262.48094526483334,5.825976444029917,0.3210668465203111,1.2768404144011791,2014.0,16.412109081449504
182.4376300459577,399.2820032888324,17.45377034024628,80.7991426056112,27.613891892371733,608.7127246363982,66.25508016831036,238.96745019526665,6.142659661504784,0.3209534230262794,1.0011142956400416,2016.0,16.196642126809387
57.36552353828624,1456.7004759212982,15.195075675206525,86.84066588752842,20.962060959259755,894.4812555760755,68.8523148298899,198.0490240311228,6.760639952506907,0.1908374827840897,1.2499096379196153,2016.0,14.90073265848748
87.97275537676965,4050.386270986001,24.46840227377169,80.41915954544085,25.379138738639234,1096.823205707193,54.07644044347946,179.10452271170547,6.66083927068825,0.3233848025789598,0.9633887630531222,2010.0,15.733636222117743
153.55471632317924,3766.472482879926,19.917514701575417,82.4717137600552,30.81678699717485,871.122669757132,61.23547695955583,98.70960634443117,6.58402990298341,0.4035443416416945,1.1494473489807628,2018.0,16.23527512538836
53.47165144340827,1004.1529948462488,11.62092431815296,71.78248864232033,21.99900602618328,737.3883938953692,79.54157433750287,146.45737906577807,6.002425759073311,0.2163937847899975,1.4058826201910652,2012.0,15.34617634791397
24.626182867470668,1125.8116843498806,14.403664038996226,85.10540840993616,22.966765088425447,799.8582810846708,54.94253295738064,295.57095435698614,6.409248418932166,0.4424495821246947,1.3593403854141484,2010.0,16.138749082509882
65.05277605361593,1915.313303677772,23.66517527319192,72.55426967270469,26.541723548976744,549.9184532060565,49.410924129434,135.97722144987665,5.411467476778572,0.2908293975854873,1.2030365885080865,2012.0,17.16618276738851
40.63204457826084,2474.1626274360046,11.522617189806004,86.52135260505057,25.5387453458188,920.9030652710734,74.81663402462598,209.473991061054,6.589238331942695,0.2112230488461459,1.0050386848154316,2010.0,17.19497120200832
186.64255394508888,3129.44838049845,27.02413828097537,85.64056175340772,26.05189029782068,976.4666124646818,79.62587190530795,250.37219865976,7.214428853906783,0.3997632076920244,1.3291175424348387,2018.0,17.495845064410556
163.54287211723923,1907.6768338918848,19.902930540279485,84.17489395485953,26.46756139044299,709.5819334333839,60.03695671847847,137.25386659988538,5.762933933978947,0.2713205764261731,1.203876247539605,2010.0,16.923219802017613
130.34671373698046,2366.420109052425,19.61173154653296,70.72320761049524,26.90416440568531,705.9915704480998,70.11463035408356,209.23552373905417,6.207036163341122,0.3759514887486108,0.7359368803539152,2012.0,16.198092077128866
175.57751213566635,3762.607596855407,21.84815569319035,76.06256711890657,28.32909952586867,853.1756459304097,73.41475915530881,246.8957768755328,6.664553389355064,0.2708241367741463,1.3565259652633035,2016.0,17.493194737937888
162.69769461083175,279.74769416392974,26.493619318502983,75.26225139821686,26.229455970785537,712.6560527918809,52.57515767461616,200.6249660953625,7.126421317213742,0.2940173856470096,1.1951534332260616,2012.0,16.92226276068413
45.44831118834681,1336.9410272857017,16.95618415804386,77.20272814943038,24.276227036144373,786.7734770748355,55.14694164632132,343.4201527833384,6.275887691849925,0.3493560204334291,1.4404902495966143,2020.0,16.33638731200072
179.58620971309577,3595.412970834307,23.56032305118127,71.75285493527677,27.0177211036082,1219.944357833303,72.30874513154735,116.57003705609024,6.153874835367052,0.3290897057590006,0.980945896231439,2014.0,16.7107553354674
112.47502596397364,4486.513504667277,21.314639279915824,88.73915646062126,30.699645804685645,750.5948598508006,76.85014278708509,252.936426494194,5.515538428791959,0.1004468219548261,0.5646592373607998,2014.0,13.996992332937866
163.41362948117188,2607.219466366764,15.340565403388426,81.07604481424752,24.60209876085228,728.3319695957556,65.62880860174354,191.3599131301768,6.551719064654053,0.1878756259905608,1.255816771669037,2020.0,15.660852904777968
180.25734698546373,2707.356077800047,27.57259972710316,76.11048621316047,22.076412085988075,670.4916388729682,51.20185646497946,238.5960077418337,7.521038020071872,0.3929409984790815,1.2583127353363943,2014.0,14.982122544798123
70.42066024465413,625.1428555649027,25.94852043213856,77.93963034148567,28.32124200786092,948.8383942999874,79.87061111699441,222.0653575849623,6.638679230982338,0.2867863411098452,0.8618656744787095,2014.0,16.202456945952378
30.909865660258586,2292.3205974349275,23.169036693168508,78.94405081009671,24.63885650813921,763.7551653563794,54.69029102188036,163.34219014450017,6.488860510408143,0.2476268697228578,1.0043000908266786,2018.0,15.600432105092173
53.30768088296892,2709.8246056296134,27.01163458188484,82.01188666721235,18.48199136195789,670.1253923357148,56.64862218828548,211.44981962296703,6.661041155383493,0.1641425984742525,1.7510435487439802,2016.0,15.63166053996627
91.1504798389887,1288.1054678101752,27.34588401919605,80.31358855392996,27.542265031451265,1064.2608064546023,63.42337834489621,107.10492743008564,6.494453998025699,0.1920263678724151,1.1388778771692394,2016.0,16.373345342244466
165.4228055252737,1419.2918316519667,24.167259534300698,88.38783946428835,23.39401544213824,1083.9206009027275,75.54160420714774,230.1623750285697,6.093492813869935,0.0978201360038052,1.3461917952752431,2012.0,15.784604199688165
173.53881081870526,1948.692399212651,26.74026656727344,79.9392696581166,24.72840015308752,679.915286852259,68.53975976552223,214.9079232995263,6.911639957838853,0.2898719281298467,1.0698680345263232,2020.0,14.919916773962516
11.320904800926234,198.3488691108592,23.949429233385672,89.84316029646625,25.995940991707045,426.6920097278768,64.1486550036191,231.9330084321552,6.612880761555878,0.2401562419418953,0.7819394202293686,2010.0,16.3119417871309
107.0419874897375,1678.1879113575735,23.602815435206008,87.02849915490191,25.5714990393372,1001.5027379673844,64.63288530118106,252.90591625435752,6.5088066259668285,0.2033412109014684,1.1659483506408188,2012.0,16.306200806477356
89.30809059826801,1136.0952342830687,22.372227564303685,74.17021028714672,27.12835545141712,663.0740348479992,60.43514668643466,218.3809920104856,6.012316986360875,0.2931876574832047,1.1468790879427788,2012.0,16.346920627367645
52.20048398943874,1704.7370256717818,25.054332791152824,88.61190429287832,23.69354088829047,958.1251198325538,65.58139514518507,207.40447098991385,7.151753965967379,0.3363970630852738,1.1200243522663256,2012.0,15.34532582310706
32.77441979339973,686.834445914331,13.172102105861471,72.32732795770953,26.539317394528247,405.9792364576329,34.70439922305697,155.9465831669354,6.832351372666555,0.5093197932209945,1.1770718328987215,2012.0,16.40614224726795
74.14688256668931,4463.583675625485,27.61741518397857,86.34899416982384,24.221359967248247,978.519467659862,57.033925409302014,164.38896181754745,6.2235395813163485,0.1488116580436786,1.252853654329127,2016.0,16.01873477755329
189.15284374337864,3008.6030224148385,27.43687055490464,77.6124658695316,27.216431442662508,557.7656141438438,62.41321934916781,259.33673100886654,7.000912426840968,0.4159381043300522,1.1699766097492386,2010.0,17.141312053951964
71.40855708394349,3427.601363807999,10.584945660691185,87.55948640890139,26.84610245203916,946.1528238133048,48.48985916380493,271.81677028529896,6.251214580807396,0.3973101561015072,0.9471987664105272,2012.0,16.965077096395323
108.57021813123956,3966.9390691759577,26.51633501129525,87.361133802149,22.19368389386621,802.8546135672868,63.8632331781156,188.0944781843973,6.108998253744481,0.2220907260623299,1.2972369583123875,2016.0,15.239827091252812
143.5736021900838,2542.3667747523805,12.577397349468905,86.11850800235243,28.25794634852509,609.212116120671,57.95528779013878,202.3001373626637,6.120148441259857,0.3203235954586031,0.8101256489355153,2012.0,15.555204898726137
79.08962445206586,525.9094116283761,16.70237708518284,85.80060872614123,23.39210966465785,718.5927374146439,77.5547569831549,154.7692812503117,5.614465723455955,0.2542366750662385,0.7899285085431599,2014.0,14.120639363696212
194.6385957169825,2731.822054910884,24.870165125832155,76.09358278196082,27.42417339484344,937.2636913913402,75.73019725214857,258.63784226337225,6.735771190209103,0.3185688580418739,1.3478360989403135,2012.0,17.101647785055896
192.8649860390012,2975.5214783023075,13.215197920966164,71.61838566102504,26.10186194020402,821.1788906230469,55.34194430881837,233.27084118458893,5.584427560830825,0.450913101340455,1.3014040544270713,2020.0,16.544998592446085
57.83863620681919,3752.653423503217,26.35934048238124,78.05960357530323,30.51455103038537,916.8825960944968,58.49162288433305,297.0608718231874,5.885778084367119,0.3605606232631313,1.1885209269851928,2020.0,15.529245992066148
104.47721611955323,2215.131776525429,26.64268355915484,73.47049029973017,24.329602052884443,1195.288116903097,59.26052434391608,156.08384614101303,5.462205995460733,0.3508608373233441,0.9209102990489856,2012.0,15.439503081767702
67.16687886518623,725.1434836982625,20.149354675216724,83.89902177804923,23.952049611645407,487.1516776577897,55.483405238403776,181.09960504908915,6.456965153604553,0.2569690680045357,1.0584178118651848,2018.0,15.170693103990873
64.11969393171884,1490.50193841375,10.127717434336672,76.92199453075571,24.9417411823368,1123.442514993725,61.95024984028127,211.57229612627864,6.424839769864064,0.1515943335075664,1.1474506504626991,2014.0,15.63886875140945
17.008519997361233,1879.103252353312,15.740762663498256,89.5122040171983,24.09046065149717,820.8711875046425,52.4171793111241,232.3244768862885,6.336651893406818,0.2791531789459592,0.8808212062851772,2010.0,15.096602456913244
125.8172234561804,3264.994482524846,22.338538367514843,82.81944154690665,27.39982570582615,620.2431903353744,48.693846650624735,189.2166181226184,5.978711152664712,0.4206608154863915,1.0521942683953531,2012.0,17.35648918156886
105.50901441348368,2896.813692877668,29.62372356054847,86.44961127268722,20.15106817469024,533.9372748522021,66.22711223900268,156.35194547731498,5.91388312328168,0.1472832143410352,1.330466067635336,2010.0,14.234648594787547
19.780962737497976,1844.8739568994465,22.636270540333367,72.65049345483696,21.83895274256093,762.1759218445933,66.29529584221811,244.07037644617856,6.732184931773287,0.1944910631823304,1.4854610728578432,2014.0,15.448917727561405
62.94282820495617,4933.9247190856,15.196071621283195,87.24028964545245,21.79659123526242,984.330022384892,51.95684240340008,236.0567681272791,6.224724034145757,0.3126267736234068,1.1161130494682898,2012.0,14.61616915889263
182.5705183336642,3068.296614848747,22.680114061992228,88.45514381026788,27.85092277592073,774.4901759244932,68.95355430762599,154.18629497181377,6.658179160768072,0.2015345215152737,1.3512976708632196,2018.0,16.996475757173844
55.51675922672476,1262.411279506373,20.79970759431711,79.74123837637872,30.13184011774577,1102.2309860494695,53.68422270834669,267.7721400552748,6.0573756569378885,0.2207476552884787,0.8171879858825064,2016.0,14.35897664147596
37.53002569733239,598.7341158399784,25.59690790302288,82.12505875501955,24.686652344387586,509.7648619896882,62.53165238037981,258.5099354598302,6.590531371385541,0.2576401418271822,1.3318902482227222,2018.0,16.72346849689569
102.99602445273698,849.009782003227,12.139612776539169,85.2961960180599,24.49353483042997,797.5822104307891,68.20344012612456,206.71482486238963,7.151639018658032,0.163438259580985,1.0392103170545035,2018.0,16.079559862163745
197.27358628101413,1305.1928690840898,25.22055805004056,73.49677254520824,25.210156489339543,549.5213111173762,59.66387435296287,203.9798931188018,6.793082900196391,0.2025878153783631,1.261469123341594,2016.0,16.550454798263736
55.99050158718508,887.3387289718228,20.82533157352221,80.05132152926885,28.48563490782457,872.7263765249936,64.54740912141135,227.70288855579537,6.29379309089176,0.3703427916787308,1.150449516352058,2016.0,15.768115626707576
137.70575400711692,1014.1784178513982,29.25984007717989,77.97326055544626,22.21794059742828,977.37747801946,54.83570356112429,156.9148464871871,6.628599485177964,0.1692630217769035,1.4640828019567669,2020.0,16.033509266406522
154.70772691245634,1496.9663265998508,16.837443320773723,72.92747984324498,25.715106948204355,715.8476412637893,58.03533416571903,201.5015739582041,6.379667412734894,0.1402127865505162,1.0251128703320165,2016.0,17.046184009738724
55.15113335855594,949.5306169442988,22.65243786267896,77.35068844583063,27.92559288934729,279.1572286745732,57.94140569119659,92.38082276954098,6.5039400923473645,0.2369975020466105,1.3255212595123662,2012.0,17.02787095995397
148.3611062362533,4494.150580669483,28.64056211020035,71.36344618770987,26.50328250981953,839.7896293592989,52.53421653459761,243.8227822751468,6.337194473925749,0.3731955502509845,1.1440985073406933,2010.0,16.948714318514195
79.87879521665812,493.1453537420469,12.050194559813583,70.51623813898973,25.56874484979623,887.3477103467019,58.23225836884218,121.92533887790702,6.417832397057304,0.280307819200311,1.1683389043980672,2020.0,16.295274810185422
130.1381078127801,2670.105808894248,28.744569744729024,72.70332578309646,28.003138277701424,880.8589509923395,44.51381701136253,275.17099142145,6.606046676537088,0.2535418921884381,1.163229221368158,2020.0,17.03300370480806
130.37064504456998,2110.9444522493413,23.757714446016266,89.26230223178348,16.89030312100229,1047.1564383644309,55.08846252857895,183.49399530167747,6.003320650209025,0.3044358797515606,1.0308653791011777,2010.0,11.688216887352604
111.79718997420412,4913.655222852171,11.356741182103438,80.99059071790035,27.03362595859272,585.7892640701903,57.15124506630329,189.4166509034412,5.992060586505011,0.1254292567140347,1.1971802068186657,2020.0,17.717644105855147
27.15505631033757,648.9906206234565,16.019271338936324,89.3164432230644,23.03777295061773,936.04322109009,57.4382024750462,168.61330469577473,5.805728723084394,0.3494705653775032,1.1874703555756356,2016.0,15.192682611877744
168.70747416195522,2049.492435324134,24.16344177290563,78.64995756660264,19.50810130943063,1038.501502495595,57.58502554129221,185.5980563038962,5.699864447748145,0.3383435031403644,1.2482480496813455,2018.0,14.050911992005174
70.94821234462981,4850.405123049308,11.347012029375437,76.23632266170519,26.53360779857494,444.28248319869664,59.38235800139872,270.9265672574018,5.89135865388976,0.2590691525904278,1.2169010291385725,2014.0,17.076682281558842
45.43851697597231,4340.984916880503,21.643409203525465,80.12283725680489,29.120975635488875,863.9303651837954,64.79441518086064,75.60956717324603,6.579731253402064,0.4005924511796416,1.3595989099224473,2016.0,17.485925705820144
17.747276895405143,4103.653147651472,16.917661139059135,78.7902337726582,24.58765445611693,699.1640337984657,68.74517074132523,263.84826930440937,6.053606242254058,0.1872503901046961,1.3847017232094738,2018.0,16.89138976568549
122.26965920576596,1363.7238525202051,22.41831035534954,72.11329368523488,27.858623641608816,783.6954653796708,53.50234773151733,216.90117405508545,6.756807232115548,0.4127908993253569,0.9898753356344396,2018.0,16.90859529990075
138.7372287500337,937.3491782113224,10.914840676250256,82.81652629380412,29.836834773965936,869.5352967076673,47.96799144610856,139.64891760713925,6.517356874376281,0.3154493665595251,1.373754500118154,2020.0,16.594109632365427
13.15168749629267,3376.351777629712,27.430736123047524,74.32076365019199,28.944743360752145,702.5542871772896,49.57955587756897,146.2343803475381,5.515747893280973,0.2663447410121826,0.9627327145780292,2012.0,15.62855205802322
107.29768107686338,4653.94234672517,29.469779383547937,82.3917590979566,29.91989358811417,664.8583841676776,55.12797078805073,283.81965136041015,6.827487792110845,0.2980126364631688,1.317571177627547,2012.0,16.243433784678533
53.03419728760821,2828.138175768256,29.37755710571383,83.00402184796306,27.22638247321568,806.830483497605,56.48078682183491,152.72465600286344,6.905399322795855,0.2892735234189058,1.3239477569405738,2020.0,17.37282054706205
132.58283017779547,2900.902178402509,24.99303663485849,73.04049706257297,25.22630091670478,582.5508122274395,52.30003933802543,142.33247447020204,6.0030686625825735,0.4220282896417717,0.817736621667499,2020.0,15.512048161727412
43.129621510948375,1471.8975589353925,12.60172480261264,71.22699254221337,20.19410256430849,582.834974222963,47.038833357501055,256.86572711823646,6.710095771447496,0.1923320872528986,1.218595849305882,2010.0,13.709829483439682
141.27817023946852,3870.515372640491,25.16526391858045,85.6152317213688,24.261812535610154,935.8746565913008,55.43879172525812,216.9276438142957,6.071750881295401,0.2237480760853401,1.1063007773279367,2010.0,15.869143679032549
83.4797157971021,1016.5143679318644,10.49173832917603,79.1960084753864,22.470260214051425,570.2411929682688,61.81426620113972,153.10372117318005,6.548835188374167,0.4036302892072479,1.0482469484129249,2014.0,14.95004821603736
187.97869785997955,1686.028258380794,10.442471030579943,71.16327591010952,31.51282815249344,933.2625001818424,65.95029465835565,210.83124877023096,5.867750796522517,0.240446506481614,1.470170466139801,2014.0,16.660821886156192
36.12897938773872,2184.638549220442,16.472204382990824,89.89732634339535,24.47234256270299,892.5182585707903,54.42576946891679,148.71236581798615,5.603446773732712,0.3900533077331591,1.0692641718725162,2014.0,15.866115133943357
74.80260669954912,2587.2908555538297,19.77286380809332,71.15561121992734,25.369614420353457,454.8386542418807,55.87002177856566,255.04106992113023,6.308591405193516,0.4699435983008709,1.03872461417639,2014.0,16.327399336829064
31.559969035711923,1287.807688833893,25.408148356155863,83.90070457717107,26.654456128121403,664.487069532869,50.73301691152689,253.06854824365664,6.438135526862582,0.2598204973058366,1.2151389880010186,2018.0,17.53519495602923
185.69178747292693,662.7004412220973,23.665907532130102,89.67357850526827,25.13080733911736,1038.8218806094744,59.68560829625224,226.60030994109715,6.301160153192698,0.3681362326575305,1.3371179492596832,2018.0,16.83933543325313
176.6944771423864,3092.038207964,18.918054127534965,74.78360208431852,30.08515312129225,603.7668937720637,51.515713658091855,218.0830530623508,5.90798472088872,0.1846307718660141,1.1716702827979746,2010.0,16.557062427026292
59.008909265879566,1514.2897108772534,15.472533325633318,72.84498737374392,23.132051914796644,707.1191475381224,65.731278132412,288.0594062433687,6.300050468934431,0.3754733298067809,1.4332741091338503,2012.0,15.918199062663549
135.396968746494,2948.0672849708003,29.942490003154223,72.42769878844858,25.58382236571173,892.4121786503792,42.14133508065889,199.9843163694113,6.634647376290367,0.3199423985986767,1.306195132392818,2020.0,17.103859301954298
165.27221803823102,856.3773048435913,18.523626044719457,76.06550295135192,22.77258824290585,956.6781018565192,56.40370327547538,140.90629372895995,6.477553484938731,0.3473038282160215,0.7643577360537139,2012.0,14.643686471716048
115.48815420389784,2457.5864990886057,19.02774048659351,72.02091622021294,21.03993246633788,749.6922227911009,63.01107339191742,222.4736956416153,6.591250515299607,0.2354427927964604,1.0941066072985983,2016.0,14.673946241300705
110.63360988764124,2709.6882195027706,13.272476423833384,83.84322683388264,23.164692727284145,680.4979610616717,61.83834516322504,304.3023524768557,6.164942399772883,0.1338916584432827,1.08763158012966,2018.0,15.123168447669986
55.95193527108582,353.93533042989185,25.89619097499859,71.24583596260125,24.888889608854765,1084.4739723397015,86.93033663980496,149.2620253407074,7.08585895735808,0.3503252064749504,1.2958721906858843,2014.0,17.16201766455717
27.68952588312085,1749.3609631502109,23.87364451562977,80.18844256299579,23.71209332644822,1147.7799327595158,63.49800024567907,181.92686166530072,5.91191333172261,0.0936596847520545,0.6750365887251776,2014.0,14.250679467926023
180.4709940111321,758.6319170009738,14.415392255775208,89.93393707705954,22.92273706037843,995.7716101563592,49.959454031579895,220.82230190507264,6.743780148543359,0.2682649507757465,1.7098019417435444,2016.0,16.793611443362767
181.0794308610328,410.537355316562,11.647620912316851,86.27940539012037,20.781047608984498,817.0636285130048,59.04535752910927,197.30475754971303,7.090945546479981,0.3941181866419969,1.306205218978842,2012.0,14.1508492835866
130.2892768819209,4950.805138710732,23.60998604149426,82.30438876462021,24.750683282113915,638.3468556718148,42.23753666533548,150.88482098113428,6.740454046374448,0.3191897735873036,1.2297753607835382,2014.0,16.60955901186801
74.41566029925313,1679.5338403761425,23.090224285622703,76.12507241573223,20.485838877907,633.9111186886869,59.1940025070324,256.09289281152354,6.398737886467585,0.4948342644789813,1.4363135432838292,2012.0,15.137112888787842
76.34981917640557,4068.384784687711,15.465190539964189,82.47791672583277,27.280167891068807,904.5028210531516,51.669439429992416,316.00203610086294,6.23585147666851,0.4025109152581773,1.668730810562525,2020.0,18.50075389635217
147.93157898534548,1347.739208342443,29.017271245008207,80.54082927823303,25.24731925880351,883.6796441777367,69.15390275560162,209.80657295119536,7.018043825523128,0.2346101611674423,1.3741493289176807,2016.0,17.206819487419985
180.45094939098965,3439.363338897253,13.021157835618006,78.52166767780743,20.62734550160521,1080.319718589286,54.504597254044654,154.7965855132,5.788512537369163,0.3027313379851438,1.389762619294324,2012.0,15.975483867270064
178.54642061037228,3825.116513459464,18.64669602085204,72.614207534804,24.07237276885041,930.0900185072278,58.832340842047536,122.55197374732624,6.014937869810178,0.2952629297455564,1.2261380048928765,2020.0,16.54530932655367
158.17635371294853,3018.6298289784368,28.872318403351976,87.73208430480933,22.74353078322825,499.3839396480364,53.64442158595597,212.89879906105904,6.30122111725414,0.1417823236653872,1.1716948493266104,2012.0,14.726009938421626
131.98601276931467,2410.723323895776,18.39454633852245,78.99569297642645,25.957523531257543,1010.3895235445837,77.38851351853332,255.1938671658129,7.118826878755999,0.2059601083515646,1.1048409111990196,2012.0,17.098065220549017
25.98659334905928,2118.020479321616,22.77051895328171,73.8924502364153,29.02135133806944,600.3878745371175,56.78757233882088,223.75838732476907,6.689883818020448,0.2439239093020139,1.0347776016570915,2014.0,15.475067573251131
40.70945567797662,1809.454506060677,17.951887959255885,77.35518701754579,19.374482591062765,723.2057456095297,78.32557043479201,199.8798079540573,6.015977120744878,0.0963779497144063,1.0625971800601004,2010.0,12.00622780921362
180.72529582014505,4654.692806814347,15.4843040469734,78.28259505057854,25.34507823744225,850.0400412503388,68.14151762118266,170.53641741053468,6.344846147307548,0.3047493468251643,0.9298888071314032,2018.0,15.79405669930902
125.22152133532208,4170.035098159873,29.679552959196563,86.55075791133748,24.51960161330008,1199.1334979567928,64.82066727335386,145.3918183640955,6.192838427951853,0.2750928155346959,1.1848257098629953,2012.0,16.919211919258938
11.747439807159632,4828.631862265912,18.18668012630086,84.67228761122804,27.014020229351395,1421.9837112010723,63.6873314731752,241.7375663162441,6.145105503883232,0.1327106098688425,0.8630664845547226,2012.0,17.209962007643675
29.2795931445461,709.0563950791692,27.88198407358269,85.3860978728268,25.639589884713068,921.3446118272366,63.93797298216251,245.68858106927928,6.98944477927839,0.3404212865277332,1.238183304828742,2012.0,17.053776769210717
136.0653361305306,3681.2506284978567,14.599092117821725,70.22062528857295,22.744092004783543,763.3606762559224,40.7232742065439,122.71351066546336,5.814128435368247,0.3715872744690959,1.1927338783915316,2010.0,15.038900142768776
10.96170093078155,4697.868238423085,14.262094080501663,78.32307996359523,24.042838193000147,906.90112969611,57.21116605849244,279.4919489090342,7.304390427867187,0.3227034478864888,1.2293870596773375,2020.0,16.26692060097559
40.55352976932474,988.0420242117348,10.622681657690228,79.62688303270647,22.611922429589534,977.5310851747672,68.45157971184321,228.70356104470005,6.914114845092311,0.2675931824791029,1.0955736859960017,2016.0,14.876030638728311
114.25941997965135,425.83171009720974,23.033336507517703,70.38384553646114,28.228021415795794,735.8664748885617,59.51102816525894,269.9797322572897,7.045430835301849,0.3591442151751854,1.8153720740361008,2014.0,18.420989827378104
141.46008756161172,3731.4911815212895,17.370526874475225,75.19626417490069,25.063934946015827,1159.0422711824644,45.94810153196425,132.89361257574424,6.268530243987371,0.3680220360476691,1.4720231800360626,2010.0,17.836454802511312
133.8726393054941,2914.9182545815684,27.28716499679274,85.2057964624427,30.703572057259024,846.0141518382804,59.4759554942253,131.70879222922804,6.425029640460445,0.3307403569719688,0.9510914999830554,2020.0,14.629479820170728
52.61116879750636,4224.961006115533,19.464198133831143,72.74219411457999,24.81801755855614,899.5486178182789,77.04105516255491,192.5515345116352,5.783424092737644,0.2175387749565239,1.2465736174853796,2012.0,16.95944370145195
145.3140520560318,784.8846454688186,29.363868558294435,80.70620262905183,22.87477969926861,933.1848504108924,72.4689171553472,225.1392213447597,6.237668796466599,0.327660076551118,1.0783987714125352,2020.0,14.808985719250742
55.077326624392015,3996.809828113462,13.710510314062423,74.30403744034476,20.45885682216152,884.3173221228911,59.379959906339685,289.8180411463481,6.746827423821576,0.4195480650825479,0.9971040546585171,2010.0,14.397864285834622
71.82594265026087,1087.9738682339482,27.372463359112217,70.24241549287787,19.590580971232164,967.7881000939224,69.51449277058086,235.30394569075656,7.148031530890698,0.2403370941388269,0.931985585775213,2010.0,12.322108706865244
151.8333669724246,901.914120041952,25.531937055834835,74.82402915199083,20.24759217098353,676.5493626906153,56.33492979631948,187.8659361593984,5.946421591598774,0.5097939339132431,1.2864433381518507,2010.0,13.871038112341736
133.4302508189708,904.9024098618654,25.41843689288104,89.51747509820107,25.80137995303445,688.3396492107939,42.96128413173281,148.68153961670538,6.317247031507367,0.2474369066014615,1.0637239529860851,2016.0,16.305050601483668
171.3524479938938,4091.416129133772,26.89566456233776,86.0307422376598,26.526175069689803,579.969153405661,50.75534011870445,261.5000286359575,6.424350389883739,0.3032407013340136,1.3935652048050409,2018.0,16.882153249347063
134.94644953706523,3359.466381411381,25.22047981885997,89.19153288642067,20.2564278939036,887.9002461240452,75.62888768508198,151.76472871246426,5.802105398903757,0.2327514403993663,1.3987564429060877,2014.0,13.651248917017616
117.9786346337396,2663.020581368685,22.524406432628307,79.75708087852725,27.685114942228346,955.7873007024228,57.26006918170696,281.42342773861606,6.7956746208792005,0.322327083592026,1.47478287704229,2016.0,17.173943033529426
27.79820588733757,1858.2693722051624,12.624897553647752,72.19472397355007,23.550816844949683,891.5545732303772,57.56616020624982,185.78076751967453,6.138004834128696,0.1257778307364724,1.0295226467851792,2016.0,15.103762507998129
79.86600258129236,4398.28264998423,10.650523589825038,80.95918977947386,25.44037903595665,1134.8984866695075,57.00161803725119,279.5291036308925,6.402304824411488,0.2453958201183278,1.295073122138402,2018.0,16.95268427510769
60.38844985952784,2022.9810263709128,28.416956956313737,79.08754669119922,29.836661884766272,798.8807962341907,79.04136589573007,233.94656450296392,6.274025314044061,0.1907878799651432,1.32649084332846,2016.0,16.51389369858907
56.35803224202588,4101.337253410728,22.33300629041476,86.88714165479232,27.6905179475966,933.7483311185024,76.25958915362062,193.1502255278771,6.1053307471401626,0.3135338347892291,1.105164364979207,2010.0,16.764932860876186
194.87200540296465,2251.7610519940704,25.930745819523526,71.96165161568489,24.1944080562825,581.6598247721372,82.18780233448135,174.03018140869366,6.496477507259723,0.3994447375508907,1.045645608521425,2010.0,15.58661136941872
84.68856768668448,1947.027704182047,19.630447030251,79.76482274043556,22.32642332375414,722.5800595051198,58.40954789599949,182.954606132696,6.392195210715989,0.3646006187114551,1.5219041331551946,2020.0,15.83786951936934
179.48884548365152,2367.130949781072,12.34616377924789,73.00097329387968,18.544553796012085,939.1075515131556,62.95624488747095,221.41583461876183,6.314071058860668,0.0628340639141107,1.2454991751464106,2012.0,13.670343747039208
129.91633893947994,1576.7515834042963,12.503715844051008,76.4935185378012,22.84254004227273,969.8204221486288,44.833574505792086,203.85782481088583,6.135769189159829,0.5042069652927881,1.3271935501423475,2016.0,16.028502841692273
161.0141476729132,3763.285962863631,23.711305744579427,84.74714154775599,24.366609283516915,741.2066104671635,74.76934426118274,170.30942959656474,6.659762335391478,0.3295279940620868,1.0355847976344146,2012.0,15.455864630905555
105.5010476899865,2563.329911453148,18.60611789798925,79.52036258737533,22.038461418546447,785.6801496283866,48.32220448732065,191.7184294841184,7.3268086342461425,0.2223500859506999,0.9561431066955612,2014.0,14.41513666308022
119.61173807900823,1237.8422062194047,14.010494534006735,77.51776570291538,24.606229098723087,496.4252506638381,62.16775563762629,203.9288514859575,6.569943616419564,0.315712791899094,1.086110045101578,2010.0,15.683756410552345
103.57836182558414,4507.915409045386,19.83189093482874,77.88952557140071,25.230555648876305,728.5941598386781,49.02697472367156,93.5632952792594,6.998059107455564,0.3176189822502692,1.1751957225220004,2020.0,15.823372289782384
47.09616768162846,1981.066984728736,11.284178741502682,79.18893536811973,24.325432054575764,978.0766327039572,54.11133173261304,222.90840573943493,5.804889037423269,0.2333151283048436,0.98715599863653,2014.0,15.877213332832104
147.265901899686,2763.409019458544,21.63942803828797,85.70033087674113,23.04999225752962,915.0410032213132,51.627375689503,151.01393876415966,6.578880719646885,0.3197916667342075,1.1980310382699233,2020.0,15.122379226223734
63.3467488637626,4541.71334372628,15.379868088701954,87.84169377880468,25.505964015900183,900.133144276242,53.92124739324182,142.33337983971273,5.951315840514467,0.2392527712379692,0.8622989623863,2018.0,16.057461734876195
14.62003362197623,3158.766179978561,25.951182012743764,89.10669373007856,26.325821948708228,809.954737436192,54.608772968510216,115.63278264446448,5.76153753623405,0.2595638007309977,0.9759905155060256,2010.0,16.544475124693474
132.63973622236188,672.800399470984,16.207239178471475,85.7380677251059,21.72880276767146,801.4126317256353,54.517312050749226,110.30537510660548,6.130314296270482,0.2313720864244915,1.334182249655375,2014.0,15.15370426188526
43.651029087339296,4705.177405706028,19.104402981636024,76.30813791496026,29.23279713923881,667.9357721053105,68.33333911780306,132.22762484438556,7.095949667206787,0.1567328710260347,1.3207581040555787,2018.0,15.86225269320902
188.6871310270537,3175.769460049948,10.232410798162013,83.76269412173085,24.70423560314721,939.7656840405068,48.9513720693748,164.54895211847548,6.975007914334823,0.3145836470215384,1.1216246469226268,2014.0,16.70879623892347
191.2464296304916,1741.037511819722,11.448937755891178,78.75206248110784,25.056548868834543,884.194588877878,62.20541427013867,297.6629568763284,6.6215023610272,0.3585299436516338,0.9964471381846094,2020.0,15.726048139980614
183.82423414188523,782.4331560505975,17.849871128133696,75.09341244092103,27.12464326976967,898.4037695985598,72.17959152305559,173.7060162052398,5.733649720055035,0.3514883596076372,0.9945192896947976,2018.0,17.034423176901214
80.33015304853444,3990.72342742445,19.59877669434247,86.81743158851845,25.699648393790504,694.793031466484,54.86803635486604,208.8875053134016,6.401859674306031,0.3819925252635234,1.1253463508117372,2018.0,16.458190812568745
12.936757140484811,3138.356504049716,22.00041096238608,70.7685269792465,27.85940990173973,369.3314160257512,52.82081109252398,220.02406932531645,6.650850004450867,0.3324340210014868,1.3289036983290583,2010.0,17.09616457630265
186.3805268916678,2713.959350683976,15.833251574186065,88.03523984270848,25.861372495605472,1019.4305423507392,57.69475374819749,206.55325931079244,6.587768114789299,0.2467274501783096,1.385649138268865,2012.0,17.572529014908426
91.35498818028972,4480.073656949692,23.89963772253085,79.22954929249468,23.162687876078685,704.2325087983191,71.7972520836071,196.1278269637004,5.578103208259627,0.3839663864431188,1.1006936529036062,2020.0,15.175746813646228
193.66441561829723,3964.126335000201,27.20244794378409,82.74402953616561,26.084510575618303,627.4448471913759,61.94107630953358,140.23531182003777,6.054841075990064,0.1642482460158064,0.9693015148030432,2020.0,16.094340655024517
193.08779564695803,843.2069106904808,25.597019777867,83.18707844411566,21.568821378038017,938.6957823827988,54.68785705392401,272.5463774139606,6.4679611179256415,0.2099328617487519,1.2535687275732663,2018.0,14.898469361247065
172.07179653879842,1627.4381321981864,10.792376506967145,87.90235481413073,25.32567911732957,721.597472016174,64.8387665118804,290.35983218189426,6.768145454758595,0.2035799928576755,1.03529300587483,2018.0,16.22818342760443
65.94528949322128,1317.596785090882,19.61013894515657,82.73339364334414,24.900310028066617,1011.9872768093244,48.977078501635766,115.8670652938657,5.401936089450027,0.408005605913931,1.0963494722277596,2010.0,16.343126012143635
83.1685684343658,3745.336833606117,12.098603568363496,82.27867169520124,24.37564942818238,923.4011899153396,66.81359510442948,148.79857045568102,6.418938012260071,0.3942788514140075,1.4650552180874077,2012.0,16.969693729417124
171.7159675882028,264.308930205319,14.840900317250547,71.3330408112138,24.61438746568321,936.7138646400956,64.08607307701767,186.0094828811497,6.571524384939476,0.3487305237044995,1.3654230857131535,2020.0,17.02652333176288
70.21518097969275,2892.459455869451,29.73325186534293,80.36816043890408,19.354452863507085,526.8088577598932,56.92191528861116,151.77311025449043,6.924805994258106,0.4071929865211797,1.2315948624502904,2016.0,13.413106640431138
42.20362187035757,3836.047560129384,12.849910858030263,73.00338001634083,23.35382527677712,1042.38879707728,51.61414201552769,225.2982776727933,6.846428792118719,0.2120717217588011,0.9456161997774554,2016.0,15.820671308950418
115.79223986708654,4396.151620132572,19.97776306902712,84.74867537442971,25.278534703423343,852.2501062467712,51.133190777165424,163.58638987966935,6.791285659404402,0.334859511986098,1.2422793134941317,2012.0,17.301240777895885
187.8694070905484,1776.2005687079466,22.36311468636238,80.24443841625349,25.4795691759922,726.1445721507594,65.3481733634591,308.2528033903301,6.1000297466490325,0.2874825571616836,1.4125314581575052,2014.0,17.57281398926156
142.24566136824487,4124.160792892862,24.04929941088208,83.60455558416706,21.916974577222128,828.6776934684502,72.28980502489063,259.5274297171798,5.545998931438346,0.3846882103884914,1.1248732668468928,2010.0,13.887945969004305
118.31162231697934,642.0955110805154,21.192973669738283,70.83345801204769,28.797123522594102,444.752953420336,53.62692252971205,210.6287015316108,6.3034736214693,0.2884775767447802,1.470222817997343,2012.0,17.432415529605105
28.46353381644602,4247.616229499139,10.195416948383674,71.69584032091606,22.401475455356497,881.7305622961342,64.58386703551484,251.34931316598664,7.00081591260428,0.2615057111589918,1.4585490579036413,2016.0,15.794422293162803
126.85137307284224,724.6944454267139,16.529226164879837,84.32646776125364,27.90837160158021,594.1256983635857,39.12972981397931,255.29502121786544,7.196727263762216,0.354090851856099,1.5327465664286946,2018.0,17.490231885277673
198.11023151981,2046.7077237457995,20.35423286769423,71.44168671997346,26.28158308561505,529.4659428312931,54.153822693428005,171.80262559708785,6.855274551148892,0.3876169167191233,1.2610486253062705,2016.0,16.990885375736926
36.61596289493957,4006.747292319813,11.757329982896668,71.42513455530518,23.06131807046859,495.52816275642175,59.68941067129098,159.18913777290174,6.714670411400867,0.2331654805153198,1.3174783399612024,2018.0,15.334171426648703
108.48263394910998,834.5953940089915,17.012538624183616,70.24216950469776,30.325932677828536,1022.537674997985,50.90316583018166,203.9071531484824,6.689819824192983,0.2938924328647623,1.482837457666218,2010.0,16.89728234158738
176.70088366631154,1223.3318366399433,10.66406217582733,89.1300279659896,21.41908950473056,674.1473212614422,50.63493625210404,243.0818062248972,6.22194062661961,0.1941559366358347,1.2894787874137952,2018.0,15.494037668136531
150.74603737329883,3639.0375851260246,11.571569943100414,84.75016718918013,27.757462520830003,1106.7455419833,53.322204435311136,206.95301993267088,6.43496985322319,0.050193898250706,1.0997531784419574,2012.0,17.193638008386902
142.43299078910093,3628.179029075765,17.93846552403192,77.06502817004129,28.001746954128933,692.8397073895404,62.92192728326373,121.15017589045014,7.334534762913165,0.3200459631413729,1.1102914326944278,2018.0,17.712146800290466
143.47197595755077,3241.623401137957,12.654315080861206,75.9307116257531,22.988139372770064,458.5284084814107,58.12670981593625,159.8587778024579,6.028720997104061,0.3608905356254632,1.247710990754748,2014.0,14.799169050211678
78.30331873175348,3500.34737788879,21.35081696523116,76.99406459491699,29.177395900192987,576.6951120102682,37.61768766675028,196.3013568202811,7.307389395354925,0.3262066809086725,0.941887715610756,2012.0,15.26522935975224
65.78245041025374,2759.3497724032213,23.78929938274532,85.49307062362364,24.24986045620314,1047.1623240013878,38.79299847364933,196.2167197837085,6.338985922753971,0.1050438282245632,1.1713482169271614,2010.0,15.680629731546686
163.7786195409176,1333.8153886440684,26.011733982181656,83.22741222140829,25.866080887839573,768.8203644126665,53.93134822142824,298.6271088394904,7.16271605454754,0.2649150569923525,1.4193094236460508,2012.0,17.99024418636695
163.92154498904435,1793.9103681692052,14.0030048848962,73.70391135734936,25.780965516313664,690.3425407018798,64.57686586053552,130.7006028800501,5.796592495251231,0.0781652239948918,0.7617492297669437,2014.0,15.363647320947
174.7437405302197,989.8288123269858,13.349651645181396,73.48218670668169,24.59707377558836,832.0036451705575,32.52495157274765,225.27946209179373,6.792952100582324,0.4369701107654185,1.506896420358903,2010.0,17.227834085530013
183.5157049857296,4551.407750534779,12.091356806688005,71.96791299426795,27.432424819479348,900.356547233509,55.002698238483696,274.45565541641446,6.131614932026189,0.1913945417881913,1.4244748437406318,2016.0,18.17082895316485
107.15505578357818,2958.61979435399,22.72860499087273,83.20605439402676,27.38046616165664,1023.4797631804922,54.73752143482579,313.57248727113983,5.792366404037907,0.4255403609459896,1.1080470768339046,2014.0,16.46138451473089
105.28809599056792,2064.171942141836,24.129514529738024,85.28745324443472,19.754404080285457,1089.6998459785852,73.88337778208448,179.78012884080192,6.609267021205473,0.3945869643684145,1.3086781655743618,2010.0,13.99057688997525
161.6760840036873,2363.8284378562503,10.63172289651284,75.30092856650008,28.913020728634457,728.0462708421828,56.149781882871366,224.57147263601,7.004735894297984,0.2099409647463938,1.2006295453812652,2018.0,16.835503161642606
133.4931468477754,4741.688364097895,28.7242449248738,70.41889922061826,20.012524035892977,534.7904627835924,63.82988984740928,228.4880178599324,6.077529280703252,0.1867215048732254,1.4459980736877367,2012.0,14.338937263919968
143.37370667896363,851.421875268793,11.039425673029449,71.64343334952855,28.097638613024973,717.3069677753448,61.41257140087463,209.7740865776645,5.7504920197708,0.3350370216386338,1.3965366285539882,2010.0,16.74225617863214
161.2006071928592,2972.5261768823066,20.82592670602141,89.3572006969006,28.38011541048275,852.0561013165773,38.694335201928,195.0577399380347,6.454077617832523,0.2155675962816928,0.9199858553633982,2012.0,15.549817146301752
179.1010149453376,2578.8545265338835,24.18121038901833,75.9088955495484,21.727100709354406,607.2482147578778,67.68207216631737,221.7987694750023,6.45628233561141,0.3102484642158207,1.317452482692835,2018.0,14.944299867216753
74.2190798017918,3096.1257536297744,27.41938247492171,85.38446295676268,23.767557136136247,608.5698170209914,62.15396505456288,73.38769573901574,6.774159813777249,0.2517172409193081,1.1588744292713504,2010.0,15.670533990646344
81.36076100158937,188.73990072211848,24.28173864264856,82.49327137708528,21.6828859945422,868.7575763099771,65.0826863967459,234.1034745031316,6.974797285682244,0.1218841585534366,1.21656651410362,2016.0,14.810320246125736
27.85656856976511,4373.407153826342,26.03456166139584,77.63879279305792,24.3552369091338,790.2695296859098,99.26237706436326,206.3088951830984,6.470292409363753,0.076953198087554,1.054365619806037,2014.0,15.411135989082185
119.87322678927306,4667.379584169701,16.78900385085612,74.1137452439111,24.075897147442777,806.5593990823173,39.15887060501412,188.8762551610868,7.427751657397131,0.3226684248494597,1.549627413824167,2010.0,17.385179950366208
16.829032021380996,2869.152599587124,26.296502274930244,72.42772836318812,27.33898159680802,648.3009330599862,77.24696649761108,302.3431097859779,6.612117372267646,0.2438442253669374,1.408012363980515,2018.0,17.76224229213677
98.46362344516744,3513.589036996772,11.602296927693503,82.30025936077733,28.930926238358825,753.9198571588465,57.12552480599644,166.2532990604724,6.32678674699655,0.2446910183085867,1.0520457672054064,2010.0,16.076002670099516
113.10248059443956,4620.246967768749,27.89633312121056,85.49267561275576,29.18705143236987,615.1533711463392,62.873289044030095,179.84620054674846,5.694216320448586,0.3695863839093785,0.9330778786179534,2012.0,15.227386877172089
64.44283790437404,3565.469308135653,20.95184752307473,82.8780850708226,23.31349592026509,978.0396822249572,59.54487754698758,299.5776651102367,6.368670239841916,0.4173442276632444,1.1228654738044304,2020.0,16.020136360131907
122.25831950811204,847.4413102798806,26.34595539924988,80.60604266498316,24.372334378766418,1007.0498669447504,55.757636666019565,158.39693475750715,6.331806527294432,0.272745527863819,1.2869005292182611,2010.0,16.293036281733148
15.795047488419392,2923.8129648173845,19.046365690366,70.83902446863273,19.94968542333715,430.7624275523812,54.30167071761241,172.49423585317305,6.980152398140735,0.2659401293090138,1.2480411687892443,2016.0,13.921148335694566
17.09615586235074,3072.903727275994,22.871553903930497,89.36977555188767,22.582389800511432,614.097827961518,63.29508735573009,192.6487288284575,6.731241812033427,0.3500143033113884,1.4506265649536487,2010.0,16.30271350315202
166.29410652533508,2178.240289381692,20.528053218722263,85.97428383309149,27.894554899292373,500.6941489819842,44.82826303328321,242.03672410647744,5.910315439183691,0.1643064430300424,1.3579839444361703,2014.0,17.438968947679104
78.43622186813995,3708.576754561142,24.63179043510664,75.85644073401929,29.84674847064469,669.9952131186203,67.50579167521765,210.3901253676657,6.586127193205519,0.3223153054747697,1.3939138051505813,2010.0,16.628401143951837
34.14149740385811,4678.398372368173,11.632599640611792,89.59940658717701,21.29695338436024,783.3124060419278,55.83805595114746,135.36873264238687,6.835765585864527,0.3551885971822154,1.2653710801220874,2020.0,13.968452691204504
109.22621941041282,4635.285713243204,11.207041679811276,82.03763179272644,23.22260722254132,510.070956060294,48.69930660959642,173.39157184364052,7.264015679693916,0.3680230208417629,0.922140253957802,2012.0,14.854006756245736
156.29877508873605,2309.112919880248,14.942064680202929,81.64845316414493,24.92078272912321,615.6280373749373,55.49987142004186,169.63227833938942,6.943751983707029,0.1063247297497534,1.1608602937706196,2010.0,16.21145823690884
51.0059952244002,654.8664246197008,13.190893602263769,84.96146358859065,25.84048347645882,599.2085255837003,72.57149216862572,196.1389477388477,6.880423327155739,0.2238644730191059,1.4120179479817332,2016.0,17.61260503367711
128.34919040561005,4925.721874915439,27.43567133184404,86.23539576180275,22.571189440235063,841.4534658797888,54.64664912983777,221.29218293149145,6.530042997307582,0.2121736747176533,1.1896954142950706,2018.0,15.264547568702191
26.21601834881592,4210.600623585077,14.384279747160884,83.12957214663005,26.272183133392268,813.86886740725,63.5845361820962,220.9102877943986,6.694156002711725,0.3099886954409213,1.3006180737247492,2010.0,17.139830311984134
19.819527022035462,710.8471378960076,29.517305116382627,72.561914927324,23.57848195878725,655.6524893325493,52.69043724284526,111.1994122975799,7.124752450353079,0.3480744579767983,1.1362503369507733,2010.0,15.817975852598805
110.95737999794812,4612.125224825124,16.737915835422136,76.76535011988997,24.956643187365163,835.3641744278796,67.57921849923619,253.1970493780428,5.833611301260175,0.4496710407445981,0.994037630291631,2014.0,15.873830798840592
112.72067310592024,4362.492174104428,13.642358313773986,88.56167280652099,26.6388527440111,690.6639830825469,66.85507738790204,212.6284422998312,6.325280336391522,0.2505034519631927,1.175331187190778,2016.0,16.60593093039374
131.11168128465926,2642.306479917753,25.79397014284958,74.49231223687704,25.01926680943281,745.6689779347894,78.48608833296412,269.2266023796953,6.11371562562188,0.2502427501690786,1.2618094886065307,2020.0,17.11673632424838
147.9573534073057,2997.249635150153,23.17415551001752,77.44334047675027,23.69084232842029,1134.690418059707,58.24436054500784,222.2099163645336,6.689576559363062,0.4149672018878747,1.0688624561077111,2018.0,14.933692874002176
195.4118950978816,2055.1132489636384,19.96391432906278,78.64153765888392,24.67117058822251,1068.0922103580697,66.68654804757907,255.0661478867881,7.115111087825394,0.3296576938530305,1.1528577510286662,2012.0,16.5817671250407
108.0970661772271,368.3320302279535,21.107271018752627,78.78809979388905,24.734911122383995,540.0837526144805,60.98067539538945,223.32726557250635,6.201512856639463,0.4267651511187973,1.0121073516028034,2010.0,16.214583825818284
71.36172985883672,1742.4664840649143,24.38403556544528,82.25879164989051,23.889966910353618,965.9464835758348,72.95871781863015,267.3112878101374,5.304847816265281,0.3288728003009836,1.4238489835128192,2020.0,16.160390824760295
161.0853770060537,4033.981898130256,14.569094826625976,88.86151675489415,24.22361181199869,962.2793108983184,52.8116761239127,226.1125318008889,6.293889627487765,0.1842883381286729,1.1411088484823932,2018.0,15.8709394611107
61.4581277397941,122.696912722554,29.92667832113484,74.8138542366501,29.79594151151415,570.3473422494764,67.45005312877281,195.1042376778548,6.956736866008703,0.1666871645222193,1.4905511090252366,2012.0,16.715442209764753
93.40456993407086,1734.1459412866066,29.495863242935663,72.43002752601836,26.68275834382372,963.7555287509722,58.05302703883319,313.62173602234407,6.76881495147494,0.144848775094107,1.5057495701081818,2020.0,18.17574163166444
24.90671245503053,2051.026598595622,23.00651372693874,73.94940979719874,24.11355904591252,1107.5863836825106,59.35811822891503,244.4518561139946,6.714093123905288,0.3662051834758473,1.183790807055651,2016.0,16.78328183968944
14.816641248936929,2733.238454395822,13.990849018582905,87.73849800418539,27.09086321353221,575.4910387511172,60.91752484448373,228.68722105022067,6.36000334906276,0.4188596823087008,0.99831025349053,2016.0,16.241808020039088
192.90319878880567,4607.292520422527,23.604564848625827,82.91621625310412,23.99854153073197,616.4994357971473,62.52240396426677,136.1847791730832,5.860484631890107,0.4849362141386381,0.7828204244533326,2018.0,14.471704995093242
168.83622289731912,1797.09537239321,11.443968179583518,75.7181357847832,28.519373912759924,1003.5322933687004,58.83770956878042,135.5846191268231,6.757647160812233,0.384310533232324,0.9055925853946416,2012.0,16.459832716680143
142.2350991578026,1800.0706892915157,10.613050044116122,86.31893877937235,26.10892657659428,854.2990621651296,62.14713183170527,214.63577410709263,6.082859094982688,0.4162838577534986,0.925233035020268,2016.0,16.042702486888338
87.70105943871128,3713.7561157377672,15.153657770224276,87.22739992726872,24.678093567987315,910.2952550479048,75.78118057562185,207.27605988841205,7.592048366690227,0.2419983667346315,1.475693925492301,2018.0,16.75593477614312
42.9259208134607,2315.8679103600552,19.252459134786328,86.93028677380556,26.343150777430832,868.1178432800994,69.85449685615218,169.29387174958418,6.785253604177258,0.1843584183256143,1.2231649174453891,2016.0,17.293523151071522
39.72303810750635,1200.5636324059117,27.36545010816761,88.37853067279109,20.287371543794503,878.1391841856289,68.69154592496896,207.049134980603,6.209675848723024,0.3850079332417553,1.2779209048183977,2016.0,14.6509603767095
57.54615065127311,2316.953629050198,24.54338139532616,75.04482040346723,21.619697593270583,534.7055743377834,55.444604739761296,279.43134640217977,6.1943073763056855,0.34176807522394,0.7559157982129747,2020.0,13.13434203295001
114.35306629416289,790.1993998610193,24.85413042399962,85.10083857492556,21.41822498080284,1009.4635413242896,51.10759171771676,234.7701237275149,6.453527896693206,0.3107444374340892,0.9604067141565475,2020.0,14.215865405723791
145.77322531301184,964.2962338804942,18.50986668896151,79.2107899454828,25.42882928429112,1033.9179984855548,69.55300558237752,142.94957451236309,6.380249038989125,0.3387371480632989,1.3774159552892573,2016.0,16.70958366977773
135.43750157636896,2542.0020864234507,16.91869985093926,86.83997105780122,30.197544998455275,754.1218511863945,68.76046792529795,194.4245586428528,7.058416887764977,0.3323185482458206,1.2573548224765172,2014.0,15.446529875309034
63.18744041972914,2152.7347025722847,17.420775259692054,84.56981354323227,31.6939004385779,791.3046100372275,74.72670675750982,159.75167595737196,6.593208084872023,0.4283816859853561,1.1705589442628803,2020.0,14.805213945413533
191.42440332600688,4582.74491523369,29.75299127472116,85.5289489299945,26.91415330432228,493.7784994888556,53.9601937403077,180.615004179572,6.134184130545736,0.4294985584816956,1.3129684717200245,2012.0,17.82950043511344
150.20041417219602,1875.7301056715023,10.80218382824965,83.12323675362143,26.50253342483337,902.850951203567,57.70451344639653,179.31921671851785,7.445220342577891,0.3544220352340347,1.527159561227163,2018.0,18.49848496897363
115.32726997716613,2944.8829163624127,27.34062992244897,73.54857538939413,19.596826797541784,914.4114883428288,43.605158374745656,176.11772086979974,6.524654165760111,0.3845802872562928,1.15579150729259,2018.0,13.158746097002568
126.22694178452691,3198.0950108056986,21.57350817144787,80.90053837793877,23.37197860079793,787.5617966001378,56.07528893939127,137.24323140133026,6.884419837984448,0.3514062552424776,1.2138739605316138,2012.0,15.932404182526897
89.72401186128009,164.1628372828348,18.77230838379181,89.69339479049016,22.636648744275284,1024.8706719741006,69.96570510579447,193.6172659240905,6.195886746277621,0.253883026796538,1.238519383746261,2012.0,15.510433608339977
57.06888800521992,3351.333122881882,24.50515320830273,88.74776132994238,23.13745720524665,733.1845538040119,55.33504620771802,171.9696181576345,6.681557813872262,0.375656467491314,1.6784219270547984,2012.0,16.5455863275288
77.6348089437397,972.376237661782,19.733378828494057,70.86347471594023,24.495568544245632,912.92118517872,66.40479795200824,53.527565499886606,6.655554995571598,0.1605504931140738,0.7801287471161948,2012.0,14.419663646733689
153.99076098823014,4809.24455560033,27.46846476163321,73.29629631458874,23.58372826690862,596.067132261577,58.094968940021886,302.64860122508315,5.555175353951924,0.4053891552295883,1.3366446029577617,2010.0,16.132154057193958
12.734762839653616,828.4473659902535,28.01403728022517,72.63457546909123,19.06210056887264,795.2895698251524,63.24057028221561,254.4384827108336,7.50763755523032,0.1805477060233964,1.1770395502481872,2018.0,13.89611005277712
32.05380169631408,2131.658206262417,18.434418537469107,84.51959819970591,27.2437307683526,765.1291484194328,48.523086101843326,181.1849637537502,7.145322230461273,0.3285803286794733,1.313354345236836,2010.0,17.638458283213165
18.740501984133022,518.2133735853549,15.536555944701032,86.3557065971389,21.78177092278058,845.0615844081883,60.85209449633901,200.94095248703,6.301402341927006,0.215484604157384,1.0685254892010552,2016.0,14.060518222994236
17.738472440604326,4984.683834045142,21.847006571867244,74.27022732621344,25.71774059233345,726.0946142333282,30.088640290992767,141.4172826341219,5.948865129772072,0.3553388983074427,1.19020699382831,2016.0,15.972720208513216
172.53751096209135,2560.7555506230888,28.24726691233382,80.11705385903659,31.22224800924992,773.7054808656665,58.13103841838015,284.78614389054326,6.673780806901776,0.2966074774072091,1.342282115893099,2018.0,16.337000874156047
143.6949932822045,3017.3865848682144,14.21324378011333,86.814060560224,22.241846225240728,965.2094342883012,43.6952675628486,294.8644347386556,6.543348849707198,0.1405244041836667,1.822582040208768,2016.0,17.391493251089894
100.09302752659178,428.6747392032947,22.459331671269656,84.65603089532502,17.40913743176101,712.6471525523565,72.05994516546816,207.83468641232625,6.677834474281615,0.3420699631018479,1.3616072378804145,2012.0,13.195280030051332
28.58849052369028,3774.806304955971,22.63120440185041,80.84474410983697,24.14198733435967,478.68457985226416,67.77407352764511,251.17653220926724,6.595788698097045,0.2422079223167289,1.0303868803938985,2010.0,15.94482572720862
103.40701627219816,1128.53740616837,24.66226044830562,81.80695380917545,28.302878904995712,1149.916780841084,64.66670981966081,208.7643389466962,6.753120494652963,0.3881146720813369,1.1152480635954594,2012.0,16.743839090526393
99.95963644830748,4500.466018259497,12.631353702545196,80.1672109383256,30.87504236266178,1076.2908157380973,75.2100622715938,133.16372805620347,7.223652849695903,0.3001325688734407,1.1093171783232292,2016.0,15.108531899686962
42.90835528290288,1105.184238361835,24.31649929364177,75.95096902637641,21.31135121664275,541.5474609788762,50.51083479175163,179.40883155181714,6.784051602564323,0.3395420985388038,0.840871365473997,2020.0,13.616961587155
92.43181335521489,1034.3698312519662,28.18065041331282,81.30043985718032,26.490097669709566,937.9415610490388,77.47363197915558,206.59639833859785,5.97517225054503,0.2042431044984788,1.1339819616597124,2010.0,16.69028107374642
85.71589953550095,279.0933724556649,13.59366217740484,83.7777060410018,23.60406862965984,699.4050458897314,69.32191564260384,177.27261406282778,7.181281426356226,0.2410667768572638,1.346565816364349,2012.0,15.723234655137588
127.01151862992111,2413.128031038996,14.750866498477553,87.46645831721615,24.682154937087592,852.6974430662119,57.63444712781054,189.0673361282482,7.320307281744144,0.2541361363898915,0.9451535761846408,2018.0,15.82626001816711
130.66779366485233,2867.7215529868204,29.427901880832792,82.72582707958496,32.933030041051104,858.8448258026988,71.35620147182944,195.43002212454428,8.076028367256043,0.3856702480242555,1.4096965302101183,2012.0,15.448416007451517
18.60776185668846,421.9723331989266,13.619539054189795,85.22243074086316,20.49108901481454,753.1184399367356,48.93706487588366,195.95607510672693,5.938252983380201,0.4677377087805489,1.2975549642168676,2020.0,13.929961463837603
81.17639677902953,3900.085321805552,27.087701867391583,73.20143269909146,25.76121898448372,643.2468668827207,51.75485838472326,202.61292452487416,6.621441006575138,0.2194828248257123,1.0531533356057925,2016.0,15.802649172835585
128.9133839857049,2321.115290265336,19.845557128960696,79.2311494883958,26.40307951529629,661.8917895367481,53.914102767603,146.96974668016995,5.458950648405507,0.407684814465768,1.1716940725324303,2010.0,16.803358813606934
105.59588913021666,2669.512319705142,14.94462148806354,70.18663239654187,28.25735897481804,616.7616169037515,54.71022291935985,164.1491925436032,6.776574578189605,0.0830322582274297,1.5196643615282066,2018.0,17.392496310665233
172.73306982578123,2259.7374599973177,27.414998025450227,74.93357729043245,25.293949460412687,633.635558353911,49.43442357239747,135.77078671500152,6.225899850916614,0.180581059890771,1.3467095627011731,2010.0,17.131153146917576
135.15179000759957,2063.7389982890973,18.90610510005331,84.5292343022601,25.924151618512308,786.5643419901289,72.23083067095325,248.89077748431,7.461722897412477,0.2041221543813225,1.2017567309796295,2018.0,16.90119167409733
40.95754114547164,2842.237623410268,20.296347078593804,89.83619902698727,23.825054297734628,656.8480021778496,57.41145599630168,94.71765290798378,6.112692514990709,0.1647491310559277,1.152463336607803,2010.0,16.098618862616505
23.40806200608167,860.6772050604912,17.18466738799531,71.98356199174432,25.80738082373532,936.410413142524,63.5250496835688,257.6795171658463,5.655408481016369,0.1416411610212419,1.215321814090332,2016.0,17.051123109489257
132.05966285919996,991.4478394268284,21.85901702869855,78.02988631722576,23.97042317350777,1097.449231067185,54.29648633586319,269.3174698631421,6.26436812964874,0.3412998912137797,1.0976472884115394,2018.0,15.459302412546707
15.037149002908144,4322.749542966235,13.270477451700454,86.0014193739832,26.864715669568152,683.9893517259914,41.79396699451483,184.8909706508689,5.512256114391431,0.2785932302272138,0.779050098856197,2014.0,15.286652327288484
121.29736044195802,4735.965764454801,17.821630733035214,74.08071269257798,23.891168991869097,847.8809001070754,62.70057358391422,69.84314560863507,6.875549727253655,0.3379405397605109,1.6084355821069465,2010.0,17.181825996009092
188.64374587074195,1929.2156497707888,29.38824644670575,81.10169898604573,26.13130118170656,899.9370220605867,40.87745024580223,181.93447190163548,5.46745847687184,0.3690472686121513,1.2310649998398802,2010.0,16.434689155102642
119.340093796417,1426.6488984034136,15.16266865402255,84.6614259205935,24.912211558945064,894.4004541838549,59.31365953914531,196.79079193555904,6.514228790591579,0.3265616993172533,1.2796294530245074,2012.0,16.389972225451263
83.75228597923916,3255.597761871177,23.13473329082584,82.31970900520358,28.378150752316504,815.1910535832175,46.3168496116719,149.47008900355434,5.461094090071901,0.3657763176150373,1.1884184500246182,2018.0,16.41356568411022
132.2247615040471,2102.797438380672,16.503801284493896,73.76049469230833,24.845818829234545,948.5364836719444,79.87275999230808,174.23908030958785,6.339851097731679,0.293046771375773,1.0529766398550824,2020.0,15.757883081697925
97.06804919338816,224.39314273568985,25.46946251373201,77.10769137371479,19.68090259537936,896.4497905361314,69.11362722174722,276.5097599431676,7.321689077902267,0.1813006611694255,1.162815103810246,2014.0,13.161062821364126
113.66718997002764,865.1477270943327,12.617473214366996,85.67583568970795,28.785764502141976,552.4675155345404,61.05753791271481,233.24635811508705,6.680323945717897,0.4057814180820796,0.8801210475611376,2016.0,15.17835725458226
188.87831366753977,3608.263921352248,29.39642090157089,81.08453028264033,22.282803097412145,973.8312128778546,72.63706677654669,153.771794281095,6.068253197517533,0.2410887867218873,1.6554172996106609,2012.0,16.955547764069916
83.35950118214711,3328.7273153597416,19.075790827672783,70.10459227085825,23.03870098405354,977.4581674533484,51.53684022534264,120.1200415202284,6.484398255530458,0.2064403701237573,0.9530976003155208,2014.0,15.226885954984644
192.6262071265437,232.77036326706911,14.72100926692928,85.21981520056188,23.21301611786952,647.3427791642837,65.43479378670094,183.64913411951144,6.509008436022223,0.2822082124195602,0.993606743230564,2018.0,15.459265310478555
182.0166219716521,1187.6635934714525,11.469934946600253,70.70622709880479,29.123314279512453,807.5875670895205,61.99810433718714,189.3271610324781,6.736315172921703,0.2087189080703486,1.1119481591227198,2014.0,16.10128097474525
47.20031560996632,1232.2665032815498,13.395158101750814,84.91467565462465,18.592977358063912,936.665798562214,62.6402008133367,224.8099593681658,5.816570818359587,0.2582569618010568,1.4576151449704755,2010.0,14.152488084927567
23.17864716628144,3392.2744436337694,20.395478971120355,74.04961120330475,34.41324560097998,758.1372360841277,72.72353500106767,173.23416437161706,6.796283636923666,0.3344053921563466,1.2029017998525309,2010.0,14.16958206057872
29.147820261711065,196.5816349963844,16.740063528625726,89.1614696023876,28.16817042719816,1014.5956095532024,67.32492102779803,225.57497876809308,5.147804184198613,0.3348341739246127,0.9527728407939074,2012.0,15.59180716982908
13.462146873794447,610.1320517244119,26.57766731765219,77.3588150260417,25.66971674238748,1272.7744989238722,62.88723662825024,296.75770200301145,6.185057723818095,0.210216993357437,1.450867672151468,2018.0,18.018822589899173
27.9441625436264,4019.588818328628,18.61775047323612,76.53863232676159,24.83531799815114,642.8027934730035,43.45112563771704,240.7750511222132,6.255863078774228,0.2512294627051255,1.3462001253570963,2018.0,17.234318381894322
139.7712869491078,974.8688440662348,14.974285451752598,72.97776100664889,25.85666222457297,523.791079369245,50.39953704720536,197.59557463346133,6.816663413035619,0.4074333004770243,1.3076869914432905,2014.0,16.705324387949005
23.525843207443508,3298.455928474186,22.342899732080603,76.1120843098043,26.56336728513801,860.7637191209751,58.77291066404276,190.8424764473353,6.5113154263384345,0.3496400117733941,1.343146848234168,2012.0,18.208485333161367
70.60536975581465,1267.09562712896,24.135544337708914,87.53301523656401,26.93564675785017,944.3125010252288,60.93372374276651,182.16634329100643,5.797218473071856,0.5075065039348542,1.6788723801164902,2018.0,19.70525195180528
170.52630908419636,587.2628245207914,13.340838158018997,89.92668675254495,26.666813398010344,753.8267252310462,48.69796275326076,259.03204562260726,6.007503437091493,0.4180128173741527,1.6370189790072225,2020.0,18.85713299432359
14.421667789806914,1291.543735897325,13.352384325766351,77.36619061013697,25.268742043765748,1090.6521326642069,84.11676675578421,168.63432770243486,6.599340004773704,0.4144293068559939,1.0626569313993408,2020.0,16.49640441661063
164.7490116918978,3639.10796609273,10.73342853867086,78.97221261909085,24.40798473907802,532.2788400553502,75.16394055253573,202.2611354499992,6.460466329067722,0.1612131449544198,1.5247769985622304,2010.0,16.54332448159614
63.55240720694599,4292.9126937208,24.72804030131281,84.44141876405475,24.546180149039465,938.5837246063222,66.02118320392483,202.55989509405427,6.210437945182127,0.3763860351633422,1.27663363795178,2014.0,16.90610604983397
32.45131724811469,4168.077336378259,23.276090552436106,87.72391560930149,24.41527515894196,678.8278358482213,60.72036861283745,174.9107903594234,6.25958310524401,0.2946893198303089,1.2998191632275498,2016.0,15.968389942438067
142.38006141918862,2046.1992951304287,19.49261751499628,81.86088668373569,28.401310290601195,1143.8755812414593,57.87791030098848,131.37672260579495,6.848083998579645,0.244901819646175,0.8615458336713342,2010.0,15.989428909266133
129.49914088817798,3373.6171691961663,26.883408979383944,77.83051396355658,26.780670166842587,1198.5030706336238,50.48081539977764,216.14872518088345,6.241153713565392,0.3168015340532528,1.1659228469223608,2012.0,17.555942895374237
176.7196825701401,1104.4230475375227,26.113403059001065,78.25243681697248,16.178834096007158,646.6686824433305,60.77480518518863,196.94980140723084,6.455954377985464,0.3945211534611483,1.0374352819326869,2018.0,10.14188916198596
149.6634983227383,1536.423878278965,21.70708728793504,83.91236292993614,26.967702329589283,690.088572818284,62.57752540142751,225.01202347182848,7.584968294040271,0.3500831591004211,1.365611762978662,2010.0,18.01904323627224
162.66137677312122,4492.045510753487,27.365425610265174,70.06436527208557,25.584208584156325,971.9175773959604,47.58239424518376,173.31998467804166,5.788158681558039,0.2121526198657939,1.4142161000805609,2016.0,18.472109537869628
63.58656878854824,163.70942520260658,14.116824200735364,82.39178674919681,24.943873730662308,722.573870042097,63.341764172448976,261.0410649406524,5.574078634212671,0.374245891359262,0.7851027297967377,2016.0,14.279532033830016
43.713513318147335,518.9918011868936,12.238392387954558,77.10986020882714,23.83444464073334,790.9177564135524,58.44740951175251,156.16131093940777,6.891794832399303,0.2362412457924035,1.195593027199146,2020.0,15.798811706924276
152.61680281176308,1118.642650215534,15.394992230339792,85.88394662554168,28.37233815995804,805.077684108482,40.921924421226095,285.60201420089464,6.160678469352948,0.3216683118964286,1.4243723009588505,2012.0,16.630132745847074
163.29860046078016,230.0077989817166,11.141737121786296,71.85981279646265,27.842579386368573,416.0653687604688,51.39614989220498,112.61817450858692,6.3408812361286895,0.2696649932522865,1.162664207537311,2010.0,16.375472501409764
198.195976980128,989.0336319400068,20.62339056002064,81.7640453389678,22.68136699652917,797.2324507811526,55.86394466578356,221.7385032278445,6.1094218109344425,0.2781133748264374,1.3458127290004729,2014.0,14.925103923650344
88.39735861317104,2956.903648751492,28.732113845899228,79.61945779772248,26.221156861373604,662.0544451871652,78.8768765734019,223.7715341263312,6.370099929616244,0.3766242975040509,1.2702330935254167,2010.0,17.249916420136806
80.6834363006288,2164.98029790324,10.786870813370191,82.84651051810455,22.08502979637614,701.3754355200456,65.56553124533758,160.2221466029559,7.29926905604817,0.1959806280184102,1.2683320463905252,2020.0,15.445503132871504
157.5184625409794,4474.091384277177,12.442198280200536,71.29707188965936,20.86114550563321,1088.7264006937628,46.64518430900109,221.21969689305064,6.90106422930906,0.4945195074276933,1.1457370043863404,2016.0,14.467169779360768
74.75267264807339,4105.47345251836,19.043980565668704,81.59967574856262,23.119848326230105,548.6986211441488,64.86036289417638,263.975933488008,6.931111755943489,0.1178913930705503,0.956683839172858,2012.0,14.27738214130826
186.8438918646773,1774.905023319592,28.6775003505581,81.22969175919047,27.587180417148275,962.6410373495954,44.52696011061634,89.15905803229678,5.791886472103677,0.2402332316745142,0.9756939705149944,2012.0,16.27479021527231
173.09842285017226,1371.1748238133332,16.32312209953501,81.21320188832343,27.85937513612826,744.2074139336382,70.82691053887073,225.1372403745408,5.924423131723565,0.3370211889941741,1.3418705028910634,2014.0,17.50251598061677
91.50886520125349,1960.492800019608,20.144696173767848,82.06975333192909,26.53925626029188,744.0479663008331,55.28875348182122,75.33645898349613,5.080460670257287,0.3584314166435309,1.2038916511037765,2012.0,16.819352673922033
152.6655028803845,2992.445218322558,10.831457181007842,83.52935874452724,27.17528736054399,958.0743792103424,59.06363811260829,151.7167598238396,6.095309589458623,0.2899524279428295,1.172297551078555,2020.0,16.78096068124155
153.36314607608963,1413.5118400320937,12.966864019241775,86.0997799936154,26.54853486134488,868.0102589137781,73.2579664754219,281.4583182450473,6.978351593192829,0.2942609296998457,1.1152219915355297,2020.0,16.871486684803752
29.593535078827195,3158.3296484607567,29.73260245917694,75.39641440256429,23.075555214331143,914.1225994439062,47.1283643141575,170.9108983303973,6.7584732578741855,0.3410550085327616,1.1389622309038496,2020.0,14.94243005594572
181.4850522691177,2106.1170957370778,29.30237392872091,86.50098820360124,26.29576763402182,993.6369321065722,46.02881814887009,141.30600177955137,6.389243368523938,0.2768930522542319,1.409382358897628,2012.0,17.93810883344788
105.99795076509284,2805.031186174703,10.098799618688192,79.96511364526907,27.40122857568305,733.7383233633354,54.16400673653995,190.1031135507659,6.4888498581409735,0.4393181257934906,1.1329511836263946,2012.0,17.511213552509766
167.0269185604709,2237.019992763052,29.03623570846478,71.54116558268662,27.262873989440724,677.5526530984499,70.38378851019317,303.3953169081776,6.155557228712297,0.3839349114231602,0.9317870573396864,2020.0,17.47397859962038
70.80942419581623,1542.8822217553966,22.78239875631001,71.17101858487959,28.56674011442393,582.9698946884404,44.806539245231576,108.4158876396987,6.602379441200892,0.3872824351005635,1.3487303551080343,2012.0,17.131235730843375
180.1494134142781,4747.421204114567,27.35836589040044,76.68476637392122,27.12491154160319,634.917894004209,31.67844401889431,147.43450441803276,6.882939139740308,0.2033843276629582,1.1590246672270563,2012.0,17.426974253609075
83.94831895949099,3841.668391382828,19.09479711267718,85.69793954222935,26.054344622624747,1389.818885061745,55.488411415910015,274.8715841589813,5.692056606294764,0.2920611575594297,1.2062791731065552,2016.0,16.962210447339086
12.059153781256688,786.5545612556175,20.31192057158501,84.15361869481832,28.21045071494928,1048.9359161473574,65.51740799910921,292.88511717688664,6.649823843918674,0.2699534051279296,1.521515661279902,2010.0,17.663945283135387
182.0225755196601,4355.493081899773,19.776931605138405,85.77229929344813,24.92043622225282,529.7851267583958,72.00261749738829,194.82843878548584,6.966217435477334,0.1994398624310534,1.1958878885298985,2018.0,16.773418326035838
27.344468589365377,2488.4128714226167,23.337285150922085,80.34538112883219,22.354376046316847,535.5084086512859,55.36838637914601,138.04736487366787,6.292449855518315,0.3360164183945767,1.2578367346237451,2012.0,15.054370470431463
70.66959114217883,4483.305911781048,12.793025095126255,78.80397995910981,24.510799108168708,896.3732123436982,55.885733928839976,304.792175090458,6.850350306060292,0.2462354242220183,0.9642153017403348,2018.0,15.535773695685153
190.5117737396529,4019.290754141845,10.59947179745356,72.94905053412567,22.765292065580653,909.4529594755934,71.53900734255747,279.7221195874598,7.907327222236276,0.3655403829850236,1.156066109529808,2018.0,15.703815813221322
190.6153579181357,2183.546171899244,16.158598831823817,76.56385507218623,22.97446517507685,909.7767670634728,41.3025830030458,233.9473493881117,6.447828603506554,0.1929808437105668,1.3219052090417205,2016.0,15.709408052734345
118.95319874342437,210.09961076857525,24.09361525473293,78.6803873234775,24.566443987853447,749.0088412892604,56.11479224816991,159.379882553129,6.696653525002662,0.4719040612841821,0.8889252532317515,2012.0,15.849769465212942
130.04907031226185,1416.519060986236,14.037069042458969,71.77200859359235,22.62274023700012,774.9091479994199,61.90423889925058,197.5485329580981,6.130971458169304,0.2103667341407938,1.2401690186231418,2020.0,15.571052567989812
95.20464917588076,2754.007651838248,23.468648666498343,74.41223905422423,24.07611541108288,865.5759048318715,64.49218721285034,191.9819959477585,6.590625581301025,0.3219302337200436,1.2201582145289611,2018.0,16.226921979452356
65.71004662263226,3204.043277148121,29.39824092214541,81.96450588127477,19.319155999138644,817.178601258666,54.901933068091175,216.54256523077888,6.730135812491152,0.3791859310388067,1.208257491117488,2012.0,13.351946254598316
72.44626362028404,1363.6496586226913,11.878014315788368,84.7132622847838,25.63988112211881,356.13992545049297,60.344410117058416,272.5500719065668,6.597421170135069,0.2429359569799887,1.407431779731649,2014.0,17.388342268454593
137.77850665463728,782.8447629568383,23.452042364502525,89.966950227859,25.00361642608668,754.0400738849612,35.1167264658701,243.97085205687017,5.990152340145571,0.385246864343295,1.2668877029697043,2020.0,16.43246897235994
152.95116059315922,4191.158160316565,18.875004386091423,88.66226662687116,22.54873410679543,629.7187131479373,53.41751587666152,146.1311961507621,6.603180885662725,0.1770816402199583,1.4956143796712889,2014.0,16.20086122014904
160.4000183079112,4923.570685447406,27.362845087550102,82.85130399070383,26.97773700529721,835.0422837817024,64.53508712554468,268.8248225009769,7.231097969358818,0.445211769918256,1.0012820968811926,2014.0,16.786001680500693
160.02744713096524,2675.8818932831605,13.542995788947715,78.42496106588143,27.812710412879674,1397.051800520682,50.177059657453206,215.65660700065777,6.724317882257264,0.3014149264965758,1.2271849134436696,2018.0,17.72074408249309
27.32915957925117,941.2285006566872,23.85251904452329,82.72354729416466,20.17732040689308,873.4963330948609,60.58984221589597,234.35328979294584,6.980993594535921,0.240358859203112,1.2168933572779894,2014.0,14.07603033939975
103.93985789349048,1434.305899944908,26.76230579296221,85.71303236160463,22.71182566430136,737.2940627655204,64.46872500802698,273.3270429639301,6.381494014993686,0.2700818227572565,0.986149101248984,2016.0,15.424420781098515
20.93616440316241,190.11431508258696,28.892284389480466,72.36672381846775,22.692572950638105,984.3603003954504,56.57450799142235,144.42098752432244,6.874950119711856,0.3808919269392719,1.3912590004182692,2016.0,15.80358880537375
114.41048764150976,4580.064152146445,23.66496056579292,78.19809779392577,22.180290696673406,896.5375774418426,61.70463770996571,198.2087210646769,6.639633919108263,0.2415544708149561,1.6649346611705635,2018.0,16.229734458015724
93.89079526094164,676.9803061616916,19.94349528016855,86.79604571271234,27.48842452579525,884.0188980903682,50.37267434715388,173.42727243203925,6.024544635156384,0.2250642310577222,1.1965987851032338,2012.0,17.33763716636873
178.66379472407695,2924.9307300198425,22.35694480402428,77.67665903866089,24.41852158368159,921.3701186431342,57.93388720303953,121.6070287317272,6.659260502399437,0.2778463402416262,1.3010042176547534,2010.0,16.911969914593296
76.67385238489496,1442.8705813673091,27.378099689574363,81.43744542454372,24.206455476068168,1211.3087129659084,66.10216169589222,217.335498880246,6.004151668279845,0.1823037887230031,1.2169036951630654,2012.0,16.666501702640552
32.24273312124511,2815.472212327388,21.4121949327766,81.75538721724396,18.98841290677974,573.8223129348169,61.56972960968434,325.5778275792212,6.183559862557604,0.4820543907941815,1.0572830660185648,2012.0,12.96229715438049
37.16841959003881,3291.959902924135,10.607741193936738,73.68952506267279,26.90625409062768,894.7264153622909,54.13468730436065,107.99611277471236,6.594664153646187,0.2433605408785276,0.8358479444395968,2012.0,16.45419710909946
154.68702002631971,4165.734838165288,28.618973910139555,77.24470883304576,21.282224815439584,614.7237740036924,62.24216404290793,198.3859694475265,6.648622136690062,0.3831616786180403,1.0588453033809269,2012.0,14.19975305041302
127.4614320300896,1111.4642316269558,23.790535020631225,76.69022577483864,25.179797890798984,911.1025292684496,67.14609790636618,232.02714675373863,5.905383767461435,0.3209470083647772,0.9216083238096536,2020.0,15.288015803084582
29.213308463330147,153.87956042655435,23.53026771554493,70.5239341706413,25.83213081387457,616.2626977027811,39.50058721422522,206.15391008280903,7.026992885591438,0.2015465949518031,1.5408204156118237,2010.0,18.194661109560307
25.98029316184952,770.7395873371556,14.313503047954343,70.48383527782711,29.08197578751595,716.5266372789831,71.59074064955898,194.3435973742129,6.786003139150236,0.299404529078727,1.1769780612153522,2020.0,15.773414371951404
143.1841349772328,4510.091345055715,23.177709404653143,86.63394087351547,21.073538802642663,740.9820171524187,56.63745261318928,135.03918182770877,6.147635782194558,0.3784002779310748,1.1308161341905658,2014.0,13.79521114044008
23.824971209196768,4382.061380056325,17.877288113083168,75.46141619945625,15.941463532537524,995.163343868942,64.2548993324023,211.6393371470081,5.731207601775412,0.2811738664913693,1.3778307649575612,2012.0,12.524300232497607
166.15341126516768,3027.324200634511,23.02465954082984,80.36157532477631,25.551548634261085,983.6908887884828,71.97246923645228,162.16180114920368,6.427547710459284,0.4193112945851028,0.9756497794288224,2016.0,15.968256117274189
144.18602315973428,3042.5326161249013,12.131860606159815,75.97451147177546,30.40153354453256,550.8565247107231,46.28326302769534,90.50391475107232,6.27702814306942,0.4021515392781863,1.0466271923990895,2018.0,15.477920374565455
25.456268321960955,3358.679705276652,23.156906092060723,88.81358490230681,28.716839058818312,810.9868221999698,52.90558997572453,259.7296110256865,6.556570228526511,0.3918914854658329,1.2136144538497242,2018.0,16.785759630088076
26.119165676186466,959.319265254903,29.98827451541333,75.18593517731547,25.62897824582388,658.0840290501654,57.11451304124295,247.9192909921021,6.318441669422217,0.2540343227727002,1.4057537982846962,2020.0,17.35026468421437
197.4615199152233,4580.618535032303,10.96424077721112,78.5931362547787,23.525091443103857,548.2990178649331,52.16246478875571,202.583048842554,5.496271569627496,0.1920157552218512,1.3003370090337576,2020.0,15.432662757410354
81.11145119366286,2151.9755719711584,29.543483684426345,87.45460500969205,27.42136778991193,756.596589915126,77.34936575836808,211.4537344102852,6.305826530849421,0.2386412394637205,1.2496650285031763,2016.0,17.351573868464975
80.42200794270927,1977.3787884225376,18.13815921445741,86.83867133583618,22.0793614008866,738.3034423088361,51.43227906173208,253.71590063577807,6.347190444465843,0.319624094066672,1.2156235470472032,2012.0,14.960868130859875
164.43191777892548,2642.696755885904,27.415069006745185,73.72202835692555,26.42907330806866,1285.3432972691044,54.44453220513133,211.21698283890413,6.816830512387029,0.3545786713532355,1.280047171105355,2010.0,17.657690181018904
189.9772297029332,330.13323719776974,25.64770968116547,86.0528661959142,26.51641047749988,886.5919650721393,62.04389031602977,245.2008777380657,6.150900162694475,0.0828428595239552,1.240330581025851,2014.0,17.16181856568529
197.34020212634547,914.7885069047892,21.340325219733355,79.16373773475786,28.18062972249664,524.4764998491526,47.97850473923911,185.1258899563075,7.339337336686283,0.2991886798388249,0.9940055450446128,2018.0,16.310619389022598
153.14185519919891,3716.364720489215,24.76898418502653,79.65937744170711,33.27898011673324,687.0451991658116,56.04319288243736,265.5991869286973,5.544179724674121,0.3158089225323184,1.2092158443266303,2014.0,14.12435113919685
81.489321250874,505.7134728331197,27.57031122602696,72.66959944831888,26.1772479015363,1004.2766590858796,63.17453261250175,216.0392862966342,7.1555837489013125,0.2722455743684448,0.9852622682164496,2010.0,16.617766805103496
25.865136172747064,3055.445336385302,18.082806433020657,71.61203027514249,23.473109122877503,1217.6885545739851,56.67139595617489,209.7025971802937,6.387840514560947,0.4291273839015879,1.2162165085801646,2020.0,16.19069853864314
157.65791402621298,1302.2106374384728,16.540663231264773,84.5587861394753,24.923277063424017,482.8033375524083,59.06613141100052,136.4969455643984,6.929792436171778,0.3421780074250871,1.1038704117023517,2018.0,15.752532902379077
116.09680744980297,2007.548508805685,23.35186771127169,79.92922304710599,19.692772285332644,424.01512297219097,54.70667887551629,214.34779271508543,6.539900742029366,0.4310191908080897,1.7078763245565722,2014.0,14.83075777745232
90.60218175692548,1514.5993101764293,26.15691883882517,78.73701405230359,22.915860606732824,1174.1930350743564,44.85529690819233,158.40225412527744,7.069777768012735,0.2784039479649767,1.1920211232496576,2020.0,15.694217349732863
182.20733316799985,1842.7963106782508,25.24570269553232,84.59016457304793,23.77215268566069,877.9228354741808,63.215932113392384,168.0858636735753,6.306319017723594,0.3937477492506925,0.919152086747682,2010.0,14.466261864977293
31.127521638168755,3623.324935402803,25.956272977172688,85.3102579798222,23.427734806196224,626.3414536247267,77.54933071647241,159.23121858419395,5.950689787411094,0.4635066394527519,1.1731639578646151,2014.0,15.928561760098674
103.59876981526324,1555.8964065535577,18.71166629625866,73.17816335338708,25.457064616101167,906.9258172244872,60.18401630783438,146.68825340503875,7.210252143635532,0.4311693449272661,1.3038717491275775,2012.0,17.0073029291699
12.157192505809622,2875.3827374547964,26.35668432350043,82.20450298955282,22.5327402028534,272.8504521966245,62.25264117247549,306.2385701508481,6.443259677058929,0.1907858406571266,1.5346727892305048,2020.0,15.933625289237517
99.045521978884,2432.646970775588,12.40418110741217,72.70708164555371,28.363092001973413,800.6751013194322,66.9272275511686,266.5669530994202,6.610779236812105,0.2746323922457619,1.0821095200122564,2010.0,16.603458966918325
20.69762237954909,3351.988710276976,20.88978195921699,85.02750172058091,25.00062119475459,865.564234568617,47.30669503453301,296.01837510721305,7.117375957022397,0.2654835294550203,0.8835144051952719,2014.0,15.690661314959398
32.57540409093367,4690.465722691314,10.115173209962432,83.13910312534279,24.97209903658416,984.854027907566,77.02514658129606,138.8552490222218,5.984022378952782,0.3489254535076327,1.363367402286196,2012.0,16.972700566305257
32.32998688764992,3689.6032763302255,16.491716598005404,89.13229242166916,24.016315850461247,597.2208095414925,62.02328796422802,203.56268749554465,6.7977454488196285,0.3686353555014533,0.9238802588200696,2012.0,15.370133589748194
133.3499574020521,1153.207855094708,17.32923069742796,71.37916032712842,25.46557205157693,817.1374322806718,76.3185689908911,135.3246187397952,6.205052621768554,0.2161107325974263,1.112768911698503,2010.0,16.128992411656146
151.74852706043043,252.7973618002949,17.923453832185107,71.14109442302508,27.475294794002902,614.9150747880825,52.66967004476011,165.2152561401468,6.433915322177814,0.3067838513916937,1.148475902897801,2016.0,17.238688938924632
120.84006536846032,1385.093817069143,23.909344133797244,75.643741493864,22.3986093528673,851.0767511348635,78.18061922557825,154.09365082917125,6.536139482692144,0.0980072667843863,1.1860733093399782,2018.0,14.6665059162399
192.81278421016296,3015.8818604312487,17.771162025406916,75.23411367471812,23.02565053277423,620.9307355273952,67.75155494034783,261.9792003220781,5.749889069276532,0.4441945005801889,1.3378328914148672,2010.0,15.978955831268728
81.22541010950377,351.9864860728267,18.97387245245061,74.93957598144,24.088821913670007,718.3798321679559,65.53040085852358,180.188516094912,6.110581478589783,0.2487625759323306,1.0632731435427225,2012.0,15.39043300174357
64.28529639355354,2532.1946112860583,14.75088261748655,88.12509161042072,20.962387229580354,600.8369210419542,62.34024454353148,253.4189666847008,7.17553644620657,0.3055863939844497,1.1452541495666475,2012.0,13.632856406959226
175.03383435599744,3024.529959692757,17.4650358325868,74.99092399699012,22.542226420835508,930.2272483647314,57.51471381925551,230.20604447942588,6.943095594292398,0.2690350286011939,1.1971459294101223,2010.0,15.337299024851765
52.483209318696,1737.795065003108,14.545392545263027,75.43899452257261,23.57133737936602,971.6902233313332,72.00531658473872,315.18193760523945,6.468680211336382,0.4146027575013415,1.2299195915037575,2016.0,15.850332956266524
193.01228249371616,3877.469798354528,11.463918475368873,85.18796524835928,27.623167542138184,753.0758860085173,61.40359869848047,126.0277888430138,6.621561729256446,0.0162493558602621,1.2195654349415843,2018.0,16.531252684366216
12.309350191065104,622.3314403554818,22.06897186762756,78.9947968490108,25.78768398700577,807.6475989920057,40.32930296412847,262.96166198934,6.352878747181771,0.2983389657674091,1.287201155044516,2014.0,16.233038281209346
194.27697707445145,468.17513050546296,23.364255971100327,85.53421113910362,25.580769734102635,510.2817170732912,48.82813538292997,257.3220435200364,7.178291692913991,0.2894181242502302,1.3687679019283474,2010.0,17.039895726298678
18.20038327060946,3668.124905397656,22.38980692019229,71.3073231512877,27.55269388650392,740.0646703986426,58.14154247807253,151.33105809864827,6.399823711102918,0.2546363612408317,1.2785268231301936,2018.0,18.00254977857881
179.3171916026335,2527.9074494103725,19.26988087601145,79.75142387346769,24.58788463480181,789.9590765916511,63.09998983165555,250.356666823658,6.615921046067424,0.4726226545635632,1.2907171047018435,2018.0,16.61048326542546
110.26321072639698,3473.1717424959065,17.595715603584594,70.67227200366565,26.17139454978667,1324.158618205995,59.43411511100104,216.80724815131143,7.0730150720710325,0.2112670541144228,0.8835553666507043,2020.0,15.998705527442068
198.6633112626671,2230.6539591583564,27.266672991436504,71.2530640691071,24.69033474120252,577.6065948451673,72.18970789793663,188.6261870023296,6.111314257577047,0.3771796177235661,1.210045539833136,2012.0,16.639094434313872
24.021347299725782,1307.369962871623,20.38163570272436,88.12874906688822,25.796087048198885,1092.8354477504874,40.48898135961375,158.80322565140003,7.279394592248447,0.3356252788706083,1.2959015096003217,2014.0,17.585771679150422
115.23231403625095,4113.601356603578,19.58363755259462,72.7849074223519,23.251724027165253,999.3717546931616,61.435879365051605,164.04452742754071,5.734769295128311,0.4261519252535516,1.34578823891409,2010.0,16.571607063397916
194.1674817676288,4017.1378069479983,10.512841316128714,80.64841364550435,17.683548525170714,856.1272808980273,41.82020774612845,302.4906047892963,7.3148210655564,0.2332810915222494,1.0615298451532411,2012.0,12.642373816141376
109.38859039232828,3504.012707186691,16.824956552523126,78.22191205201413,24.597162513441088,1151.7240968390267,67.59712295484168,200.0341409478741,6.313662208024013,0.2267031100876241,1.068192145022271,2020.0,16.31820825976745
129.58574124569986,1433.5111724268172,17.60391237571714,76.94686652517686,29.26824440829982,874.4210945213725,59.05541285557997,239.10650007657296,6.378650626087359,0.4096069907477399,1.0851798649432802,2020.0,16.263629240893504
142.19225090707727,2992.130267658527,17.976455617938008,87.99666691374546,27.778646206724776,877.8318391335857,64.19609972024118,160.45503091662235,5.554994914408528,0.342532130833011,1.3072827799782687,2012.0,17.192655993259283
96.36280230587693,1868.772095006132,21.603447384546648,70.4364679355098,27.896192453773512,789.3758693964909,51.36117039410234,161.00735268891805,6.2726026413111535,0.1455062653323241,1.4067762109848416,2016.0,16.93307045806493
129.23603521597204,548.7521593005074,20.67205093453757,83.27579372351178,28.70839216541865,1044.7137764837255,72.7946493165775,254.0992404624971,5.980096734486558,0.2460694985536729,1.1185079785416796,2018.0,16.21075920519198
121.01971926538904,4594.83651976499,22.15810185586889,89.26788868427101,25.26597277288431,1019.2938467621768,70.41724664058852,132.5211894224234,6.196176827313264,0.338638265384806,1.3815924627254097,2010.0,17.627456104123794
181.2200219932879,770.4112915029109,25.297665230842565,81.20336366923684,25.591947122216787,674.8645425007575,65.83544303011888,179.23931160473643,6.43134451710556,0.3837764221546589,1.2246959618329187,2010.0,16.587602929169623
18.634812264876995,4756.163033721932,26.25971477432187,88.73644924066184,23.14704431369695,536.1505610802465,58.7048275313656,201.7013705536116,6.978895807236452,0.2320769346807044,1.1751428445675127,2010.0,15.255227294540168
63.38300602252376,2285.428287493983,24.362461524529888,71.04515758572047,24.05178143191885,759.4038725208686,65.79857285295132,205.56863009200265,6.603801675700313,0.0085744010183058,1.157723154036406,2012.0,15.336507753818417
190.57818197454617,1007.1513513092362,29.11047391909869,78.37586638148323,26.847313449313425,639.9922871204707,52.93107432012651,191.0453357491922,6.653838326700557,0.3523223185737033,1.3493222729204315,2016.0,17.507184629402506
179.1501189392741,2755.314642153955,10.364651653527233,75.20315581924102,28.611653311506448,787.295085076929,68.55555659020712,219.7909890547961,5.952240305577218,0.1779679310056024,1.265115563357414,2014.0,16.800802401636417
96.57478302928546,4377.434595794401,13.91555971367092,84.61641929961459,24.581661172957,1047.4876269368278,76.4948089432392,234.64278779089057,6.059622955198635,0.0982661201877588,1.6551650855295277,2020.0,17.872345764985315
127.82519358229196,3687.9019434068496,10.151257499562842,89.62594180994493,23.64943220544577,708.539668982642,70.70610559979187,236.7318772729665,7.399362509175656,0.0167674075015858,1.029555071400535,2012.0,15.013332797647278
62.702424766415206,4052.149624521104,22.94949428309205,75.13060124888496,25.0015838765698,791.435323737685,52.70397530192591,150.70980956660867,6.132399482618377,0.3813980860197741,1.3036203404059952,2014.0,16.516812118750874
45.74302034751465,3328.038496882515,27.96061097899974,83.08349202948149,26.803620246787343,811.604546961679,63.61417317273103,185.79224510356013,7.328104126028648,0.3128617450404966,1.0941597980376974,2020.0,17.34580156235098
98.1026969385966,3492.155166137477,14.869645931525984,73.9619526551948,20.668435551599373,969.6861764410568,47.06858456241352,259.7381430938469,6.378469400559567,0.2774343619287748,1.0261426026022713,2020.0,13.930626664758211
77.13692332495003,4261.058692670064,28.540690895926133,81.3066050914322,18.11145714058829,350.62213320307893,65.72390311175675,244.7323593786936,6.501143968071752,0.4389024362962761,1.1978265725930055,2016.0,12.968926127431253
120.8946612516657,1323.3732434100111,11.205347805791217,79.27864973376673,23.34838945152525,678.6599410469406,64.50603412862539,131.3570274259468,7.035182580114965,0.3637324683023072,1.227470495881407,2018.0,16.23939842425297
24.76958102334712,2498.182321851388,28.688720536110285,89.44010659263074,21.33786272225753,842.2567384558945,41.30183660467836,217.5739950176101,7.135946210969328,0.4616300042721916,1.7836347110120183,2010.0,16.154708434183032
195.13501345657164,1183.926264916051,17.03245374479269,82.17054545392934,23.475579407058067,1040.0157912853722,48.38216156087636,101.08873753125948,6.444593719860456,0.1607264527833003,1.1631708368633595,2014.0,15.623700862440607
197.38004145112453,4939.57323918357,12.02841656898433,76.99012744173638,24.556659043547587,701.6195104987589,57.16861103256233,202.3467451030185,6.305878473239231,0.2965449376046036,0.9739642541030632,2012.0,15.701333998051744
142.6507256637516,4725.890764464405,19.717435183726515,72.28191569775866,23.64025477293096,424.6894587916252,56.991402528591735,294.88835083729884,6.472039775738893,0.1383286625051985,1.254602143498877,2014.0,15.405206655815554
111.85830960538289,293.19137570567887,15.135531354410158,73.02493657469869,29.35740260341224,923.9422891932272,47.90523064581195,152.6053641365507,6.668978764116059,0.2770617668144532,0.7850719924907263,2018.0,15.1377114867442
68.81024709440227,3557.318345326873,15.697458039238455,74.5063385990247,25.98023429380696,672.9275222348741,63.88978729352184,158.2838477254209,6.945651843434877,0.2751384146233323,1.1816086434791468,2010.0,16.812992685138507
164.62105374432025,4633.716755336763,16.14579929852573,75.01933322680595,25.901423078832487,562.0666681819278,62.51473608940512,238.20148907864296,6.502114929497076,0.3626613637263071,1.203205056459032,2014.0,17.89607314069376
140.09892278523705,984.8191911239344,26.060517956653268,87.01232115682276,26.86662143213021,675.1309220573552,58.05730868021481,122.85992423951772,6.809443149011577,0.3045563881141898,1.358920076589042,2018.0,17.820071115321202
40.89721847552934,2882.9316297078844,20.78322553350509,81.2244557656505,21.583500646657694,763.0949284688301,52.44208499841637,168.36224850574806,7.31917986613547,0.3623407138279915,1.394724449885569,2012.0,15.74393755059882
183.07616505383007,4585.892658181405,16.22615398312007,80.46781822748733,28.117335362260807,679.0510670923575,70.48707126416564,229.82205687908765,6.690654806132392,0.3703440133138894,1.0992860762184564,2016.0,16.842788259900647
166.2820761554021,266.3352950704143,22.206675666218366,72.29537743738435,24.77270714039362,358.8867885801862,76.55407113088296,168.28570761552984,6.655826428002389,0.5154928677383142,1.1698771970740134,2020.0,15.576915235594528
190.4619835254656,3517.359309509516,24.32301348446387,87.2027938669887,27.01144185172364,979.4132393774264,55.16438516153463,188.2015006394514,5.740544587454966,0.2684703344713876,1.0467758338778657,2012.0,16.406842336338467
147.8867065937884,1557.0101361254988,15.452480014670677,84.45628606416967,21.784428300879533,1054.9750082557443,53.878330828451794,237.20928551575173,5.184634931585468,0.205897729933362,0.9743874890384612,2010.0,14.336172463003964
126.54888722780008,4629.541357344999,18.270982030507028,71.35336723800003,20.338723701951807,930.3043982679012,64.91207665411996,221.07730417682805,6.694187864615084,0.3246083615316408,1.261978955876127,2020.0,14.830354342770228
89.46617689521759,4858.185401310302,12.43772186673895,84.15670194459537,27.45366897407509,572.4628659150367,56.419706202530136,213.3409198147701,6.452587884359564,0.2197719972860456,0.94528289028068,2012.0,16.45316525799578
170.48856185488577,4337.924308901655,21.49277775436527,82.76502911347879,15.920530956365846,461.23645830832334,85.09914089789979,306.51537277619497,5.496123877386579,0.3963680925368765,1.3955851218202542,2014.566041735285,12.925609695626202
115.51215951061694,4507.449098290009,30.362975914104897,83.79242458242383,21.657656582568475,1235.86972216702,69.81518649913508,310.67176283203634,6.717781006183575,0.0719622810210487,1.260267638569026,2012.7479259082968,11.455176856254168
115.43044122524758,3643.212657395258,18.575352831323634,75.7317086913605,29.88672420392508,369.5231812243564,101.31062615797477,115.284573435045,6.698645144219309,0.327258144261196,0.6608841661817069,2019.2417031799143,15.447855930160776
189.00951680209505,255.1456505689057,26.86877004810795,79.83131728412982,18.003893543461313,1275.4100278620635,29.400607954328528,128.73795414799164,7.790013028432772,0.4960024517213254,1.797492493799573,2011.717645877906,16.705826689134724
45.701654908339584,2292.7615667758296,28.90314238016613,86.087277643789,26.879041265597355,788.3423429364859,86.51970772126278,303.7273622011844,6.4083070183448525,0.0954446522325093,1.0669940770942998,2015.666948781617,17.725469958899268
112.07622481235396,733.1665090714381,19.74111013915068,88.23689426885153,29.830314015711632,1068.5684483701511,53.71764027055824,257.703626314726,5.729431805459576,0.3067611892878403,0.8003068641239659,2013.0026724337283,17.788358888599383
95.41490538114724,4651.452801668915,23.397311765323288,84.00186510643036,17.61791545388658,1121.609220740724,59.66960046551971,157.91883229030873,7.801770590944013,0.0195144385253855,0.6756207623543512,2018.542150152286,18.013403356027844
140.26474686524577,1616.9536559080582,22.68575794685084,79.49891078734592,29.12849320727553,1202.7161442468346,43.30231339760124,209.51003800063808,7.406006405300482,0.0069402183418874,1.4679868784645138,2014.1101659813064,18.63433156204748
90.96763994749216,1362.254210688201,19.12135717391985,89.47005747672586,32.69528069666077,1396.0803881289714,47.9528016303636,289.7353368043065,7.315474202976376,0.0728394046972638,0.9019865382233164,2011.3970429586464,18.79280061161577
65.69389295198827,2023.5397108682853,19.597200480188786,78.75602228642609,17.31638062226211,806.2199954176148,47.43290957818304,189.4951512630236,5.782050393133971,0.1938216404391634,1.536028152609274,2020.2752277887453,15.568392416409248
203.0236569621087,984.308217130027,13.673683107681402,77.86545608816061,28.85018403620727,1187.4560918180646,85.38073170755993,267.11079412775007,5.702300467035332,0.05482469586792,1.3696222062373549,2014.8615164925773,19.06648753433349
54.66902234943071,724.2923178685995,19.363456001714784,82.00529759057468,15.776010731741316,589.731661331745,76.38504498264406,56.89960805772928,5.061302760863667,0.1273807399606191,1.2374594755239403,2019.4216867670248,18.555371598033965
116.505943189643,2524.353454574616,13.682781111015498,85.06487239763923,22.873724452034427,1077.249695272751,83.64615598569797,187.58432623736363,7.846112789620902,0.5158315663387845,0.5494074079800143,2011.3341247293256,17.023454756193793
159.16015168725608,2914.9120265095776,27.29395291084818,79.95793400184343,27.75011294000668,1363.031356102293,49.030828521477616,110.96797503315064,7.668019775839386,0.4389974610292014,0.8618602948260962,2011.8852722675647,16.65128022956514
60.384749176362575,1503.1893176431604,16.363442607225952,73.1431158651138,33.31488663658275,827.2227010475035,40.01646675015388,205.5881596283884,5.697825095399229,0.3855708500041842,0.8434192096657024,2013.6867446972165,18.43323280584903
84.6491807233071,1244.3803827424258,22.567915278574144,73.3558706128005,17.514728872141394,877.1202185522643,44.32064284128915,257.2143957351975,7.198579593730148,0.329518186877034,0.9216000785644818,2016.817902596788,12.341696808330028
79.04350053539207,2526.7999465101434,27.913824861752488,85.2457847172346,18.22590021114336,653.7373209459515,70.2159842856986,199.23382569115785,5.515444298173658,0.2461471516159552,1.198855310404459,2015.137440144941,11.334170126180672
19.03812273584125,2557.5000375200884,25.69277557008913,77.80855851170527,25.39606049317628,255.85437697752693,70.52061938646011,225.47234790381444,6.08449307412742,0.1749184942544824,1.581043692342058,2017.7631989885008,10.77762630721402
80.07112722666201,2108.699273424331,21.79446673303316,73.32312758072966,24.740862456154105,1241.9006424964427,93.99775205148067,205.00650601217785,6.607340642539761,0.4241829023042899,1.0338413938462416,2014.636388775526,13.477098910910629
24.79878554435872,0.0,9.0783808015176,70.37837183290175,32.28446385593241,976.2871047708234,56.33350514870664,301.01641812237744,6.183775895225551,0.0233802126857315,0.82955666227568,2015.5224821635427,19.57208471509432
125.6198389398482,3078.0894240030407,16.8405519651324,78.78047020466504,30.635212153836008,440.7815706641381,88.25126982799465,134.9516104201005,6.786333356330153,0.3372030292023003,0.8996219624319334,2013.2230298846737,19.116389354177617
157.43033768854693,4959.726932247593,10.472508232546245,74.18075781919867,24.676233580002897,1126.7641129679769,75.54828365497738,191.6733988294651,5.03186812234887,0.0411780851445915,1.060872560093984,2011.7999378996667,12.703599670643726
34.86564323002688,5132.305321814376,22.61541476708159,83.84990934372046,23.046298595135863,1413.5947886402284,72.86995183786904,250.1750103358449,5.86247175892272,0.2351555442772774,0.5720650541556686,2015.6003673125545,11.35257709471616
183.2097950873718,429.0905668842914,25.42029672674429,77.7729639509095,21.256767831323632,922.1549416469696,84.70774404100156,110.58617613143872,6.348388668997684,0.2177027047110967,1.401764345675658,2017.5352103131609,11.300484109142424
198.4896012881601,971.6322255182552,14.999667991553508,86.7106329451463,21.59972590022383,1134.525767034082,70.88444071378619,126.33065624590044,7.70791182598912,0.0990864609644786,1.5231450781091729,2012.0469233453343,13.888066054303373
64.95397596178263,2799.257670633079,21.363576904321864,77.16568031788019,24.898717539562785,816.6594903352234,61.93348624473779,133.76996006876897,7.710454678770525,0.2003983845264879,1.6861583412869716,2011.814623470072,13.553609831586437
176.2269728376069,2899.4231910383764,10.45098335001794,82.6405862429647,29.426815573144125,314.6687936338257,96.29781049753376,149.7465108226555,6.137589077892882,0.3476540875704908,1.1844971565351363,2014.3951161894568,18.73248740449443
178.30591677400477,1735.5658951258454,15.146820919881192,70.55697858002638,17.652336259807463,927.4510107195068,95.4579092309312,337.7122994581422,5.329541509503743,0.1002313463435674,1.3699526457590674,2018.9998864938,15.508516314672242
128.85325526537935,4107.363691277316,19.95540337161576,71.23213203621278,34.41416952032286,1391.1013277992238,73.43349951293617,268.35213355536,6.091928852443997,0.3761192376606416,1.1358376321185009,2010.5862618183687,11.645212562892246
104.70120582125048,1242.967362004536,12.210535303910168,81.72112205891052,30.57108116812258,1262.1692723473743,90.50474085323832,83.81882119500838,5.397837090103935,0.4271714698361336,1.5572288824773997,2019.748640647915,17.594035890003635
145.1869258906946,4580.630599001776,14.987953898445063,79.08782124756914,25.390130703210485,904.931777742886,37.582817034638566,324.6837874397703,7.228074651238188,0.272088801347536,1.4721682797884783,2018.0614401658872,13.510738919797884
3.60468891956624,1047.3002970405405,28.687512507855374,74.39674371262674,21.19790544893706,1354.2293059555898,73.56517855361368,109.75641687583185,7.635722177368071,0.0738604837748691,0.8580083891372551,2014.6408759296085,18.184298162195056
55.6673656787324,1439.5371692765011,20.59818932758591,73.11934947513696,15.366308391596734,848.5512943947908,35.40051008879478,274.28235378227265,5.938471384963498,0.0461517652097245,1.666564834612575,2016.6678379628167,17.431799860577428
36.1400489541025,2737.136847190109,30.45544078478168,88.11884598633745,35.42096299300487,634.2568364812437,71.85687769088035,162.14369003980863,7.0774778165698455,0.3744503391076989,1.403929770634097,2020.2080166784865,16.829672923031517
168.30382806006318,5015.657438888837,15.947425788721826,71.44325384562595,24.40824689376205,590.5004095869639,87.95707192503934,196.11497639199283,6.127041780371759,0.1661732961649405,1.3258840124585995,2014.5744170510989,16.153377627626217
47.8776751112332,3245.2918631068287,10.284624133667238,82.7964915358635,23.313217733139453,713.1252333684386,33.49442331116728,218.17043172629835,6.66917864354093,0.0561708944682407,1.1406002327743612,2015.9782527770085,11.36908340388226
124.68209206777895,535.002285926334,23.57567873562173,75.80507140869526,34.52612449141635,1235.6889837604024,96.43651332390442,80.43426956944103,5.162398654623188,0.4390463102936258,1.2371676822680078,2009.632198923922,11.07998400146288
123.53064314511836,0.0,20.616242134607585,81.9905691555637,30.72629866366604,1038.2955315696738,83.15033343857408,125.46851542017282,7.124100021018228,0.0845305638748295,1.4524741079151653,2017.262397028844,16.246487035491224
91.4820255190707,772.9570392532594,17.123879302345266,83.5551622315665,25.36308818972367,1449.784137107435,41.282509034742695,323.0092497486185,6.340369716615065,0.3923730317862931,1.4784422024424668,2013.0345351718208,13.5240998626523
59.56188623800614,856.1619402025491,29.2717896068508,85.886425574785,24.1613156200421,773.9530148978582,37.625082953643584,110.5804307244112,6.333930944882552,0.3211566541024978,1.4675262258080026,2017.0724787824,14.58710847203047
26.167993920396963,4139.442783036617,8.647551137156011,79.0175861627731,19.476332016892147,1152.995810947337,32.39509296595982,224.8035681699228,7.290860684943508,0.468073128561032,0.6445045721190388,2018.8842968545505,13.524096985179996
127.67789165427074,1873.5594264313,12.346715513072049,79.10167505983569,27.027001071927952,801.4620875392318,63.92508170792002,105.78052679947298,5.254360626646632,0.132958885835482,1.091931579470495,2016.3155259782352,17.62415593820462
0.0,3573.1900813818143,15.74168813369362,88.71608275651201,28.54187854536105,837.4772384374799,99.22541077327035,102.95426454184272,7.454452493522287,0.0,1.4761119250379895,2018.4686582983456,11.15915942099832
34.38938889052531,3238.208471281862,24.45389507675692,81.50568609701865,20.16376532777067,1158.5737722486472,94.46855920242794,128.63801264557603,6.625362140050109,0.4216069909958968,1.2847481735932276,2010.741293040744,11.955884259258744
186.9444977820664,629.1389917173702,22.76199552592892,71.02994407585592,20.098929945618067,1126.6203583461338,96.12044502213168,195.9561043226357,6.954602817692127,0.3545904122652306,1.106045291255592,2019.867725582642,16.41662542320999
51.39776691604668,1065.2096888771052,19.096278486951547,78.74587175910173,25.02140003612857,601.3232286650742,42.68293543350636,195.54058768768977,6.301910470728635,0.4922939148564981,1.0140514916560446,2010.2850723844103,12.449218023200553
35.71077959386908,263.4369212309756,14.633825583902514,75.37056528262531,30.39771477180065,642.6971142866021,42.61578903301694,232.48654084111564,7.562452167209067,0.140727819850588,1.623013490206893,2019.0265457250111,13.78308352508378
17.657852744122728,2793.0549459591784,30.78430594359672,70.89744142086228,22.11605108847554,791.6021425866619,72.63686351066244,135.88687580198012,7.889009950330295,0.3308576719656505,1.4818846541214556,2017.9752679392973,19.326073825324528
167.33624303230656,4960.187485068725,10.445707267610612,79.55657692423404,17.26023513537637,716.7982154616872,49.730543122256805,146.2426246102021,7.822657150301956,0.1791274173899211,0.9819644702926285,2009.987981449312,13.904390139592348
161.2290770917129,2568.3099307455136,17.01736998632044,73.53965143032846,19.290975625067368,989.3788063629864,34.10276280886129,235.8447901701156,7.020352230339159,0.2727060756850696,1.2391858055373492,2016.4286060343013,12.185648179832338
186.54586883310893,2906.567718035244,22.08492602010467,82.68668867693009,34.481273493269015,640.176452481225,42.45703967119022,69.41203587668815,7.803682427983068,0.3335446689108798,0.7101179663914832,2013.357214541492,17.91379352036669
170.37520468276682,799.858376729103,27.477432532315788,75.31432139967825,34.56458033343546,823.6212843525187,66.23600842455294,275.2582212433815,5.956958493243189,0.5032275084716296,0.8362177314097671,2020.222496784089,13.373317513793944
195.50701490413752,3739.954511810558,17.703358633028653,86.0377761904222,24.48953085640932,850.717634009498,70.15764644703084,262.7666949838406,6.448736991061547,0.1497936433180633,1.4410090380514096,2012.6071976960648,15.088922737416684
130.83271367617425,3664.703536492415,25.52627095057958,79.96126522568727,31.50056875701102,1124.916664282864,44.42109669010741,176.83924104043882,6.13436061901547,0.0007479412524035,1.4732097863581286,2012.7194450574584,17.796058803346778
132.1843782728116,1788.6850618642666,14.00018483079416,75.64235295234033,32.10073005265716,722.341430608373,94.97603347241773,329.8568864189089,6.489659051181742,0.321415818702176,0.4794601398117548,2018.1018747490857,19.38908287554716
73.60860096681026,3885.679732347046,11.378804745481558,82.99666422207306,29.869055205288177,1119.2854860318046,62.323174384053225,85.9200032592362,5.862262387892665,0.3304861746374556,1.500648140984747,2014.81694866643,19.21660544578853
195.3435657565804,2833.3090989375387,24.860611734366163,83.09542445543735,33.27752948658835,1374.6727019168068,83.08499348866496,261.3210647619054,5.483330337493747,0.3149957090242181,1.396438002442674,2017.657384117021,18.354755426576105
21.101451662122813,1133.2085332488266,21.328659193487425,71.27646918958428,18.44201951136222,980.0534913579162,90.18620263645988,76.68641321470609,5.100151534770637,0.533356325138142,0.9128432481153655,2019.201166181829,18.39478676533021
209.6365552294316,3027.967597517018,22.121049844795216,84.26935163211743,35.68774422252837,925.0280676843588,28.941938518376936,205.5349288366301,6.2507356418386815,0.4843255619284113,0.9167159888491652,2016.753157070268,13.077767399733885
184.65469745894924,3383.721905971669,20.027102279542262,86.55645270086865,25.069943803827453,818.807998813511,87.2644234999721,283.7657669864004,7.437730408903667,0.2489560096930991,0.9408062308118182,2014.181662333898,10.262406092429952
28.430001626005403,3748.3000442263233,10.133501732440456,72.9943240466105,23.732319662069614,1056.5731455707407,83.84498489718474,182.87867432030467,7.604547625468768,0.1054166541102346,0.6063186586996057,2018.8379637581072,11.457462229973409
152.40380353336784,2239.4005413108453,27.443056912496104,74.80028202215334,24.53429244168712,1090.7635044010733,97.132814658352,266.7243165367171,6.693650931314479,0.156503367276312,1.329150341162734,2015.747870146587,17.80842861349383
26.28288308352571,1497.9132705906272,23.946904836779925,83.76165789162475,31.296780287105964,1321.6344110251666,55.56799077103166,343.2365704818445,7.014463634277354,0.1254873034029276,1.3939759854114455,2019.1172498146288,16.212360170332882
31.61979382519541,1791.3326563093906,25.61565051866884,69.09924187617196,31.25231062111568,419.1184048403532,89.47836003474788,302.7763404204951,6.799396210193463,0.2986658744283798,0.7754054756977619,2014.0505891463265,12.297432139035632
131.5520074444652,4736.920376060156,24.50215112475407,73.47436361233495,31.351686462290846,1284.964848231051,85.0931429663993,306.0724986040881,7.971330794688737,0.0880639135257916,0.886263750441772,2019.782785389225,10.70530584669212
13.218149939405968,2058.80165888556,14.44795851901094,82.1672020926834,24.670997933191,1373.6459516769542,58.903814245225306,60.54012673364578,6.846400788170099,0.3832365237146224,1.112940380215618,2010.8375668383856,11.944814961382306
54.87445667245194,3975.180919779079,17.04866573849515,73.58046890595047,28.88236523735223,1222.061504211821,94.330129782738,129.30490022885564,5.89403282636236,0.0985000171146032,1.614758055467303,2010.196171525744,13.16830780308092
50.26724729861292,2906.314871043605,9.61912621543012,87.94905423679182,37.34804809817632,815.639553398282,84.00245572704439,233.2207314791084,7.768891363242684,0.5029243539669835,1.5394878230723064,2009.738611929003,14.122918476616476
176.21943660534353,1361.704824395243,23.26661096875902,89.14971312133106,21.03636369801528,1116.1197304586294,35.124866690583,219.40215218436188,5.915152032741084,0.4257015524152441,0.4332245642953797,2014.4133815439009,12.258729908413931
29.07636088759292,3038.000651508816,12.58967893494253,69.52864579880867,28.516979250586203,1173.2856891035312,30.0226965858452,195.37397351659712,5.081401905545427,0.1917948607935627,1.6917034525247931,2009.8998932946497,13.995319493612923
5.471850983408357,1297.7984361074068,27.79635839190713,75.38602839720187,34.76418987428593,1250.691828337578,80.96090084836861,275.9482202742163,7.721601403633303,0.1474548946733715,1.1677253134973855,2020.0792941451853,18.37002491217976
152.84390221595442,2930.619550920277,26.94327240264034,84.72811371082877,34.13265988774592,1375.2942444856888,70.13028736761432,61.08937825376464,7.951371726747927,0.4279826536496481,0.927601752933293,2018.9572978662425,19.25016006666936
159.85934169212285,2218.886900096464,27.080697948000697,81.8142851151832,24.388633079237223,365.79038768102487,98.97722707180418,321.83392408634245,4.836663300275905,0.2758373405919966,1.5616986203522003,2013.1317521456083,16.15129284459899
158.85740138156402,22.92365190047704,26.184089170638146,87.13992934782281,32.88795890707375,1304.741641897338,65.06968218217074,68.2926180371793,5.718258608339661,0.3139622150404115,1.3788663369837055,2020.0858176922432,18.41384592459085
90.63882747482432,795.8413158201347,25.478837323887817,73.59951757623384,28.416199942888696,835.8868001634982,102.35944514077168,210.5692348149836,6.752853129526069,0.3963425621018412,1.5571607827339389,2012.1172630266265,18.71795755783177
101.46682338216564,199.9552509645368,24.508663756893824,90.1841152495985,24.175479923434143,836.0846410301775,88.52556836232709,282.3714265860005,6.57792016411889,0.1690536046624854,1.6334691066890128,2016.5833353060848,18.332402299806944
133.98913344143156,1714.780678452287,18.3466482162266,87.31058002321635,31.647134559385865,731.2033557407398,48.35555484747648,175.52002607986495,5.239577149245972,0.1393331176398055,1.342588312288679,2020.3714761144736,18.076563525619008
37.20684405211055,200.05773694186288,17.774957079477822,78.49872117225136,22.73138760548607,1326.556063599263,81.09336751860553,119.34695351873474,8.117065246469146,0.3838145345726809,1.752396182563802,2012.359930253592,11.575123347470017
110.89558028065848,1159.1093409413495,20.877583970272628,70.15826778678543,25.982278590285908,564.6931719462159,45.61022200610353,200.2336619575659,5.992904021728943,0.2306651121834934,1.5956666999301992,2013.6971151989767,16.474886069944223
93.18601796917582,2082.516814318724,9.568292014527326,73.98684205457117,30.75108852614092,1332.3464403066866,74.45789916129326,157.77699711120337,7.701574637970256,0.0060022355062612,0.8943240671343071,2015.4642369661533,19.378157940052063
80.84987175502062,3866.7177801488415,15.064677607252316,83.07423989189921,31.062950496069217,1121.7047744243414,91.66287263805948,119.61847823542112,6.244280405143689,0.1866473700792732,1.146745470833782,2013.021970499972,16.658962025380376
163.5011251281181,1093.6194200974574,22.269439401561947,83.91506608984179,19.629559362444503,1276.7287904793438,34.78588438273105,301.36424294527245,5.997279728164149,0.1545706160693787,0.5063902863106464,2014.275336156173,17.28655022398465
34.45530916370158,3714.8870591131767,27.128525395372872,77.65781149116216,17.092777243744234,1373.7130682964691,83.48617901468512,284.5138394890712,7.859164904931751,0.1732878691947041,1.2095151794905157,2012.774793226612,13.42071987338243
158.77356379287053,2986.93377972701,10.458392054713205,71.32906320295021,31.407421531282267,1415.377098515618,62.21658116655999,92.90795050897307,6.192871368934072,0.0816341791646844,1.6459544512256803,2011.47319992518,14.014379005389436
15.724493890429624,129.56171332505397,14.74297896231799,77.81949018535623,34.88368810368283,1049.8784097791452,28.946354516195743,185.02887940287948,6.549810189976818,0.0592598985533809,0.9111267361236236,2013.7015629497755,12.615288083982067
117.63640270740736,1537.072422409315,18.919847238622225,90.10927381668414,17.53740759821815,1366.8403922571024,77.32001941925519,254.46335086211909,7.976115772775578,0.4339420684204721,0.993154587604537,2010.452793297656,19.45098492630968
196.89417853398595,409.49103803267866,24.61554736095536,85.36104753596217,21.250174199749047,317.3922820532679,83.37433710964198,351.3028803359662,7.905490026451208,0.4334102331341967,1.7679171149087682,2011.0501374871576,12.79677891855789
113.47647537840224,1808.4386630090048,30.23054054960089,77.02347813093968,23.5816167313402,1515.7153090155332,75.33515813099552,181.99244357580096,6.658044768684707,0.1311370438875262,0.7845915054982945,2009.5601178367715,17.128886150793665
67.3531972333302,1209.8624773615957,8.714084793385686,76.49639332038996,21.831000154146444,1365.6783736925254,30.899618336587352,126.13387642949756,7.1569615340978645,0.1895238502701139,1.7935817221847616,2012.6903583574392,12.862363621423636
18.11143584367509,5183.3399773350975,17.528067831998,86.57460952998393,25.73527402110562,651.2083244500512,91.46285342810782,307.0536390435173,5.429644597425274,0.369090808991064,1.745538656055301,2017.031067890852,15.578702364617124
97.4062846761524,1852.1945753569007,22.613479537442352,89.92505366888255,28.6126603568937,475.3025861323703,49.06126746315377,123.28804852373528,5.215874921909624,0.3589387054571779,1.5346753835357096,2014.381735136199,17.167668902899575
88.9412209957062,3790.080875305596,24.240016462608864,89.12195837293518,17.34657233539047,626.7892775142818,75.43550062844328,96.16605890902484,6.805022942759027,0.3167358219870193,0.7719484302701857,2013.0820119522696,15.580138574422705
48.89849601195321,3807.282607126622,14.90462741011684,80.09043407567812,24.894482001190102,366.4836003347609,63.95125884926033,230.35779507326416,5.995365054103618,0.0632059158188419,0.6515757537144794,2018.4787617811105,17.349105998547724
80.93067728805586,830.1475561598288,15.80523237893999,70.64856955465979,23.652500307612936,546.1983127249147,81.11713201195539,215.12342182384748,5.408965750587764,0.0368876297094188,1.1595569574292128,2012.338234635292,17.145356570642242
163.00020119030083,1916.3904320611464,30.99305298342731,89.14532412222717,17.11877113561339,229.5820246070116,49.10060979411919,59.446026098422905,5.40921500737948,0.057945031904651,1.465046719809344,2020.5988131480285,16.177317214949433
185.6966124426584,1713.1535345837522,15.090510534316088,74.6714361367549,23.747827599655853,619.5707077990473,86.292730423597,84.51471172056236,5.89437496738134,0.3994384744655349,0.6325986382016993,2016.2468880775048,16.408596317050318
73.28429515143415,4445.977909097939,16.93022557830538,73.02233614223188,22.29047350625217,1381.923115862456,55.50206677292737,250.7135935512433,7.520699191262354,0.4154695267448436,1.6399041796187726,2015.3024609974984,10.458157574748814
46.22791234687646,2198.6394008567136,14.75734339180936,87.83603101345139,35.38425799188602,1262.3550456332543,86.35819128113947,292.23320350838856,7.724115985610814,0.2966907025209559,1.5113764240744751,2019.1861905011936,15.80998161510231
93.6454627667364,4871.020738535034,18.217678873411625,87.70249710207274,33.44074357257026,560.8879687953425,84.89787301004684,168.75880644944164,4.986994929924992,0.2379104818587878,1.6740390884801206,2018.1954881415256,12.850008948079996
108.88637894399218,2271.723270874398,18.114871559925387,77.69925965419978,19.13361322292393,253.03488731237368,79.83171396899726,229.43525352412664,5.165765285548796,0.4252540989183936,0.9692305693576024,2016.0901687802289,13.523774449193688
138.73428565182255,436.3199123899816,19.7795926116899,71.29934292268481,27.327285169633647,1094.1657842090729,93.59838619867074,321.7122206180516,7.749829072031853,0.3213651728832251,1.3794780532589952,2020.5757583660727,19.2747630845571
70.11505675670402,2423.665178954339,26.82153567359059,88.27109916939624,23.18724010317366,1170.0997363763158,102.65117186287624,217.9066392287407,7.449703006908186,0.3921489786108712,0.7991205653335591,2014.6850404746624,12.596611201389315
98.42860385520116,2440.1333467623385,22.73891513359204,82.63420059254788,24.154798882778408,928.571048425972,31.63831552275743,134.78588646303646,6.848531018787829,0.2504886561243309,0.8573084308498131,2018.201671398504,13.504631818192646
158.8010888978981,1828.1351589780816,13.222197517511535,69.04108690659254,34.362776306911215,828.9676020082309,43.392705011144784,116.20315670685405,7.347668628503562,0.1171629121663541,1.6938811614407212,2011.020152882494,10.951207808044282
158.71281049374122,4951.262026116869,21.33949638415342,71.21472156483397,22.94716384913649,239.3832054791291,94.8150331070428,153.72154659726772,6.87985816070105,0.4904760743512794,1.0501146520694238,2017.486755499624,18.78038587126648
77.6545971366449,1010.882234608058,12.434363633466011,78.97254274399545,19.60303193750488,939.06113151663,94.40942434830546,91.06646840680096,6.742971421036578,0.2779544659110097,0.8692227786239208,2016.7889204083035,14.067853180865283
36.37285042505781,1548.098709414172,29.315640799120327,86.9112838816411,24.503732461553355,812.4969491776816,96.9771318764148,159.39147760773838,5.499871450970375,0.0538344079543856,1.1574371787552278,2018.7064684295865,15.944752227846797
180.15480555318427,4419.856034894371,27.587695379123566,87.44718575625384,28.81733444674668,935.2825528584364,24.53629983261819,188.4137616480429,7.236631276684627,0.1471678076338366,0.924270813089905,2010.4612417464853,12.414077041048966
7.357394458456172,5515.526794021424,10.551649741447823,88.22684957923097,27.66454553795963,373.7321195030462,40.05646336548429,238.53732473311587,6.80518545800557,0.4107331247419307,1.648072368229348,2011.300220030745,17.653485126999982
189.510837635414,1976.943610920916,20.923566502123784,70.17226076535464,27.2649297643101,789.0742928464275,77.92643632921899,79.13608106250413,7.230927667347813,0.4940138164712281,1.7589625980069472,2018.2656053172905,13.182211658985755
159.0656749149313,2822.989319974243,25.82057686346449,86.5827064412708,30.94788387700207,423.6708552338966,28.38624069393134,234.56656920226607,5.890910854782463,0.0703676832679202,0.8165579154059777,2014.32353753294,18.877649819388587
51.83382493182626,1670.1846712327865,26.55693804603303,72.55403325324163,14.880214658123927,1475.9727913380273,41.982593712266,170.85621886959024,7.158262873662297,0.4392718311534793,1.381059727130109,2011.8178085788804,11.740082920100974
84.55679746124271,4902.810800838519,24.350868728906864,87.62249129551729,31.709117899448337,1545.677766087034,67.05213418644693,193.7350112827912,6.557189586114551,0.3683461331784302,0.7432748718062266,2014.0205814662515,12.05722250084512
126.23447983372932,4678.136853495926,18.11943448483936,84.78911357612832,32.10916757400723,499.0643832046259,107.58938811215288,62.42603939564865,5.156564478732467,0.2469457813728542,1.406580502436819,2013.4898216642544,13.450098292279748
111.04446825160475,473.0709723902729,23.13949641493929,87.50357236461609,15.886594495143113,677.7341519484539,65.50531615386653,250.39967795907145,5.427940855586117,0.2123231930389459,1.5963834215027377,2009.9518430330045,16.158135988028956
17.403153669606443,2233.466650710796,20.51584390198716,81.8820773119829,22.58951632267529,1318.1486429167346,104.76951562406792,99.4421012423946,5.682288747657489,0.2460054567157847,0.8376459988959959,2011.716860877566,10.94008364685504
7.643862739227541,1259.982303710211,17.28588959886667,90.06654197641461,16.19578947501146,967.3825042297166,101.28319176379614,222.2284314751224,6.092654614558086,0.357091448085552,0.513482372218085,2014.449497628202,17.31274445103319
107.8345043590607,1825.975008597036,23.175967685500023,75.26624874859228,28.1112315172514,1437.9687712583602,89.13276581621062,117.40970220022334,7.253750702090981,0.2831417536394403,0.4575581514680231,2014.4985671315133,19.24062601756012
204.49375934739444,2664.72873653902,22.60761175268997,69.15381361488076,18.320989382503715,873.7982214164679,72.03662724818464,268.9265729882993,6.1946644229813455,0.2380527164078795,0.9336571431572392,2010.096647800588,19.33583447484032
73.4702599836937,2142.212992481442,18.35074714155512,85.89732710774624,35.74703107353273,833.5185297624215,32.27159154726761,180.39555817643327,6.143257783781646,0.4959425452327399,1.143708912047098,2016.7288747355071,10.235946572989205
199.0504560130736,2436.4263616694248,24.290806003860435,87.9332801515571,22.066178853029008,530.8413168557415,31.4424908421751,304.1890491929897,7.939585917863549,0.1166052150203871,0.601253139802521,2013.492103895378,15.41909648630841
94.77503699477676,1242.6818072815825,14.491181542995625,70.11099363752619,30.959154106396586,1377.8270050248611,73.54370350100668,109.58933522852588,6.445858737867297,0.4205912759157017,0.8813609382230215,2011.9187277048884,14.5841478109879
16.148875589559026,2585.532091601279,18.233692198662624,76.90660735769758,25.454392622712525,476.7109511777376,36.50082429032731,204.841946131602,7.848017937763605,0.1188207919173842,0.5471051204715452,2012.8104398340936,18.840881143121145
23.285225740290883,2463.52047574798,8.752694814936012,83.38833838815015,26.508976351875145,1147.1895201592538,79.59477183009355,250.19815949017865,6.743687177953203,0.094944119477105,1.334909196846411,2010.3139612203968,18.99346550081332
10.276384472490784,191.1820042143454,15.231159077056583,85.71631384464466,22.26568560342911,1071.9116169089027,95.63111871432532,268.3433984089014,7.480977058910259,0.5468033469737079,1.422175545047078,2015.985228622225,18.19023041262293
20.3057877866024,2641.0248773714225,12.739765367191067,72.87230231611541,37.27022882158386,878.3606657364357,98.82859567597448,54.666381234872034,4.866092696120885,0.4610914550119189,0.7448296709635321,2011.1796945455744,13.934513049407595
119.26569190144129,2086.013190570209,17.547744857305624,81.44147171951923,17.935389307348082,1324.868981971742,54.32158916931958,142.6538100161754,7.633941288412213,0.0313766796512765,1.4725075235604272,2012.6043355886216,12.489917617385355
129.90029634064808,987.5292243377492,28.6367792569262,77.93817571749909,31.879807365160232,633.6660903755403,81.69903257730714,226.40023345615813,7.633633111623693,0.4505871025826433,1.0686655261003597,2014.9946242018752,18.020117380974305
44.48826947007693,300.12028849977,18.110187395805653,75.38515696722305,32.554446348836905,882.889028244085,30.75056973237956,231.3669172032744,5.9171481796297325,0.2638391715318244,1.443143811643166,2017.725128389469,12.882557495173865
177.8452188322478,3568.081600788899,13.209431951734604,81.18005860430469,26.346090751718933,319.6711087295574,55.480742722866445,130.1823138174565,5.1269374496667135,0.5440538912078418,1.5521979642018475,2020.3340341682,17.478317064170675
22.160824449524817,0.0,20.85765896585857,77.35155691320156,19.950233804306023,644.7108309012795,30.19323471680527,139.32937022592992,5.6545974327890125,0.3289196790779246,1.6580998033518388,2017.3411108079968,11.885497310649791
60.16166646777607,2224.673013314301,18.67107652681944,90.66420301972713,19.02500794264933,875.088698387791,111.70282468543029,111.69726361785492,7.105348942620639,0.0535276921582143,0.6503173192868348,2010.8434069074065,19.19303045848384
149.3291317507263,5131.977401030646,31.13160635312633,76.38285892273684,23.35814473000888,1053.3355667976366,65.07518597824033,361.2745209908076,7.732629631917026,0.1354232020723925,0.4953788382413226,2014.9870622289063,17.13670111611011
117.24214014801898,359.42124817309474,29.487957047246365,74.13869563073649,29.47090690940834,1212.4678898633254,88.25994010701935,368.132602906205,6.121542541854818,0.0796012023881917,0.979941050655041,2017.875440481346,13.313433223504916
155.2607941877682,1755.8857781002257,10.232044478615052,86.13935910381956,29.523743692646946,269.86035845203696,52.730891958110206,154.42090558889524,6.205332899943061,0.0343603402970012,1.4704452683707554,2013.2157141088069,10.332123618868271
95.2798052511871,3893.724725298111,23.56134765956588,76.47228671651081,25.092728924421923,323.7769415269213,72.25997499126937,94.30204572948269,5.845931075307298,0.2604840910742264,1.1661032968217453,2016.797742692124,18.7873323794447
172.14562808719458,1222.486767490931,16.652905069146698,82.31058233185732,18.22556483552521,1378.044642208589,54.60181063485309,235.01074202106832,8.174930295510851,0.469622686186124,1.6300959704077302,2017.720947738132,13.863635940195929
180.9952800965504,2192.4699959151985,17.796345649656494,74.65555083671359,14.309294334240851,555.5705605404506,97.7884213520889,218.65719294823657,6.987856353379169,0.4213800246200158,1.5672009050725664,2019.6976745887864,16.95048839725158
189.67978389162064,4425.029573374259,25.425673213932583,75.23109599133487,24.03552010619848,594.1554739760718,71.61885464453194,292.07886068085645,5.254538059611377,0.2996286245352288,0.5582470164839034,2022.164268424412,16.1828653820605
170.61097294362077,2608.7489392067946,18.86813520787219,70.00124823039148,23.8035769131068,798.8093463835538,24.55442518817277,40.19307646997608,5.164915538757652,0.0687889722532903,1.3138638203891717,2016.530700730232,10.597311560282066
83.25139454791864,3035.413426241155,15.104056460469137,71.51293324015582,19.00984181817386,1042.8666314120717,71.46363603483253,270.7649949750884,6.4138108407025625,0.5690610935920728,0.9126368293160294,2020.017893020718,16.20345558298109
133.468925447791,5147.209533124977,20.840409404365,71.7584153989702,26.84300430787809,1463.3653722997087,57.66238681535067,225.5261158710357,6.6681174845295965,0.1626783132792718,1.4198453938221702,2012.0220552649416,12.080480190730636
193.58707703578108,221.04960601370985,24.4528935432421,90.34933005448455,27.78910236046632,341.35255612781793,40.92588859346976,52.780179660853946,5.341836985934876,0.4674908823196574,1.1958077906446194,2010.8142461532784,17.067475978304138
32.449142287479795,2029.6180346594297,23.3772536134025,71.28183287571443,25.04439553167162,942.9012244503466,111.23116749504554,108.68460725542806,6.306173568770174,0.4743727749518725,1.6673452800955302,2012.152418369585,10.68409769420357
74.36938002442943,4233.345482477367,19.519248585387786,70.26018500813387,31.610925763709915,1137.9815696765058,96.16556335825716,345.5659949948049,6.704761380188749,0.0530059329943915,0.895291228303478,2012.1351224472896,11.726104853926726
173.5298661561121,4271.687879467094,27.184178847067987,74.00517832591758,36.01271757921338,481.93029099479776,93.7892329141812,353.7386702993503,5.461603421359307,0.2485552600694311,0.8576493956082886,2010.9551530552767,19.49764665704445
45.051000477576025,4496.118201587426,23.349915290529736,82.1527101065435,25.1033379294251,1616.2335656097111,34.51503210515922,192.64997860505008,6.161111326765137,0.4508929903627679,1.5558868587707533,2014.5452341190503,12.264921109528176
151.49665303262807,4895.6657998018845,16.482245382112488,83.02125342896412,33.36635876438447,244.02113163372883,97.48931156039669,323.8063867073707,5.462088309954584,0.2866093300825227,0.4001069565094493,2016.6359695631968,18.973351235401864
161.46864207763372,1362.6078908526342,28.02493478274956,84.52899361169041,36.96136004187708,417.956583902338,106.33642564233936,142.65937142397695,5.735834241216394,0.4805651840181522,0.9701570470944187,2019.7307537818729,13.070556794256524
18.607921235608845,5241.511015379333,23.36445141693666,89.57135238088799,27.65442025720257,1181.0088115710691,27.641544908090268,312.6989730174373,5.677438123169846,0.1036166316222245,0.9527141934236324,2013.474618401499,14.00666097136145
144.55116782612916,5601.068294671919,16.775162636940458,77.13875890358405,20.35595987177715,1114.4355178137337,45.29255952448048,254.29142154406992,6.684043331396821,0.1729012926053919,1.0966830136336356,2019.6812409616973,18.35052843811512
162.22866551910045,1230.4732664028045,30.238130066658087,89.0612951589156,29.37409906805951,1075.4510715803428,72.2479735455668,226.14872191778,7.548404589059059,0.0226096663217939,0.9437774298272908,2020.792290981208,16.894097676772013
177.69881898161336,501.6970207194005,23.491715205257226,90.57838624471398,23.07690277521011,1332.494208231838,76.96575226333172,230.00852979453867,6.958467869379827,0.1802727399706881,1.23543960664733,2017.39024413359,10.724156272200284
55.33093164136393,1980.089100009266,9.26580589501664,89.7635714918974,21.67405327298243,1035.4916100074165,75.12941352691188,304.7905784076765,7.714703997004644,0.0329433234943256,0.4840224528040707,2011.837933844591,19.310512665384213
69.0979648911626,3779.603595711171,13.724383268433405,70.9969293390683,22.755867801010226,321.416880095031,37.69118485864091,95.57314081265854,6.896424000412013,0.3004285419097051,0.5348940863715376,2016.900834637857,10.637362613137611
30.00898524457513,118.37878285925832,8.553538305667882,80.42519132861834,32.39578871312625,1567.246514765853,87.65849936272598,219.008841262366,7.356580422793869,0.0016852214414541,0.8228276242771778,2014.2780528205487,15.912282169699576
213.71678043663525,3995.75764592994,31.21540741010488,81.05503729434362,23.602205777636268,1081.2262018128831,97.02135967033672,340.50085958048686,7.679246469514495,0.1487253253601945,1.0295078476086443,2015.299512259628,17.49076930750534
180.75703185758684,3043.054667608339,27.37214763537984,77.8026762677762,24.26178929323001,1248.8790567957408,93.15967989993712,200.62502243737853,7.317310839802841,0.4795939724685905,1.7419252464892123,2013.5043831450585,18.2195754560057
201.42856338365235,1719.412206162762,11.09298295608657,87.28236704976302,34.63897375003024,1321.366091534519,99.499233143937,204.39451827819897,4.776462338759467,0.2498580015946925,1.3950498124489323,2018.897148988833,19.11140376100891
23.08238166910852,3437.1344538172966,8.457521048295156,74.33716100579032,16.3362235826189,1200.7834357517338,61.46930982625743,238.28764257867408,4.861763682142919,0.4783209631765538,0.5738294291607071,2013.0178931011187,14.325079655835903
145.92709006477637,2993.657366695684,20.785373263633392,72.60325152245845,21.688166834685816,588.58565820349,38.25715172420658,282.9060800248233,7.344909011578642,0.3244354722901409,1.556752138492483,2019.6920652160368,15.514407751432104
0.0,3884.290689851037,16.938459761914032,87.62616784961696,23.72869972823958,481.16797965132514,75.57132726243232,100.207148017685,4.7253698702268245,0.2598234681999033,1.0721942058165106,2020.786840365408,11.42347743476228
112.24323116478716,5512.644849003822,11.03030662549452,76.27128717516105,25.677552073412137,1268.391276563474,89.64428310173106,103.90985175893915,6.447463697146189,0.0240785484077349,1.2801205113450291,2013.570765352607,17.130016149455912
162.65812373823547,5621.745290754011,24.662691868174026,73.34550500752647,17.899795197510574,1408.720207048441,28.49533900561539,301.5572684299074,8.119641846883074,0.0,0.9635848973193772,2019.073015767712,12.933434362430225
170.26822265742192,4429.595397054645,13.231854120906425,84.74388801291563,37.10614445431274,1683.2610948370666,105.20018548543868,117.99043804399884,7.736285448784855,0.2003052377137608,1.2938480098078422,2010.459104782356,18.552626484751507
10.42377302915196,2297.3389694454886,29.11314045132107,90.70714292055398,20.66973394058819,963.0091179028824,63.269998918603086,180.01643851012628,6.148576891438289,0.0834916375985213,0.8383453972670775,2017.275599921664,18.38814288163054
69.72836091727574,1981.945221949632,23.67839865966509,75.37662413123742,36.62898545638702,1491.6004661880716,70.04939637694932,235.6540538586497,4.9126130690039895,0.3134146282032168,0.7554850491890932,2013.231048444853,19.269381979464672
159.13535532679325,1464.7548835348675,14.231955245918757,76.64649329971873,31.237484600657268,426.42643723343554,83.49160858439657,122.91038439503436,5.174476672624197,0.2912191011158324,1.6177887496746246,2009.470047756776,13.284104758169816
25.72712406457049,4830.098262838917,13.176923563991483,81.72208641318895,22.553097162803585,386.1422957246812,22.48195120437553,242.0636132270924,7.063954084112064,0.3457021545042279,0.2911265026983327,2011.2160509639368,16.964716613132147
172.38511935946164,2390.796413519057,10.623483734336892,77.54497243994072,35.73380717440711,1101.089602977875,74.34541262739573,218.7205369328838,5.752168371352004,0.4763216341170703,0.6613309393366177,2016.946420556029,13.65038385326217
35.25987916841257,3605.642523891398,25.212708306716863,91.06800884530728,28.728694309524144,654.4560078508225,48.40321037389423,179.03906354258743,5.449695945217096,0.3813945950677879,0.8816087191509704,2020.4177831903185,13.122145318773022
150.81305515836064,5478.267122926318,10.824541639467036,86.03560080397769,30.162969456279782,640.4050557625561,80.30844408801572,138.8570640068373,5.79868258091306,0.4973368533661282,0.8918771268043219,2015.8403054168111,13.237972710238724
6.3843862584333175,5076.065670320013,24.40310042635865,77.88739936780617,28.831544177405853,1367.602982024183,57.93464868658102,355.9686799575389,7.758017213218472,0.4142810155451813,1.7309244517020148,2019.6238108008108,12.051780547599476
82.23347794910175,3634.567423708748,22.08091104994729,80.95395962319732,34.368179819272264,1006.4527408695332,54.10806982168917,100.96818619846812,6.2367289858182575,0.321339537853035,0.7770211374453351,2016.5717675819712,15.48544919788869
135.45491741639242,413.6904568903725,25.339689805536644,81.76645971288909,29.016224190503447,491.4893101931839,103.9384624448152,123.95482224216109,7.406808868172506,0.0924488267423305,0.4966373109653851,2019.1273185119287,16.647191544372895
74.84853318304026,2981.443391275841,8.307699138397137,85.50125557451577,27.15659742676614,1205.4821339538892,73.43567225452932,178.66600417392226,6.671345500046009,0.3323268268455879,0.8100571169496421,2018.552119358778,18.16663113275755
49.25097705196795,4825.351898289532,21.77588159709309,86.17387763719563,31.84260335613897,1039.3340932138822,34.13814363478551,79.27453708682708,5.937774584858111,0.2684622744628606,1.343050902072668,2015.975466318906,10.234924419101697
8.419742427911038,4308.701508818458,19.69581515482572,71.06597878667657,33.87287622662235,807.8282660237395,60.45646818894872,118.4148891990886,6.2671641940096325,0.4311802528473378,1.6804234939104803,2013.39405252309,11.097790623810123
97.56830240476616,523.2754078863497,24.16818983501633,76.155026142736,33.16216535004772,1543.262411847226,80.57995020215832,329.9420161847365,7.543369193745933,0.3682440060377649,0.5360819110749485,2018.234612064013,16.28870585053309
0.0,4948.068336287546,10.75521880777876,74.71329495773793,23.083774598079188,894.9759096951132,83.66697861144516,54.0733554115601,5.895909650564187,0.0,1.2930564817864567,2017.2861694077355,13.843776544295125
115.79260314348484,3891.332594475604,27.5265730889075,78.64413985853848,27.20344235002678,514.6266516547159,108.85034659020326,106.99832700521006,8.250838908717572,0.3886263189604306,0.8902134116090372,2015.294484841124,19.398454846958742
92.6167958101781,3236.3571073617813,17.790824050912416,87.66699857730184,26.03230404686514,351.84561160492865,77.52078814903959,327.8596178996117,7.6857715001197855,0.2640665318426032,1.082158250584254,2018.640694216906,16.12525288876113
119.71976429061584,0.0,14.753859014103575,75.73457123278884,27.631560597559943,1540.8223698155211,94.26680367115354,47.970804031158174,5.320482260948436,0.101908356081463,1.429591121232212,2018.9435640179115,18.748746902648065
205.240012801026,2028.367575604336,12.456817031610523,88.34347596769244,16.65444832101622,523.4683921957659,60.152497122042114,163.9062721472232,7.779741354339719,0.4024308457331763,0.8983269976870701,2021.645303233076,12.12894678118876
61.29280969456566,1558.3394901318925,10.87098990293648,75.30752169343798,22.13609771976273,623.6307228278463,57.69917156237121,112.28608056965372,7.903230688736574,0.2547267006126877,1.1649069031601067,2019.9008692352888,12.64059111859457
186.9159134863494,4200.757313292912,25.7640297241172,84.76349178657391,32.70052630649286,1354.2287268445468,89.903657490948,74.0130779301605,5.467095534844178,0.3749997662339421,1.2899981098492035,2011.1071796777208,13.377943945381144
47.72797635826496,1118.4770882184412,18.88631549486527,76.27727722111054,31.00241570436515,1248.4488206594149,60.34002275235997,68.50198564119852,6.7317277182370985,0.1956992880302253,0.5363339839350837,2012.3781346575345,11.244798191103644
9.447463204362217,3448.706670929665,19.583784503269463,74.66157396867436,17.443704779832824,357.6982524926693,83.0638547542067,206.6826843806425,7.16499485691182,0.3047291813926644,0.7415815193547368,2014.21653926004,17.710393518389097
206.8188402250632,5031.825821320857,28.150790575753053,86.7254659826194,30.755634575633906,1080.322994059823,78.7147709500872,23.052086233337327,4.860784551449755,0.3604145109082813,1.756473028817339,2017.964610413684,13.637757305048998
163.30874045166917,5326.805804481162,19.048362359364543,80.94493671163004,23.85887141026797,296.6996805557707,27.69830471375403,359.9083827094672,6.540351042915861,0.1935402507531536,0.8307249981160754,2015.3379431601056,10.92638761811056
186.5926737145814,3629.5842882652655,14.32090655240063,71.19944413632913,34.20979050802284,1097.7293188196293,25.70858237691868,324.3839592621483,7.4880700766481745,0.0502464261867575,1.056280056128949,2012.1546426562504,11.781711778614005
196.9724678398112,1819.9823206614367,7.541987801562625,70.54186074951153,35.57298691062098,1021.7261663773412,67.60670268161424,45.42322304175315,7.926730605906069,0.1596224467907646,1.3489013362674132,2015.9260238676177,12.870086807469574
177.02428700414703,538.2419211395888,29.37602743546848,71.82788640114322,26.28410899878305,409.4837984918588,94.56344429083752,34.83021146120718,7.881981767829741,0.0317501306146458,0.6558984881810521,2013.6537851907367,14.494930828023026
140.34421201793342,1138.6104448316037,8.111864475129249,71.1966261069566,25.68226692595827,717.98737396534,78.65925916114743,312.7578178089958,7.760787002983709,0.3149486121998987,0.4648152212472943,2010.4999982260088,11.888865192348147
184.80291623821049,822.867768636092,11.4651899145723,76.92401562220319,26.51005247744088,831.2359755243976,32.76656414956898,342.88712513852226,5.419895266299221,0.3544320751778056,1.2680780115762649,2012.619305002804,15.348495496123984
161.62089200821669,2516.814953702493,10.88763702476014,86.49828530045261,17.816278024653204,1376.6705655763692,57.35850611453823,303.8906294741077,7.7690642952892865,0.0518409861967179,0.7841036426292898,2021.992427854632,16.588685620481755
206.2263926678184,5559.53685764375,19.317334307138083,78.84914545893805,17.79163120982046,678.5903661518754,72.50222899143014,289.645110674663,5.445168613364823,0.4437580277700646,0.4648881635851999,2014.72963268386,12.868943759941413
205.6882462806313,130.70201250806906,14.83704338801459,71.37719460007577,17.142715104607948,871.3198113782822,85.76278126586992,274.0844736351545,5.723486811450719,0.4250744127520388,0.8713021431313015,2019.691685209648,17.528852326980797
149.5416612765937,2473.1078097243685,29.863548198003585,92.03385394767744,16.00093797321231,1580.3397969252603,39.01540459950056,64.46047421634078,5.848724657253538,0.3413981333692429,0.4750933066847317,2013.6479196803853,18.543199843073577
29.286721305472632,334.6987084090121,27.486668749285226,70.39896456913931,27.61796181533027,1007.3879606737778,26.6173637283856,46.60030651421164,5.259868832505745,0.593702623221957,0.5882739097275032,2016.8350037949149,13.655870939560542
151.57018441354575,3832.9135039712833,20.06993172455211,91.21346560733734,28.82523570353034,1572.377246651841,63.50591356197111,280.4715108719552,4.9372879317316665,0.4351966591149825,0.3418512584694588,2021.234724288991,13.846363451197783
213.34630618954853,3371.9268312098,25.805013276230103,85.23585509996309,22.52611500177152,1553.2467529875096,47.26433526492861,282.0476353709734,6.152784685666826,0.1923950939241268,1.8611971374875125,2021.011285931845,11.187271495461102
1.8924548474588296,902.6790612421536,10.820602343419964,75.47369296182312,25.57379613298032,314.75919313532904,26.32624651380348,211.25307805877804,5.219917135918082,0.523097587311416,1.5615712492478335,2018.55103539392,17.67188588321148
60.77731426874844,840.4474366051594,25.60611752457409,69.10430173156692,29.911053791178144,1625.1498558329856,70.70984813425274,20.64406199347636,6.524994824768814,0.3366326270458482,0.9074427845793998,2017.2858018431225,17.526161635480467
28.881792590428827,5168.583240702219,29.151754621042542,79.39120666195144,34.53374453000718,1448.816332230655,75.5819115840287,179.60846160202945,4.984569083878654,0.2910566688091559,1.2757970794176483,2020.6007716879767,14.871727542739922
4.042236427517169,2135.6621912881933,31.75623060533801,72.80491231390766,21.288123349684348,633.2256993686499,100.04472456945356,218.0550870134262,4.852310331418503,0.4323419678339474,1.5542691553955437,2018.445377167733,14.381526204684132
48.73670845766316,2641.8880227008817,19.055985453085984,72.97850554113889,31.651280176945235,542.1695223504272,17.744255069152715,274.81177946893723,7.929579461911199,0.1927046198980012,0.3733155529761949,2020.658840854283,16.01464003853906
49.27153862689844,1640.8146522752702,26.591538292317583,79.92724514039183,15.823007680471258,926.34717441856,105.22324076666273,209.6856280631352,5.999205872051913,0.3103687957437502,1.005571240321211,2017.4319691547528,11.293303590078198
81.791967679608,3630.835152423792,23.566652670722736,73.4955945862115,24.918379218001345,561.5535208947992,68.25567070539506,61.39084927744864,4.555278109108919,0.1519882241053316,0.8721549297186988,2018.826316262228,15.226230738509408
118.28824164750596,3897.75266659761,30.733606196865,70.49529830854853,21.412898939957376,339.4629521086998,103.84720451290282,143.3307118191047,7.217471434581956,0.1035587268019506,1.2139833808875995,2013.427094228569,10.74496031260425
8.677952037737949,3120.673380204875,21.11449591501693,87.55034596828159,33.78910680276533,935.2615361739286,94.49684728601147,272.8244671657922,5.442372464759683,0.4514014699570505,1.1965287780589628,2014.57852798167,13.140541223329915
39.89533816573759,802.5835399763773,29.27517340994617,72.68279135498926,24.272332482802444,641.343921598688,90.10158457017288,288.8912917451807,6.549919756845347,0.0,1.487489990951682,2015.342782638112,14.682726287472374
88.52626854509373,3521.095113553141,26.83051457524348,74.27171257730573,26.07173271288605,1595.45109880851,74.20322855653274,89.58055813181225,7.904614104350808,0.3741034978048235,1.3599474532749896,2016.3738474353493,19.463003124607447
0.3106734112573117,5396.867908147213,22.43156558259665,75.62082093791679,33.60585536554795,1448.5079148259229,102.81219475960516,291.1103844703085,6.92515968396962,0.5461951992756864,1.3610276506209054,2010.045978427372,18.06152558919236
127.39506342026752,3267.004318098888,11.662374800902484,74.54266591205484,25.075769766160228,251.76500956934305,34.71161197359971,71.8861413381951,6.513929595174882,0.5393927347540852,1.272081868567344,2014.7986608680767,11.572143653338754
131.84553835443162,2837.443871406286,29.775290323715254,69.0153922353415,15.826017517737773,1267.5983713551238,41.20543925749914,311.3870749776094,6.680216433600464,0.4554901542101474,1.6541946478260927,2017.7788147302945,12.75345856192794
196.98798893304107,1364.5910187467744,30.91835777155569,91.98086861583758,18.66648909459589,930.310518554987,93.0416709492682,349.0494709301888,5.003543509883356,0.3668340844290404,1.4606568417916552,2015.874729312824,17.823605164849155
73.18829991172207,2515.7563134058228,21.625403416833343,87.4808754777774,17.656104975769665,409.94560101211965,53.96919160924245,215.3305930660467,5.87669217454806,0.0638078820320843,0.7758153141299954,2014.4183028080624,15.971975675458012
60.880281186756896,938.9813158001552,26.953504487372506,87.70494470221325,23.008255462303985,1443.5069067858285,98.75274185803522,325.2254649799348,7.588925676291789,0.448655062561127,0.956162933174622,2011.491952766353,12.481538053517726
128.09774210583578,5053.013784920427,26.81356977959256,85.96431008872236,24.896158874012578,1172.6033623158037,45.42243822284326,341.0092827901586,6.85529995859164,0.3891042506453125,1.6846417837290688,2011.260471605739,11.486662407539765
42.143773364724815,4549.056794028751,8.60828593525398,71.3742943655281,23.511335234815075,1296.4230048347565,106.52170348175378,337.62563763756924,4.8301300031706935,0.3289664638963541,0.9543048183395284,2011.4796222034404,15.831415726026052
3.897762933338965,2828.4197988952133,18.43872694011513,69.79217442904775,24.164522060190464,801.6354254485278,80.88802031030947,253.8829955925012,5.201796710965965,0.2334674498237852,0.5690501382042923,2013.901472904344,14.694234789084035
15.370749053242744,5134.847905742542,22.217876576172937,79.33084587679447,37.74912394810645,1583.0239486503035,53.86014619339402,164.24378201624745,8.148057675931652,0.0669172112115068,1.6686919541413212,2020.372182952544,14.026969473191912
55.94293362225476,2880.960724812036,14.929842325136482,79.02107163495444,19.484909627377306,842.0723562376703,103.68171273839567,203.4635987321793,4.879525255206019,0.5433508444188117,0.6170395340096929,2019.1098920400848,14.54947589120271
109.45177487506464,284.8662687219208,22.25663006250964,76.23637419197377,37.47836002048476,940.7672848208488,104.23650446964834,200.3351119321266,8.029297198882038,0.4348335641867229,1.7222970442906904,2022.182259522772,17.128367849298503
113.89105671330276,1807.4549154179908,13.218874652067765,91.94612889937942,14.050621282064194,1265.5011346089016,71.7849307310938,151.85888004535494,5.090555755145908,0.4940658620535328,1.65787468421643,2010.796455919668,14.624700493603008
192.6025938524772,395.93800272167766,20.77429396338471,77.53218361929315,32.54941040770375,393.7790795963888,47.468420091401214,238.64868281494623,7.714907698279166,0.4849869733454122,1.1327461516283042,2013.8617565693748,19.292869218096747
65.44981941886721,2701.358858003885,28.112725324314788,79.46148899403907,31.07091413609213,937.0326933439331,66.78328531603404,238.6710085364652,7.711721082129206,0.5906977945836848,0.4511044155502723,2021.976432911827,12.261733088484153
47.45851576122145,3722.65313814369,10.223100105347267,90.34481885016304,35.531665157764174,1138.6865015608744,57.99866786243545,275.63442216734626,4.925372854382268,0.5951439131473062,0.4194029881110187,2015.617058368432,15.676455197581877
70.98472863507742,1396.3202566666196,18.569025911180105,74.38660940029415,19.096654659494483,963.0645309059804,62.635898116997865,71.80809452412254,5.367352702723942,0.2432280248965493,1.8350319059239943,2015.877482388152,13.584144199875617
92.94742926433288,2288.6316270768407,21.66340501010309,78.77999990270123,14.91886496782512,1127.6675673106422,74.94903668212775,356.1190404436738,4.872835296107781,0.5309909417963977,1.1219607378242342,2019.802843239344,17.231189207356305
135.1442940582414,4926.1965371769365,16.415056151697488,75.96206720536007,22.08610185832829,526.8192228289962,27.654353695495363,88.29881706378764,6.103614129562402,0.2978393800588773,0.6226306597088443,2009.6168084796773,15.399518615484922
194.06351794381047,3441.147414091163,14.541385338527103,87.42026155226073,36.226735486404415,482.5130295312152,82.68348304614965,250.0549065753944,4.98253149816205,0.1709680830345382,1.318525728585001,2011.8068636636508,12.17446034474537
123.11120890995768,806.8266147838931,11.948063965799582,91.4441522322754,20.417365820258336,450.2218730458744,64.27934979116745,183.7010419739589,5.689530427451829,0.3400352941012698,0.3822022144365535,2010.997376607937,15.53053958480638
71.56441894848577,2157.3365663467416,28.74592754922832,91.06091360185395,37.59178479740662,540.2029630254046,54.11280416034266,270.2072866236034,4.850078561878902,0.5894219060732854,1.1070188942066677,2011.925875709892,14.332039174943592
159.34508256826783,3345.5678924192725,23.308401165533667,84.35000363780337,31.40486014356636,318.04034042127944,64.11897786855639,207.39951625717043,7.078661357999275,0.2909596787474542,1.6061663608470012,2010.359625198892,19.39402796291091
76.29998008424779,554.1834177933675,17.053766376107575,69.74340142440961,22.82581061797693,710.3012138922473,69.06232576694434,226.7562703391524,5.247974222938199,0.4177296395751285,1.1248135083154438,2011.6626723688853,12.617898441341604
197.93924636744327,4500.419399846018,26.25364748054864,87.22406582915852,28.53094451515107,434.3979589159055,74.33260047735892,100.27814387935524,6.085720068531054,0.0229755760727406,0.8422885723406621,2010.16663577307,18.590537790807804
7.938819092588547,3355.238442668709,15.537924320433254,80.61256747548619,27.381040305782605,476.97368610025376,96.5942829371382,92.30819848062208,7.69056409571883,0.2720316369086723,1.7634029626117678,2010.536562474592,16.991610346617353
14.243230253168942,0.0,28.85118664786708,84.59947699937744,26.52806040303619,1332.8376824579748,30.6617445008102,164.39112872669787,4.956041605746569,0.0980145269359694,1.3674927291591397,2023.4882219323777,10.366711786132145
35.58386154339436,3007.956606683512,18.1405358283249,82.68418849099751,15.91379859041201,1136.3431097762082,23.968562098309256,272.9099864618751,8.06993233995673,0.5175878264999882,1.03421151480096,2010.729499547009,11.967422885401136
74.26478700372333,2243.8530218723818,8.082786432894455,85.03927865212904,23.89550395858158,999.0832937644986,69.67194643529841,139.59048574180125,5.697532120324307,0.3998242035293379,0.6225507393466944,2021.725835459008,11.84082636992972
210.7187567337904,542.4251831884588,29.15005782045556,83.91073380924685,21.324771719465804,1166.3439332337643,72.43609985935744,86.79115924869362,6.58520811426442,0.0987478216128267,0.7877125552953872,2019.7074062272447,15.507423982933252
150.40532497193738,4681.483957198677,19.99464339287257,92.58800948871183,18.834912906314624,552.7892833517834,70.9274319079363,185.7453540141352,7.390410326312087,0.279101814212225,1.737664099290541,2014.0735064193973,13.53203557603392
75.37149773240634,4876.671707372702,8.930376268293292,81.64068558502524,34.65154359637503,1217.0167074512287,24.87021462731972,105.17963158100292,7.267668501963947,0.2567907823865746,0.6920332644032371,2016.0339233098584,10.558994400798206
35.46985605876805,2365.783242454207,17.845389445620857,91.77180908963282,27.60298740800756,1148.4008944872428,112.10069886456267,157.55444140048894,8.180752885555796,0.495489006798421,1.1664501729359529,2011.010297642704,11.11138048698392
189.72851558137376,3990.445925076832,27.910621539802044,85.26310135514382,18.83656133110582,1441.1013554286485,43.47131393824356,105.85052378058856,5.112085930754662,0.3899765195925518,1.269946975105619,2011.394648605731,15.128255398197725
18.47415119094572,2454.051557045489,19.331477754542828,85.50597928206845,26.070439546813606,1249.7913876426408,57.15727858550095,122.77085728217776,6.047790748217659,0.182299188437448,0.8097863272552291,2011.6781811677515,11.311117996937137
183.28914922386764,26.553991347299643,31.34894775195661,81.45160192681114,23.144098643273296,441.4337404418254,26.783610811935244,228.5488617274016,6.639387604877475,0.2003201249778142,0.3882768888440344,2022.572433547966,11.00034582190916
8.14475100306343,989.8349244780634,17.09786996464912,86.21875510047539,33.590594499151095,1458.040329151208,103.710094378245,38.85495201036289,7.816237839816434,0.1823557777574576,1.108905703946288,2021.807075760544,13.092684405368711
178.60620244150908,1526.193939807961,14.513849219631824,71.83809774319641,21.03240239943367,1197.7856150928344,65.34710794887616,148.47601372669752,5.159026159678136,0.2006465021457143,1.4341759038323818,2013.771109304264,14.609425564667651
124.6719404814948,3300.5227896305405,25.391521147692483,89.82454176875696,21.795983141587627,1055.2637293921025,67.83609011436623,51.40898506991834,8.107330063454764,0.4559655266455997,0.5899727962196974,2011.3593102252007,18.961816384679945
20.911314333323304,4551.75552501747,30.83226727435699,78.76120502084603,17.15700185217112,303.1510792424428,26.57511478183396,228.7986417337184,5.85540535122886,0.0848068535820158,1.289926305700874,2015.177923490885,18.366173931744093
13.3334004138779,1469.4113706537782,19.44557870835581,78.08038067460693,19.471925575680025,860.6136569652583,41.535757580304576,246.8894057142052,6.486509977728713,0.4395038335326007,0.6828515091092318,2019.2715671265305,18.69424490778347
44.80069875947429,3020.234441562308,14.797541166722889,75.62862736232827,17.230101556844602,349.5484244523033,35.40614533824401,173.10997322451902,6.821528293343845,0.5272915463019813,1.578818431098442,2011.3424609713024,19.10036365520739
114.95627518149747,4284.647729894533,10.459017955220558,83.15009974304847,21.34674617846225,784.839434837789,26.512508629019923,381.2471060859572,4.811899376881118,0.4244954336415351,0.7281987045633718,2021.2241888509395,17.856910621558733
80.85911593534097,4759.794528759104,18.95049686311235,70.2945475022424,33.08866451021644,476.3837799060998,72.50307602748879,254.35012479731068,6.372536323429475,0.0031209036282981,0.9908905470931954,2022.111805014468,12.629748644916322
89.15387225863611,4019.8637147707295,28.845251902635457,84.39529148330759,27.010600138173857,1443.186004545552,73.76595952635245,58.83745102232443,5.88691912696587,0.0677807863636154,1.145601192586856,2019.8995142899755,15.306401516702577
139.2464144337624,4056.41788042196,24.41211796664912,91.765857902285,23.342674388590343,783.694607598308,75.17538458960539,126.52476228630452,7.999331070385367,0.0814639403445866,0.7222906767407289,2018.828151402236,13.921420902488451
129.63701590709346,3483.018037183622,15.152483602701311,71.39981729496317,28.33258950737264,448.4606428852205,35.86957664664035,170.33372533999034,6.809964504383089,0.4873652281367974,1.5380687483069728,2021.768889955392,14.3027953685664
192.77037616418107,4690.67945951608,29.132929774791,87.50745509683225,30.168015775058407,1063.431511173187,85.64968148355545,87.93079698713102,5.090624330033445,0.5239822946838243,0.3453119751787936,2013.9736720029985,14.990454577558337
211.91057788517463,994.0664400431426,13.31895999848168,73.67295935892247,17.390715605565177,1210.3134752928008,108.51463935140404,373.8717908002996,5.807307807567313,0.473211168199559,0.448041220511548,2013.6787357196515,14.933610467784682
158.34063541069688,3114.713414406728,10.395885925958504,71.97735103950497,21.88087165956868,1727.1058293112594,46.16837117842694,239.04799651081169,6.864288599771129,0.1118241261762667,1.1514802553612675,2012.3093775363468,18.430995884424675
102.91706062464068,300.2291255146212,22.724034229723024,74.83659583567426,21.21448479540715,786.8727997795281,42.75467480244932,131.22310555726813,7.47327226179849,0.361068521382069,0.7855233661005417,2009.715641885688,14.98319360241647
98.92259917346706,2633.5752210339024,28.14631286730138,79.73743419370624,20.7793516786054,1466.1266133689105,49.45943485517398,341.50795576113813,6.497619611650461,0.4541120598202431,1.1722111511905553,2010.3625515889591,19.343975648556807
74.92470477561027,431.1526726025029,27.0841088329694,76.23658636991975,27.82028989020524,557.8599008175152,31.223935486251087,307.40819297752387,5.240325315207832,0.3896585157723942,1.7495493066329308,2020.4429994344705,18.668126584539927
73.69007698515193,2553.303968414114,18.945374678050747,89.84340689291359,35.30493534077192,1588.2410082929682,73.9651619919299,215.5266431025859,8.229068079093455,0.5483034310209127,1.6751224632444932,2017.2003874883785,14.345571325794603
58.44479849508214,2284.1034854549816,10.411959547553543,90.60991418627196,30.68767384388971,910.1623804944148,39.97007662043792,149.58126468406087,7.678345632415413,0.143931909647099,2.0221382022760093,2020.7179806503475,17.681645568660528
133.4663733850569,1193.7608953587055,26.995138130261257,88.4420900740744,33.60191373933717,878.290505074878,53.5332344281538,217.21550319680395,5.184210112403579,0.1734415802172134,1.3586543208106003,2022.551209181643,16.445719803060175
134.17539568293554,2365.381759991335,20.927007131921147,92.3016443561753,32.075092618076106,1782.8196175610149,70.89455430040846,171.64225236552093,7.623325350691427,0.3717236864135024,1.4451914136698143,2021.130308604235,14.664740063834753
126.33984379060496,4757.040191788393,30.997164110767297,92.26093002942136,28.647724109947205,801.9067787557414,20.394847746400654,104.5648977347313,6.242245832292899,0.0570105041215153,0.3464397142222968,2019.289305448047,12.08910370342762
76.41794590558925,3731.945519335428,24.85802742460309,80.52759287635625,33.72506754975252,1327.9667824614924,85.39810316073749,261.5841647548553,5.912552467214774,0.3872103689869868,0.6115343593989067,2015.664830827479,18.047900564096032
84.2765773368237,3175.285221343637,28.64328675039533,89.9853649931581,19.88573014692006,630.8963097206804,33.497002813608695,66.6147473511726,4.922858166207725,0.0,0.8463805341109989,2015.622694216505,17.493143738333778
109.63565481524977,5282.780399468847,10.51840725631915,77.95255009133584,34.97081922169625,1365.8482686877865,64.85183496637445,252.76531152958609,6.22684857719691,0.0882177053102254,0.9954505212733048,2022.8900453536496,16.47804752214438
165.05525062910064,1096.8441575847692,21.461318007761363,81.35185956889016,19.438721782670463,1259.4102250488263,31.385042245225428,245.52388064041747,5.406861305501478,0.2575295795194742,1.302724354531194,2012.846173857775,15.10766722367284
133.13288116607998,3653.767214821529,20.90003836660069,70.27449548480763,16.257211041907798,829.5279314370102,96.31790086990284,294.6925010409832,5.275825917301323,0.5042200057988161,1.1681283344066766,2018.5608390171951,11.21175617885707
155.45267399721786,5425.598072308083,25.78365434705277,73.4626362004255,14.15804261681084,1661.3101659553888,99.95791252702672,120.5272810464576,6.611956023567865,0.5007484272393454,0.4449298353179448,2015.361166358486,16.953355183526057
133.28375415166354,2805.1073156134744,29.489652904680657,87.14428191668546,31.943452590887187,1086.7636844391657,39.21344476686247,263.6519883209247,4.552866678560042,0.0115515732584118,1.081190401133235,2011.1015079582808,15.41234634273708
182.7236557432176,3949.308260103681,20.912684071791443,85.27684744106675,16.838816904076506,903.6022619365702,70.0393950402919,276.6646412498463,8.387327534851625,0.0517061903192878,0.41185176396855,2018.811494304775,16.690098781528427
208.45604191659143,5837.141811313375,19.57851664692769,91.8840261122062,25.651174709883623,1720.252552710421,98.6920526533797,145.1862708780403,7.590701621485076,0.2357667584389647,0.7537492177323677,2012.9987003532783,16.724397359927707
179.79776156905132,4822.327763050655,13.328490381326038,77.50860217672657,19.87256521902691,462.298061052181,55.211657581762125,64.06655157484687,6.34249842866453,0.3706707492032091,0.4322636633386562,2017.7945867607723,10.640650460269514
102.12744543592842,752.1465520950906,26.567273703340668,90.50143400937276,19.99702948881568,1141.050422848002,89.05781934388524,252.28222820756773,6.283303256622466,0.1359491183285955,0.3410336126731648,2011.760961836728,15.741643526468748
119.48069334956948,0.0,26.949910720286365,73.11806036648943,21.826063887397048,579.7168851940637,28.571141531059,232.3935515990957,4.382795621676117,0.544970931888726,1.459513351040164,2016.2994326784817,11.852936271665104
34.742662829569426,2340.7255379194644,29.36640580242573,83.92119182628498,34.78840275887956,1448.4359460487317,71.77904953756975,317.7574026093328,4.692172367778188,0.3418925636198393,1.1604423508024375,2013.413474961408,14.264402147043192
14.701333091289868,5132.718473689661,31.197055959675325,74.65624305840244,38.24298537623441,527.442357842639,27.98121338300932,150.37200918704514,7.371758867223531,0.1834218344504367,0.6123770964885091,2019.765720971008,18.232512528509965
156.6125530110904,4357.899536664082,13.306096457112934,73.08216661901547,17.311906910245014,492.065265686591,66.83280711287276,123.63192761508212,6.564068798611479,0.1496241513061771,0.48283673582551,2016.6779246967365,18.205750147257728
116.71281685304274,3551.2387879164626,30.1423339854532,83.8725419285255,22.350269205528296,811.0339930776331,36.016320065718055,354.7697099975987,7.656744738464724,0.0,0.7785670192252566,2017.834893056748,10.76621602266869
128.28531155223874,4836.570477868893,19.04344781671556,81.27134515050636,32.59129681959325,1568.8690080775737,69.2886447253617,147.13401800150675,6.911357358890029,0.3681274692410405,0.7058237931896997,2016.916028623988,10.43740908141386
123.55582163064642,3524.5255960722234,9.161739864053876,73.04562564499219,35.22648541096482,771.4407220233924,82.73285445336506,226.86976130339207,4.901916364742005,0.5267484421895356,0.9837485666367792,2013.9512830759104,13.765679279637736
67.93817539834086,1889.731348769625,11.60561036726525,75.80201137181628,26.71346086125514,721.3372524779904,18.867670048238388,60.22675263826433,5.069213159233045,0.4309695782947322,1.389721210719307,2018.0706557997955,15.995810262487083
111.0710426389462,1403.5732622785897,28.69874977106333,86.21555485843388,13.546380434336944,1038.7657906981128,33.17539503410062,290.31808039277854,7.940834565652612,0.4843243988086093,0.4439522916201674,2010.9173373846088,13.517067429795
204.6149961730848,2011.2121082625672,22.031780561004545,76.81370526742127,31.48642265046595,1266.25405545953,48.56468016855016,136.2300459559631,6.346641823201383,0.1116080375135233,0.9919225922241371,2020.176672363228,16.721525753516218
129.10393747946415,2678.5715883858743,17.298999258449214,91.89404921801622,16.855935202582543,403.224762698678,63.09925163727188,197.12068457423075,6.794575132066427,0.0404771615966843,1.766577184591566,2009.0757159275656,18.95019922254555
1.839322872629008,2494.7122472906885,12.787528608973526,88.37924850457895,12.839279205928698,514.2381304374782,114.7293344788864,159.32711540141923,6.040618445149813,0.5227787304606861,0.3871389440518219,2014.489023562903,15.067417347551
18.937997886478584,3146.5126601005622,27.2365397357344,80.02527468661154,33.55794034446743,1000.972934368062,60.10255865756744,94.91332532688148,7.325035906100157,0.0776029125958041,1.4057513270182906,2022.9920263802564,14.957402114861772
173.393515679622,1912.7206068738155,20.96915060098417,86.04263749142473,30.03493596214869,1833.5166561573235,49.43393899260275,269.21485515885763,5.740181591236289,0.3703257310460639,1.8928935444930384,2012.7492905498227,15.61472027979144
24.66277721513213,2908.404130145151,26.475153440099582,91.71045230706204,33.572486780671554,763.1138587369121,67.91153860847076,48.60577369740992,7.309061094393089,0.017336395205158,0.7346705319841135,2019.7075135944904,18.838803766206546
179.48709480498954,4877.598152264468,14.72157510910852,69.63878521979102,23.310066696929,1697.531400606002,77.12247076430175,235.5777926285032,7.423353334961451,0.2371036684587686,0.7899300030068201,2021.499848938147,19.49967881886424
214.55716138679423,5012.096749252309,22.951804620383427,93.74684568792566,21.97627518830727,1529.0552532128286,51.79794020103251,65.57959412217025,8.07188103680737,0.5164797092420411,1.945029337537844,2023.117191431587,10.409502855335006
150.51431773371533,5286.808255579795,12.759001390510212,89.02108633053311,35.09019283954144,1271.8088427614832,56.52036366965862,210.02350509534267,6.116897199988819,0.2114645825792019,2.023673884830181,2011.1273537246936,11.056187298945597
116.70833905972005,217.4511423739547,21.13566656357263,88.23006104131255,18.471561613556307,980.9159352614377,86.64629949032296,185.9722906515142,4.90047168410443,0.1971695731945496,1.084230602623528,2020.5079855618048,18.332889607202656
132.33063020016826,1155.3723756535414,28.012266121395967,73.2115032711748,24.63434494224819,1021.7451291985014,85.42627817577262,241.1327607687153,5.837764547547056,0.162389388676174,1.7161221429144715,2023.262368878011,12.57450223786639
138.77445417734288,5324.852760680213,12.880189091087663,75.95965604669901,21.517010702003425,1678.9474646903193,83.77024706596185,217.0990015705588,4.9666017308813295,0.2281889865402951,1.5328029275913826,2011.421652563836,19.50649831781037
101.65633814066716,327.8432998559309,21.98447458345028,80.75127153515503,36.614826044069005,929.4396683661532,95.21785653520496,191.1066435663855,8.388849402484981,0.097879422566518,1.797909512174864,2014.5401597510568,15.517304297275096
97.83332978718326,620.9758789024553,8.9358185285447,86.95126493800365,24.233119821608017,1127.39282357803,85.024739480904,216.0341958415433,5.146111433658686,0.1551069463596192,1.5977550969362933,2016.501669236812,18.099432790131488
117.83221361202824,5456.8090172276825,29.01675594248973,81.44561068959109,28.66311162807201,962.78476454392,46.624782276403934,152.1994578432242,4.65974188680283,0.2266435925050009,0.775445959525736,2010.292612020058,15.152766781553105
53.71607231326136,5566.624349113919,20.064097526781826,92.17567219694573,25.86982638219244,392.35090339605193,78.36004401582117,296.0281162479136,5.4670219942848295,0.4393346248107513,1.9747364899622453,2015.2134820976385,17.718203524256193
170.5219368692027,5496.130477398818,8.527397389480841,77.22066070353867,16.060177577233468,616.6942213788885,51.78762710194687,183.174907807038,7.338966615715623,0.1177287916307838,0.9566524769157692,2018.1682257078628,18.855646585755284
154.95738845717796,5917.612185459542,17.349933469175507,91.50373607174954,14.554045617365208,1331.6796724625026,33.95293131183264,298.69343203500483,5.4177682514177175,0.4159678449285518,1.6734684718639905,2017.8237718812768,19.37123877442463
87.06891947389322,4344.708755326756,8.015259262939363,82.43176261689322,33.68511961693681,1253.8687113825654,38.12204717591876,369.8624931106706,4.765898151940148,0.525652130816154,1.3583555970211325,2009.9189614743973,14.849423184171965
166.01366983006082,4167.906636499856,29.927846243998207,85.95152889526695,21.59855384291824,305.9965858146325,55.45737881989817,81.26661710082048,4.969348090396223,0.2528993881275761,1.679366073760042,2012.9562218293488,19.173191781427484
189.8537458949756,0.0,23.27321050709819,80.36269404391093,36.28678829248775,945.022847298281,44.80407793413046,158.8423314152203,8.15270613236438,0.2155017490340403,0.5112763858684402,2015.2777612109624,16.114229703314496
166.7848274554078,4363.230819012748,10.006375467860746,80.73845781789792,18.98323321953154,1548.5760217569589,48.22934162425011,298.48914619352524,4.9134784680654375,0.1937170553524513,2.0359099047855898,2019.9039007764047,18.434473764058467
5.024082896642956,171.7112901964137,15.76357930327772,81.85275401959943,25.652080316300022,1511.6132869958972,89.40060436195259,76.72631642504521,4.841766937989568,0.2409544263048981,1.824162927179188,2015.140691182993,12.267074425478388
3.896927123127206,365.365801566177,27.31536038823728,75.68797554667336,29.09376169626328,1086.5417445399958,70.63479150232011,240.4310113111113,4.587857903379843,0.0986624524658236,1.1789628368423566,2015.9222354283984,12.85279907484494
135.17780510857247,2620.648712946022,10.365005722711349,81.1827823739817,34.779510060081115,727.1998425689617,99.76331995081516,103.60376728673462,7.001514930676906,0.6089500275890863,1.502332400550626,2017.5593144701293,18.88678646903868
112.30590279957173,1315.1455782396652,21.94287294926548,71.52656393216843,21.663027600976843,490.1325793597768,115.54562058029346,245.23231092480603,5.090606686872182,0.0155053945453201,2.025947204304826,2018.4797717790004,18.257551589814145
126.11904421217758,3983.4055251133386,26.668219279934085,81.55647317013826,15.017901829933704,1243.257513306358,38.05835228620786,263.46084150903846,4.3626003755593645,0.0,0.5875080718682648,2015.997690674744,18.344864938678413
189.7845471668848,2482.332135095655,15.496198171432418,79.45072430902178,25.46095272235272,1135.7249837015524,65.28335149711833,244.1728756233582,7.440960667671619,0.1037490971534393,0.7973242237337071,2017.074998742598,13.939435357812762
197.8306581367241,1297.8577194407333,9.398410561830554,83.18671594333401,35.3191495082392,444.7865154373163,45.90929369362072,176.6156012236609,4.726838271409027,0.4122137640672814,1.6287574895923604,2017.6151650239203,18.687263625386983
100.31970446575292,3300.076911302191,19.85490312310322,90.54767897692034,36.37282148424702,846.745732992727,98.62561512113852,222.0349669912109,6.332127800680988,0.4100665107888225,1.483487561504034,2014.8903973681915,12.070189698664713
122.279206169271,5129.946269301617,12.032742546325627,85.96281270119991,35.06338554832239,1448.5063675245283,28.8478472752519,177.07535462614973,6.758312507341386,0.1383929565954234,1.5515968663336452,2013.4579515086848,15.00103361877543
99.87803383184928,2734.5636187576315,30.063886510238618,83.49824098009466,33.1380142978475,1718.690685977553,27.30779295587772,257.5462490740702,6.023618627871934,0.1846222147094724,1.0947698623620297,2018.055565281352,14.924627330328406
158.4398294876054,456.4882489335325,18.127691395328128,68.28459547525166,35.94198370242279,954.58332415604,86.08091722343738,313.05167392624384,8.037402210435237,0.2686721754565687,0.905137941408892,2022.9753675660847,10.375750091026909
129.08474839962872,2451.7046803439366,10.751728515229525,91.3554074042486,13.321686907946155,297.1829069581279,110.03201434179172,228.90290339422776,7.19754243921808,0.323612089180181,0.927361443937558,2011.3735778483845,12.708231414189337
220.4669004785754,740.3153897210244,27.67482416277372,77.0865966471922,37.693306560195154,1221.2235727388606,120.52691737474562,46.92083995506025,7.493181211630083,0.218794037567642,0.4066251812646889,2017.521598494385,19.33595841345544
125.1474950833124,4053.2755257046174,9.879787252129937,72.01523595630613,27.72662366281748,1067.6598793760943,99.74924942012096,401.6980417410402,8.174038465959681,0.2614466708380387,0.6929242872377352,2020.1697158226125,18.58020790855609
105.95003922016632,0.0,17.3600296865865,73.91055090485526,25.16584393362807,1244.839147633866,100.91875621167608,117.02375894359442,5.018943146585766,0.4913676277335464,1.351863866597944,2018.7452393872345,18.67911169196228
23.47983024016707,2789.315669428882,23.85823197860828,89.90246099497952,14.86304899062318,386.0175762702176,96.1348519815796,345.0618843142827,5.866585496806994,0.2645896242370163,0.9798169449728646,2017.830369167021,12.9481069322947
115.53862374674884,2398.897442467932,22.89427765298742,92.60992760670447,31.878295903864554,1328.3455415692642,39.22510319058814,239.3228168150856,7.494978301928598,0.0,0.5367246742718713,2018.1317766382288,12.462561029394262
191.4546596930376,3450.79624642216,27.603015310396746,80.04437807212727,12.418484942673633,544.1656106742689,24.14000444161384,203.5160096144569,6.165664098235147,0.0357674027843598,1.2059420787424295,2016.817797445248,15.374680556074104
191.9727766786258,4934.732545404036,17.938098521073663,71.16918014601995,33.88604051339975,400.300897570462,107.07360801804197,90.45015230177724,7.624281523186096,0.573322130053816,0.3866922366388725,2019.820293125416,11.355282276626683
89.47563453523695,5153.921114126538,22.478746480783805,90.47411256465548,20.64202296055052,1752.0322065676526,108.54931869112905,210.66743511856075,4.848973580364512,0.484680124471605,0.5654079585289681,2009.880587164981,18.086898521176
0.0,5118.584202203357,10.478654167725972,80.86851196911988,29.98086700184403,650.3730960625237,48.8659044048903,197.08284069109925,5.41845632986397,0.0291557026228438,1.8973413285352865,2023.488683930669,16.78005574973848
131.1888125647886,1490.1676477723502,30.68461602290204,83.61000087964206,26.325247565848475,388.5148109547248,37.04328565386463,54.37676297150186,7.663900806026043,0.1783603963223083,1.0987224646502125,2014.5096530202024,11.92210272739267
190.75709769932672,2290.7128637619194,25.581941503478863,78.54184208338563,35.98671803838303,948.715142392942,77.89997987220842,280.2180567857893,6.624012081661107,0.3705473230685505,1.548086575503526,2014.19018898631,10.647748489628247
44.42449506603828,5244.681348057084,23.55258145766144,83.71567887979819,38.19962141458738,1335.48197903811,65.36912059335151,68.73894598219402,8.060123197838282,0.1170498071610348,0.1790607507818569,2018.037357437184,19.25104867297532
150.11603602911595,944.235957582356,20.473651104824352,91.70241010872942,32.562446966475775,667.1052813650714,73.09064941548351,394.53942098974096,5.703493466143158,0.1883319345045946,1.1729164218199324,2009.223965630608,12.66768386969037
35.32348193922933,855.8876756767252,29.3492736681012,83.31979058389018,21.37655695878286,174.84780094986365,23.54280188907357,35.9599610310883,7.778040029016573,0.5382625430762219,0.928186862070929,2021.3227993082128,16.305509199085556
199.4190579593396,3490.855051677285,10.693505786180024,89.5584207928377,18.55510723117181,881.1157031806582,90.63170232171623,245.29859099586503,8.363452188012142,0.441283103101882,1.0528627737986835,2014.7361134648984,17.951263957080076
49.89926438986886,3664.2773456906166,17.97262160985597,67.85873435919405,21.59217038359668,197.28599222733868,21.7557350813968,361.554836921428,6.525441180711266,0.0854652252158424,1.8475804864890373,2009.928130472833,19.368538874755497
176.45281057157644,4879.09358298414,9.936912187644062,76.81333913465478,36.78866931379415,1618.605035680498,105.87522641731609,298.9859842793315,5.85823272327946,0.5371496476495773,0.8543242989171095,2016.467441378106,14.706612768541904
131.39670230741342,3452.2584185957194,7.406260604636378,91.87740814336772,29.308947467824083,382.8757522108885,100.72845867408708,157.3291998826307,6.775135757573498,0.1825341891321674,1.4390369082847418,2023.119689699944,15.950764451596193
81.4803302745994,5441.977298842522,23.138248108889503,93.29022823592643,31.36391288197224,1022.076087026018,105.91565626619804,328.0779923945124,5.29056665057024,0.3013314092949467,0.8448317959704928,2009.9118422018407,13.403159491087871
12.629068525957752,5163.930246800489,14.313643961252064,79.75752354677701,22.72928892910716,1180.9786147726852,92.23552689682396,351.4367835968092,5.430472948697143,0.3278087489334509,1.589080193222307,2019.939188917204,16.40093627890982
170.44513419381792,5765.446676327875,12.357001506100936,85.67580785742196,23.856909316716937,547.1252344186016,108.76064138833136,121.10194803329206,6.222048338180666,0.4697430917425819,0.7872512100547371,2017.6616724061769,10.695362288770871
149.8315674284222,1750.5925395579088,26.370183737822146,80.69855221531128,13.036281326467382,1767.2666155514382,35.22280374284404,117.29530742127498,6.386570193147412,0.0,0.6698821187771913,2012.826563029975,16.164852710162517
77.26289595345875,2242.389472436857,28.799113300453364,79.87298233076113,29.42870439418052,1928.2879994303944,88.81632401389237,62.607596067391285,6.18933220209297,0.2510638450885878,1.3545274243123104,2016.184657665636,19.346740613099435
26.09908096330598,0.0,27.348393921671523,70.82902565699875,16.53085621204493,1051.3660230721896,22.375588857474384,67.75780555125782,7.911023226524101,0.6269340397634781,1.06518739905188,2012.0740461485373,12.12061736625038
155.2048096605177,1618.8618435366368,25.99789852421421,81.39296816156175,34.641770485489936,1886.4809785100488,58.78839923198617,288.7103862719805,7.091291256609652,0.3366066651848027,0.507740518623771,2015.0943517010169,15.20239171162586
107.5818100727746,4522.7301857939565,29.87795414479822,83.29413372154573,29.582692029545573,704.3587888083168,41.74168335293403,71.9517313739725,7.03268633818398,0.381814489270565,0.6493690459043525,2011.4641956415185,11.58123351667561
0.0,4369.7036359757,14.47157066497642,79.84136912149866,31.29221115714997,1353.539188724446,77.67864318229105,281.72039256493315,7.5233213660477904,0.2899956596503071,1.4597867503897497,2020.076145943823,15.61086917759156
197.36828476471567,3138.257173084042,18.351372739137155,89.16830356036971,24.22115725191045,1295.888831188475,19.975091598423514,414.59419673831167,6.585057404157691,0.4165966449609007,1.4748493418587858,2010.925278758715,14.428083853830811
185.357811017658,4737.375437529315,25.532265329446208,84.58386783233321,23.099874455547155,1398.732338420834,114.52699952942774,76.76894898088571,6.111073275582178,0.3841850251809613,0.6441578086873823,2017.3607262069104,12.68634183767775
137.81504451506655,1089.7112479962486,18.67484601136893,70.92873011610503,24.301030955014827,216.9710675319227,105.91727962440784,209.7380810519697,5.355202696319293,0.2023335931456512,0.5976559260575551,2015.0103695960288,10.922484021769456
44.91481955631933,2812.1126343535734,13.05132006190965,86.85206023560607,35.53912191377972,218.50026924301045,38.52303627334395,61.778479362029735,8.071810830070563,0.5570183793239923,0.7864120739941165,2011.03939024586,18.650119253647585
23.02330793597304,166.60476609105945,25.18587967336443,83.90972063046907,29.39829646932777,1106.8178325434772,104.68187583944837,130.98956592996754,5.992478567901991,0.3199009126190865,0.5281658527399926,2023.0271445137537,18.953522260285595
69.75515524873471,2562.1640926069704,23.246505724987,87.80006645753289,16.826335607625726,649.7049316897272,86.36394168182288,209.0130714056136,7.409475752064225,0.3216802930559327,0.3833842733917041,2012.112769406948,11.15615912703893
140.76008390011296,764.8077736853078,26.04737982375889,86.52162964430707,24.213509036156463,1442.5801231400112,58.34667721489051,344.702657836761,5.370065829768663,0.1728365080131815,1.620024752147473,2014.8235363070685,10.877802425634089
102.07428098270036,1915.2703540595835,12.772802857322162,77.85222855520544,13.529136919900678,1961.141653701812,26.98214724284722,244.07339242619457,7.723402986941881,0.5583886551054394,0.4911308220271123,2011.6086187552548,18.15698797918043
38.93595379609136,2545.94334628428,17.731006709645445,68.36309914709831,31.56548497106033,1286.1851183298322,102.6527566917462,168.91823217811313,7.635964537949062,0.4285898271358983,1.8462341215759523,2022.454352327308,15.909312060474718
72.10369795340486,6140.046318254904,15.208889308258168,90.75683004657871,19.330994417607176,1654.061053386257,20.05873947335146,127.1276530824488,7.092651048306167,0.2718183310004694,1.5092311675253411,2010.5809686313016,18.22342969968425
0.0,0.0,15.789277933086415,76.93786009937303,27.06196121215656,234.95152026406453,39.21862235013463,389.6361699183683,5.921340115446438,0.3908028152961071,0.7170534415307971,2019.1970390906265,13.25722202851431
34.49790976348545,1348.9902785382417,10.941515140429216,90.80433961953696,27.793432528969888,980.0267181718766,84.64432061685756,406.4067344837112,7.766068209301743,0.3681932327321098,1.6100266604246949,2021.842690550884,11.138439790337042
147.6894986186108,0.0,26.593468005795096,79.08853504654027,34.68212385326693,753.3594095136204,67.92685434306497,335.83888181895526,5.412492153705345,0.1187413747123321,0.5307431068801578,2009.0511865033016,11.221035544285028
76.67498713601822,3959.453732538088,8.696299616870919,87.64902947563174,36.12276632783562,1754.765011732875,83.95798374758661,90.000477961494,7.1453447728872375,0.5348268724445955,0.7564162754781923,2015.97840886614,17.91465261424191
178.4834542535108,722.7015853692345,23.38129882325497,83.25109701054478,21.69826827924756,1169.0164486913875,54.71246292852008,338.626416836037,5.730011938777072,0.094128565779126,0.7803699456401619,2014.338095781446,16.214784492502517
58.90216450510386,4691.141814022081,19.829268095131027,69.42209814849882,25.27765986296481,1727.8523970514395,71.95964831502852,308.2728949792232,8.254539324750962,0.4967722042138324,1.2267228432059127,2021.767648542856,16.249085513160058
20.76678704060929,2034.16989288887,13.794667527292685,93.35741893283335,35.49870945887402,386.3903848651937,53.1161557811816,275.97280360551724,5.421221048850811,0.3753705178981031,1.1246944748354646,2019.926406335375,12.464552326465668
194.51425742777096,2783.307741415397,29.24020037116545,89.37297921389796,16.493939436110118,1973.497527753496,77.73698608656039,174.33669837350757,4.624354004795168,0.548619684778051,1.83476024454604,2012.3047531232376,17.160016732776388
40.81907127081797,1532.0582405736568,11.301686266978882,82.81022895289176,36.61381602877076,483.164035386188,62.264174761028926,252.35401438686696,6.209226461302589,0.2926063173730546,0.2450791081325197,2017.1141553832967,12.783082330982523
176.55397587790318,2351.124883615975,12.993992075935251,69.10594440267197,38.2876771681502,272.4910642193504,56.70576023283695,10.948769808000163,6.980372650323245,0.5223407841367679,1.469314077901671,2011.5217882721488,19.100668822169773
103.61190473309344,1317.3275360881858,22.442321658640704,92.12525048890906,31.54040733917377,2002.5834413562088,122.46942674262124,326.9678949490108,5.728110521273713,0.3601488809212518,0.4919002029276202,2011.11835787901,19.65251022884062
124.90472154428632,4041.259393004817,29.49995725171453,85.85694493356108,26.103049381129505,477.6066147059777,96.86395595604117,398.9218071723375,6.524036393088239,0.5454306554443381,1.7097626311176486,2013.3712881387444,18.440510333890547
173.2204734358432,2828.47799801433,17.61550217095317,83.5664753059086,11.981432649407829,1655.4031104498015,34.86430304491925,184.3629626647105,5.201973606086227,0.5385203607274893,1.3707062090331317,2021.1681019246143,12.183466070745483
151.5761870530836,5738.493231187355,28.54638251979029,70.70841659572503,12.011670085013096,1348.7530053244363,89.72181066269657,143.36880620397443,7.516692557643912,0.600148203289493,1.4666389299810338,2010.1056352083367,16.79757564086847
16.643324116445143,5005.717107481221,29.94477207902531,64.24444404253728,25.7214197873686,525.6205566606258,39.779655035613374,196.6830748211413,5.998458327004188,0.573292991508483,1.4211914875091771,2016.8874330728624,12.94841045471873
134.16224736428387,2170.535041902279,14.430623479668457,79.46225258445848,36.10309166822328,1640.6024524987115,93.89048558348176,118.6348106877989,5.061017365099546,0.1940305111110664,0.9385892003181604,2010.2121292714376,13.430845562487862
24.0851629276452,1525.7738217268204,26.128948225645715,69.36099959945948,21.06293971058109,825.1677365334692,73.52351886953647,294.7806714520241,5.579969288563259,0.5475512779963527,0.3268586317118767,2008.8444064663256,10.312963760883562
89.67748940491276,3017.452786620208,21.40574501898776,74.49417839512437,16.082290774389737,644.7879517522442,83.60785210543565,328.22831120873093,7.160417511634257,0.3879676244666987,1.685225252669985,2015.711076154808,14.947679601063278
51.4483987669114,780.5200341825018,25.815639823897826,68.17922132181958,24.71338820240989,1055.0381086919745,106.95855293378796,292.8709245009023,6.903983729939425,0.1450619250384691,0.7107987892008802,2015.403483183224,17.615438984309037
84.96565544203962,5914.253876391889,19.020457416331908,74.06863336813025,25.455957532656026,1298.5360901154295,28.00445016191321,170.95209036476356,5.3303514648584365,0.2202330225493388,1.9835852675362289,2020.226146767126,12.98407992392161
55.62642115685765,1464.7546076375902,26.70108285806528,76.4025265746166,32.81698230320786,1138.528484627589,88.80942556190172,306.6901658871989,4.598322725192345,0.0009141814583812,0.6136091361327801,2014.3434051619977,18.405716281091728
209.5056842891879,4863.039274328925,11.655116683133668,93.95975621980438,26.74690019459469,745.2886911932928,88.85268789798364,197.6217793045827,7.313239567306522,0.2079831042217428,1.8742887216897943,2021.705733154572,19.649100398486368
48.11584272321835,2474.994861231564,14.120070563841086,64.44706264091961,20.513162658650803,1551.6038513262822,102.06711455694808,270.92126878135485,8.237162763858143,0.4093598606479987,1.319069672640672,2015.2015216728728,19.27317947094715
25.51657848095239,1233.385547316189,22.267224398601947,78.86840348460183,23.259316838987747,2027.381419395387,35.15549407287463,275.2200576980481,7.98346675418311,0.2271182300722896,0.9719048782575944,2018.429162712882,18.13514395078355
162.98428981971676,5249.935799431241,17.245031819914743,80.04066173311986,16.13190781339776,625.6345978783795,109.63081878471742,338.06518105430985,5.369602710086377,0.5071500391340066,1.7258432093731857,2019.7540919752216,11.785711284141154
187.34731756002364,3051.05994127801,11.796210850293784,89.71415882130451,25.892457528129285,1826.983944457921,23.52797822287564,397.5909441759898,6.467469078190885,0.1250692767424905,0.393867980036213,2008.626494673464,14.864414260497623
147.3240418218228,4829.679748578435,9.747867984998488,86.73999342491608,30.357853773700704,288.75715920622326,104.9553373431186,183.0296447206192,7.900775330155558,0.1539374773448659,1.924332730236524,2011.641682601412,13.9053046641318
220.3153806961081,554.0470835169028,12.343255460464338,88.51507800871025,15.590422312148512,1168.3648433018072,108.28996901323072,0.0,6.9840950679683855,0.0188206144289135,0.9092553925425504,2022.545479990388,15.22340220405856
0.0,4726.388731817896,13.102132497467068,86.63245983615253,35.69615163357745,1716.5413440412422,55.571225276217056,381.5092283423568,8.168633297500715,0.0,1.847756459927302,2020.5600473194584,14.414504446045637
122.18910738554668,4158.043321336977,19.12712112556309,79.26865189281727,27.17952702484165,657.9974852078295,70.08099423414136,97.14225239416696,5.356181982027947,0.6103821626958092,1.779682282844269,2023.553260560616,15.250052290141234
52.63772440964871,5695.356353140442,24.68820450692896,87.97414655561198,22.87054713544975,1648.6163031689605,83.76927254581895,393.6338226109904,4.877008354005112,0.2396883194370655,0.4141483322108064,2019.577974990928,19.20275670391624
175.30305016718782,3098.0555819892625,19.802891856136856,90.46528802628828,19.851548397158435,832.5921616424172,53.67677416109181,401.0534831697779,6.378736600293687,0.2742181154614178,0.5019483008794641,2022.3493761404573,18.08270342869111
115.01126925391335,2573.7891403351027,6.845962579948432,84.74313018725742,23.597878301668874,1646.9400129487162,33.626227752894465,142.46745860069908,5.584291828340693,0.3575265703542866,0.8857353578355402,2012.813017887694,17.459373863564373
243.9241727067816,1925.074899482732,6.46542087954192,90.69854381783864,36.03045927162458,1846.0354080769573,35.14243872090208,320.6292298690652,4.834366524487479,0.1061985334132436,0.7840341112343836,2016.185035499912,14.737031305817217
71.97321478267281,5303.544892202004,28.978496878920165,91.5042378044456,31.47191072813012,894.4008682087385,22.67285299034113,27.464448541674685,6.704810579970469,0.3224314832519993,0.6347155795386147,2021.514145604779,16.643804137527756
169.46787363687395,1806.9719874572693,30.680314874221388,88.65306850516497,21.02430010254829,1376.459697621743,31.28113839701449,159.75429354150194,7.891798948502305,0.1903420873954104,0.9422481389138072,2007.5504490131427,10.552704217951318
201.3399644673628,1736.095511755601,29.32427362756608,82.19679568233937,20.026566828487606,176.61034439570446,21.709079818685893,383.2866555235874,7.826942792693586,0.4983995819242197,1.787594605522533,2011.326222116933,15.38796921881433
13.123348669142416,1674.2410692500994,28.79630940091268,77.51203163386224,21.25331064637716,276.0741960372614,24.80022398960057,191.7573366793297,5.641167198402994,0.1967754663748016,1.9175978999215888,2022.2207526155823,16.07691784255022
217.37174821701552,341.6772222818177,20.3874708356212,63.87506650941099,28.639462943425144,1291.933189849838,82.45908642924712,287.8249396883054,7.61140760537806,0.0261996116116682,1.6380682705192378,2015.818359361028,13.179898814501255
171.10338972220055,2807.6479319637324,20.70749829257785,73.39975103277838,37.059257842731,1284.261087696818,118.27225684431818,55.47032225668148,7.053299698074592,0.4555579336030378,1.369492752124784,2018.8327157396463,11.576126168391022
189.64693407999147,1422.9091681434345,24.38865618665717,86.31567042223965,34.93824627264762,464.9817330914057,20.04573641624784,250.4816649583344,7.514023245916054,0.1776818623705903,1.2363348964055447,2015.463189607644,15.604989862236112
85.63138464361867,1629.9271803272984,19.77938159347963,70.90458771608338,22.05867991623948,1160.2505500919976,93.43830645810029,250.2382875922929,5.928876305727972,0.365655684401745,0.7343303748743585,2016.3782429067787,19.67422812274092
55.61392393125475,2144.767769608723,24.244982930608483,75.4913765524861,21.54699502967229,1626.2820541105475,103.04016888642514,291.94571476909897,7.559987327313406,0.4245434119274575,0.6636400837608472,2011.3903966777448,10.534386040599047
30.13496843427674,104.54966588302676,15.606577910771412,63.75370675485173,30.489152543070173,1605.2100227215046,81.78470457776135,304.0693713136163,6.314735127684077,0.3095031179496299,0.5621216140977802,2010.7193859349763,15.274163273389496
154.6908623386769,331.3631588911465,13.808314198691724,75.8832258413338,24.137418794611268,663.7942235504656,71.87302009858075,323.2720907906468,6.438752730960149,0.2004404299988284,0.6644904339266385,2016.8939553341488,13.194279241921262
97.93982150753266,2919.040478042274,16.949079193412402,86.01361605776046,24.63033191628633,585.1156260933366,59.32832799907533,311.0530588773381,6.735010152446356,0.5730138029843569,0.2350726430803366,2010.5840802005785,16.108939234314484
40.386825561407065,4789.033824055772,17.63364065916124,75.19593580923085,14.476308784027538,1879.4769970778248,57.10631331728764,246.46584323133592,6.307662273733014,0.5926058760389656,0.5131205650540891,2018.217260367732,18.358922427277733
69.38856230050568,4891.6640346024415,18.408905260674427,68.43052115885772,20.79579520933237,1820.048556999908,78.06303943706428,265.6403078547349,6.406740789193632,0.0826538322747906,1.1186019384630177,2021.9533053705925,15.04708059522455
170.07722881117414,2725.510467957577,26.689195959380232,71.36637510425902,17.98657759066458,1152.2440941102686,125.76490475442604,119.67907509171508,7.233914709945512,0.2373877277016784,0.9928066538213696,2013.1975025899253,12.864650171202792
162.32032801715548,5912.414710643711,15.953462706763473,66.71606276104265,29.40455940583352,488.82181121668793,77.55687183465406,89.75826584227194,5.694254233738739,0.2347879272243371,1.1406400752929975,2014.5005291727864,10.601126671128895
209.94787944654743,1410.1300100210635,14.522354149981808,81.17326676591938,18.728846624903586,349.3147252880535,56.5735746949628,0.4814775724493145,5.668764793723404,0.4426615676870917,0.2523833903394277,2013.9639256872133,11.294219630787556
130.37004625455688,3935.074197595883,20.259641595197827,71.20519072393903,19.47485120985904,1042.5144902722684,31.89384077944529,329.777484235764,8.695177355286337,0.3776783085608522,1.317415381047368,2019.197507869825,12.62430073303774
120.52413668008548,6071.969273146197,20.267940293908048,71.00610802261089,20.947847796450272,1470.8076917960711,89.04335209394362,140.30854576527778,5.261793619955922,0.0,1.7299162283457188,2012.083869357796,18.047613177753
210.5927906190981,3225.3857854775265,12.030964965388034,63.48845331775418,22.34913265360892,1648.8895363036982,73.62334941406607,162.42271937879818,5.847176254381054,0.4633744639924986,0.4344091838232348,2011.221149630816,19.487215744011188
42.22673163955735,2880.405356678699,7.050125469885543,73.04464238854966,38.58424279523047,1062.642474041265,79.891637764616,419.91872021561954,6.784735663438519,0.5781329618801634,1.382535125674617,2011.268019427711,17.86150110449642
52.75517899237986,2058.448254849829,20.98488330964061,91.72183778260523,11.913434533994776,766.1153477415877,83.52095012390949,377.5365256222544,7.969234674911249,0.1615678747159943,1.3037793191829674,2020.210113670969,12.32991177931762
141.7355557816681,5069.025371917705,18.59229002801517,74.4421244485085,37.6118167283731,270.4746239268812,28.53915897156344,301.60348713155497,6.200998881602848,0.176300145430667,1.0287059418616074,2015.7342510000112,10.887226354652688
187.1661911583899,3920.68542634082,23.903052147839865,72.41708383643045,24.50834988373532,464.22032692762014,45.16345910989813,266.39812113824223,7.086474807630751,0.6167741793328121,1.57216740126127,2012.6208902701765,15.88531978644963
82.90818229396677,1767.1466870675802,12.829490365660073,62.87825168404611,39.62636348141187,1823.352444954983,72.6875407063515,313.994341591059,6.587033331479656,0.4825260290583009,0.5496673711101994,2014.102361052745,10.416314622872752
6.50774962148151,1969.4746560213223,18.070267321780378,75.93766971760802,18.55011289057413,1516.9161129594404,94.18870183445156,167.6099152188312,6.905910517266792,0.2172160758441887,1.5141671995635382,2015.7130177655577,13.621653750025104
54.28190211642979,5332.966120144734,17.509926325147234,81.45013194368516,24.84709190548805,944.928459237851,44.446367080456376,349.6386526808993,5.550406309023955,0.5017574737796763,1.6482074812299088,2011.069096603879,10.48969323499212
186.68555869140272,1428.0484959793507,28.04255479347848,62.62138061882017,10.44471162580227,562.7511813348318,111.59815932069054,0.9072107178022044,7.367038539954927,0.2770084591535477,1.4085296061257329,2014.525605886151,11.724388286418188
18.451967953247603,3153.2069186826125,20.687262770566555,67.08376244063042,29.569025574298344,1685.2559026004171,61.91684943872545,294.742814244666,8.308936381678489,0.1417806476778491,1.163046919386137,2009.6560647442311,19.40264186630637
175.97669962977682,1618.0462917142902,5.2698438915178585,88.3803664011542,26.88706915970604,1435.143462862196,114.46254838167908,202.37006636472137,6.4661577213972965,0.6367464912474148,1.2092991662932588,2022.6623981362104,17.99166352622302
14.35717540122042,371.4340258020451,10.215891145060857,79.45243300311388,24.52300879311005,1031.4636039087725,104.2912342657984,388.90228068738713,6.401728106781283,0.1335001736827925,1.2921864634489713,2007.6011354491152,19.661588066253376
204.18002097365024,4951.807707693188,15.225473962328234,80.4318893254348,25.39255572704424,1290.8097846746282,86.19350016532148,147.0909298303842,8.54675463461108,0.5522305701429284,0.3075305525682915,2011.0167373625595,18.76566805269013
194.9516743759225,3089.357895549064,28.695348157542032,64.97282949416493,22.451403256743696,1395.7631872911395,112.8360629715516,194.951024918332,4.805533662959287,0.528588145685649,1.9496826263598936,2011.3940527110497,17.486364952543752
47.13321398535223,3479.97520969284,20.20646022829976,63.58820297594299,21.262238556539813,994.028028644922,28.12003354911154,285.7194172455627,6.151228998431699,0.2521598089104515,0.8097498984069822,2008.6487318118377,15.201202464103512
212.4343248939535,2469.7518825928223,17.571226099022905,81.38000063709725,37.79258081630547,1372.902742456121,121.58424660482171,199.5283930518341,4.663766826153683,0.4333257016310951,1.4525831324079137,2012.576786653439,19.666232961148324
54.91945258205951,4289.852887527904,18.05577139155816,90.99837237807036,15.960797606165276,238.99628887036585,10.88302855151596,187.3683054081708,6.28004327288565,0.2066385281917962,0.7809921675817254,2012.1047986130911,12.449462989766303
200.96678278675,1732.4333480874236,17.426140311111638,67.40335934617904,35.995917220790275,1166.628610918809,93.69373074421578,84.87108593981284,6.865593280065567,0.4616151881283492,0.8229529525742458,2020.107311503496,15.385861684351074
96.35226018345152,3145.968653403855,26.769621592568047,75.58854239306156,26.998112537234736,733.3722270507882,53.66806212186293,46.86757571132961,6.852368271422308,0.1870130950075358,0.3950143835837667,2012.1286551466524,15.38641486979552
38.37014666228578,2647.1700984228773,28.474977585937385,88.22711062551123,35.29085915987657,1506.9410605596986,105.67349388684408,59.58015020911184,4.539001711948519,0.3368607465433843,1.0158206542214052,2022.7669993728543,15.855783524936502
105.48086811051164,1186.569758734717,31.60661535148026,85.70632941589638,35.82973041176414,1956.270402984967,94.58370697593892,232.1209783464148,5.15493714677433,0.1942909220002623,1.5756613760759297,2014.755036474173,14.138377043049244
55.94154595287855,2495.1529356264327,21.815321459880472,88.45629893967343,32.95180948252993,1118.8247564831272,33.342897390229496,43.12093258342595,4.584856439384508,0.1214433799985164,1.052146507078237,2007.3433054753807,10.459948159042767
124.35095399106451,569.1020991106499,27.71201486525548,90.79418646690829,18.889527550999112,574.6262426311946,121.65906024856028,125.0461236795188,4.797465612338474,0.0575262199689341,0.754451137413961,2021.2230412793149,18.839789192509187
46.45467481868104,3339.618634745051,28.16925509547962,76.50861933420528,34.79891842043336,1546.7550138419433,56.33713316728092,379.2312218374269,5.914560823345695,0.5515185868718795,1.8485378588090424,2013.32343733577,15.197995051476449
100.45540799753626,2505.90240095292,27.652561716791915,65.87550067530282,29.833194398720963,1644.2684861113148,29.81074896613801,0.0,5.491582692839475,0.2591285300569174,0.3907432314446045,2019.919184712652,19.466868107587707
195.34816340450348,3272.003792551379,18.000907808304465,81.59859733860752,20.072784104371447,624.3168730733872,76.32078259367675,166.2767375906787,8.47404969244303,0.365835396144694,1.98548712313528,2010.5703199776776,16.345195584974523
73.08440715855177,840.0363230113088,29.28856916412312,80.84162730634755,30.06300951223372,403.1088912137199,60.95182638157642,189.3887510495327,5.142274710031471,0.5570686037711554,0.9848547032495678,2009.5701329684823,17.241011834434595
203.869115107405,0.0,26.758241177693577,68.84517658722295,33.63024489169833,1331.3116868214777,48.506060183187934,182.11602837264653,4.817132640077709,0.3104908023058857,2.0317008433642534,2009.6262922408807,12.438459339354644
6.168125025367913,5441.712804888632,15.458825458224618,75.6431084941735,31.365697132381907,975.0930203298896,122.73397533437824,123.32131190030483,7.630721267895438,0.5064442829115258,1.508196097298088,2015.6980072703973,13.90135539526999
94.64911668754056,4224.992231983971,10.894742931958808,74.97863400341173,37.3877088125519,318.3111185053337,33.25905346415663,1.1601284805032783,4.733992271408868,0.4050475945991008,0.8298162586517395,2021.0977759756308,11.81889466632608
118.3525731580874,5695.699672167603,16.908909172730407,72.3519943570442,27.843058944985778,1406.3974149358028,119.18045926720409,242.86149506775325,5.921395461071199,0.5998767716496778,1.7419418574023138,2022.5424296973547,13.90749245219248
217.2099016640649,752.9813875652515,17.67346948009457,67.7489332452844,11.976815321507036,1273.7239280292752,57.5676302589964,194.61742836185857,7.68045062457351,0.2040366303386031,1.8350429169409723,2019.3483477084053,12.432253952801608
37.69130009071141,2732.9806487135315,21.972781065116003,88.31706237248612,23.6101591509438,1284.4738734907094,113.4221579071296,215.38180586247208,5.370098104995737,0.5465743529698596,0.3734824548720623,2011.2605769885645,12.952835145392942
237.70776968762743,3891.180820686946,31.759564583958024,82.35613515932266,23.528922121815345,365.5498751795946,55.34702118827423,362.5038249822045,6.287658471858219,0.6112694606851857,1.1463659749658892,2022.349903471528,11.725237591524133
196.21595991385016,884.753032371404,21.88182742591424,65.42165249724654,26.888376058115515,894.1753377658363,116.05688857580498,70.8559817188513,5.141317046751466,0.6260807903399698,0.814589709535066,2017.7526536261084,12.584072474227144
166.4134638691772,3774.232623895807,16.862979811850817,87.28839789132081,37.74117114733393,237.57674257212992,116.517340373712,220.6662585187509,7.216589774212126,0.0488853158672204,1.2637288609663957,2011.848106452481,11.061810318833691
190.9005043086502,2525.3376024919985,10.043630618949315,75.64851172122253,22.592645254584667,498.6209858374897,121.94445637057676,220.05607228031823,6.521199291363795,0.6335161728910278,1.380049656729538,2009.643009771279,14.993598145805729
228.70691170973504,1608.3402924225848,13.812863475331394,82.71602797340606,26.70853721574885,1011.7293901200824,62.63099091292256,333.46757961258515,5.40368731376289,0.2155944349156621,1.805553584970475,2014.674809015484,11.17757687830938
39.5001864468691,2740.442465351788,6.1736431958762665,84.45346289128328,32.09050186078341,350.36342241559873,83.9264498337831,103.9521001549778,7.016050958714615,0.2208725415380042,0.3435085209125065,2017.1271705973727,11.624642505018617
82.19065106151032,2673.7744731422526,14.060344545289876,75.93663570446927,36.660289050033455,1383.1465768056996,17.26456379708349,126.76290110889396,6.278781952883584,0.3933136907509924,1.3439386800356512,2018.580403266936,15.613874730764834
214.7514094369405,1769.2165139744127,10.735338363649817,78.38865832018243,34.15419042479763,1919.892866764888,132.6514863894078,237.3347385782476,5.763557542234485,0.07316847024149,1.513637911084377,2017.901875633445,12.934549165343403
99.82650715403771,3897.055740239714,15.648594973956516,94.05209134752248,15.719625111494338,1947.1700507714093,6.608150804823159,18.79349713940059,7.05792562920463,0.2034131789642202,0.8075375928885913,2010.0175386071544,17.32070924812022
110.47980737597848,2660.647704602492,10.691858342473749,83.70189582097045,17.44493480193638,752.5208596672248,48.06720402351461,82.27367759755782,7.007397298853854,0.1641385527848347,0.5664416842309822,2024.475844169452,17.647464080091165
160.9519885928815,5536.048657065918,8.323684313148691,66.37988873262938,28.89897501480683,1021.3282043876115,86.75668358874421,316.90331787096113,8.6057143447432,0.2693060658901003,0.6151512010990046,2008.5868335046448,17.156090589505908
227.5097038756396,4904.40790073295,14.176332118681746,86.3466145055902,25.73464391690225,963.5544449652476,132.78334959386044,140.04496695752042,7.036609782913369,0.5866997673518606,1.2815461936631338,2008.19058222114,14.24975834058198
86.64779902637623,3106.709018568739,24.57656205254029,71.33806410978806,25.77503628716808,732.2794646148946,31.72990799159945,285.7195361917964,8.533963307533497,0.0203729994891983,0.3897717027036966,2020.1794717779453,18.824958215049087
11.992905444567263,2048.955820716562,29.512480015333235,74.17581719152793,33.218978466175564,1525.6318415770456,52.053766503076375,39.91180490995298,6.453509811075015,0.4543933186663275,0.4342903287167223,2016.7534666856243,15.43510150507108
37.807512365359045,5218.5698232441455,11.014283700463263,85.68647220280599,21.585497257966217,1877.1475682591768,63.14516702594955,25.085759736207606,5.542437410779936,0.5974661996706396,0.7254258300718832,2012.75568726668,13.576029348024738
62.51777450806984,3704.442775763748,6.280221561509726,73.35363175013352,16.289073372329533,1175.491527065634,112.2791474549559,72.65063215761495,7.514000533398837,0.3555334190767742,1.6373836844408365,2012.0865957665287,15.99970070878317
190.744088244412,3618.48369731642,19.176030382068983,63.95966583322977,14.524911770191189,530.2696265001945,88.05413302151817,120.23083907737605,4.428642671072679,0.3129897044142151,0.8754757909690226,2020.673404100119,15.294267777635008
210.5345594683141,1422.2624869046024,7.074449861664568,85.0692058566567,33.26635449772844,1332.6162262554435,120.04912118189664,364.7029305361657,5.839802064658559,0.1178281889577777,0.2571566400818377,2019.1263241140173,11.552053460944013
248.94153113423388,4332.937151173925,21.778519737111893,64.59312039780889,35.54109205999859,1270.30371681232,25.558035213284303,190.02019103414227,6.756686905590058,0.5465960188815377,1.0552819086536138,2008.562534809684,19.015570471626567
144.28116298441063,3900.7629414361,22.690478674889672,66.10267141941937,23.2885567423831,1589.8615085385395,108.56970787163266,176.17584357199263,7.644404523962521,0.1583008305997016,1.2748131426388645,2012.724524327963,18.457530110817306
21.69015378314691,633.3216068067661,9.336271340338678,78.75460686834958,16.654433201701238,879.2997668079385,23.30138238373799,199.15806206203064,7.7346726850851395,0.503113808643873,1.5958747815368313,2013.8638080457013,12.283647465360088
209.0364526867852,4977.815882613912,26.70359886478133,65.36565287317285,28.582471525086493,833.4599744556295,118.7120147971894,417.9814089384101,5.104854269545316,0.2691271377669457,1.172486742348876,2021.0407798476929,11.995535278852197
124.57264834491876,2943.8009166776947,25.068626521357583,75.72415978886278,14.780030643960318,999.0695513388246,73.63978477403785,25.50536141247741,4.970637669155564,0.2500648588483952,0.939574274015146,2019.8702603481488,18.524904648100208
130.06978724834045,4512.236713768066,4.509432436818363,68.38973489451011,19.87722969759692,1197.0502021857717,58.453975511664325,335.6450298762998,8.053789308175677,0.0758931810204093,1.714981293257343,2008.8554238835263,17.53884924264055
25.53885796902935,1806.6088599122584,23.95285687335674,67.81395623578051,31.84108514244276,1151.876548672732,11.691091327656912,366.673109757481,6.281929100570729,0.2722989786135728,1.209082103623172,2019.12769080722,13.689532342795204
90.88390937755806,2209.069321388912,25.337838771128187,88.8755553570345,30.20791917470844,871.183347754374,105.15669021044198,87.61548020652933,5.3368235656220095,0.023956049968238,0.2380708251722003,2006.2571605497567,12.092196841918703
172.78935807657282,4528.175259272458,8.139855726649014,78.00131986460408,28.16851025760889,962.777509518563,88.74359874473427,346.64621784494034,7.213599230506465,0.431987230364782,1.3109609757430891,2023.3942187512728,18.31402402994626
175.34959638966205,1535.031670750243,27.978631917133384,82.86221477781044,38.02275937534159,1827.8479867657704,63.89466061244047,96.6631360802817,6.969070855951332,0.6514205115743619,0.2677881590302911,2018.2733497375305,19.51588683313831
51.42318346590106,169.3144716898723,31.622099933776013,72.4434037851426,28.67306923233276,1547.4177696710533,79.06704982031437,74.51738934135004,4.748507779772437,0.3382384242463207,0.6181833871167801,2018.2217671128128,16.4361573420582
11.164441554195315,5943.640700707748,11.3667479715256,67.35250423239846,12.03070436660791,926.9685629764052,95.8905739276906,218.67328658663288,5.766460782366634,0.1353051814035285,1.0278942760212195,2017.7128752146248,16.20142167503475
158.67007182805258,2775.456602558362,10.023458041622169,82.0879872187725,38.19324628889272,350.07333834174074,76.14704040258141,65.68489789600795,8.652013849477942,0.3322510480484395,0.5186259605345263,2015.2062960448727,18.682430555338144
204.29995749076505,2216.0182667849404,9.490108540172676,77.47397592503148,17.529441447202295,1916.396800021848,109.23765810298572,191.1693494999324,8.255700910803982,0.4045807463028609,0.3601940772073467,2015.0852634748417,13.08400813653142
156.60569700330188,1209.2571563240945,18.659718394950183,69.17614570422107,21.89361818525009,1450.1334501894942,35.82273778246114,26.552232013635923,8.244556896516238,0.3422011496144551,0.4379859523285203,2018.8227353033028,18.179518122808133
163.83941413928426,5304.822215430019,11.898275186420266,72.08598561157827,11.821067379015222,703.0258784016128,103.67386459856172,387.7933367584537,6.144849165492313,0.1607547083070057,0.8976709948617932,2022.8444911313336,14.081531281510507
0.0,1374.3230088156995,19.147214285891327,63.17055435431615,16.85759231825867,283.372697294987,126.35081915832218,335.2344423065653,6.551250899466976,0.3760474687149372,1.109672639636164,2009.212881153694,16.754213486604115
79.90933616379866,3714.4237331053423,7.378979784270037,73.5210008781051,23.122290064957703,257.8456849310853,49.20477460602943,343.6354655997082,6.076086718884011,0.430609636212183,1.2983749030856917,2020.7059649884168,12.531518276398042
26.949955326275404,5182.303995896705,21.71986885944007,81.9000551657083,21.51501500113418,487.9261923511953,107.53339655258976,275.7190580518713,8.218263307097802,0.6017831220319316,0.554384688478886,2015.479433103008,16.262914208009953
105.61383281127088,234.7808271331305,17.851028257540396,73.72372081339245,33.98463355496154,460.30198280873554,127.34427017903457,241.7005886635904,5.621866490086899,0.0,1.6893580957110426,2018.070292917811,12.312492433354205
211.46157651219417,1357.916225918287,28.864914367448765,86.95526023193085,32.022545585787555,1916.9371443384048,54.040906272695615,377.2133447029596,4.751883127439946,0.5679702783752428,0.793745695431164,2011.8201454432296,14.929150942283949
218.8799254263575,2659.6787765192203,8.978117480127686,67.14783563489088,14.849361283980372,52.24256697170236,85.22659036005814,366.69793947295153,6.516184645772819,0.5312012716696038,0.4030866998725407,2016.830421942205,16.82812026770651
8.943504730157935,5189.33633265042,8.335511615280586,92.83204646934784,22.99810074078973,1733.3615035757766,81.55059854799886,360.628989223187,7.967520781351018,0.1949148571001443,1.0021944473603452,2012.4585807624644,17.053612034058876
175.8497445456589,4190.86195091329,29.06043244571096,77.35236341892062,31.895714387770937,1506.217968981131,55.175699788660005,36.07969760378806,4.9159830872809165,0.5656752976182943,2.1037360182507627,2009.575322357854,14.795769431782634
37.39897728946096,1865.6308807712453,11.397354334085549,94.32339739907026,32.89174717681465,586.5881633591174,5.496555453705363,361.4609628878925,7.172980852919171,0.0228164577077972,0.57839601683803,2013.356462349816,15.334518565581536
96.05368336566228,2435.5461910313247,24.002599139556548,91.3241430293715,24.37197096828036,1539.8890948455323,69.26419508225268,144.71889469126285,8.005329409589494,0.2880225442308468,1.7510155148469235,2011.436977845407,18.89084068895556
140.29829099805372,1572.5126907562276,23.303592154591616,70.10125749322712,24.76286155702571,1053.9044102747828,64.26867098501603,339.0492331563592,6.3063931154662,0.351703246556875,0.3290888099234947,2017.9116084080435,17.04714984826731
175.77120265736082,3307.776297433788,16.708521317742882,80.42213326652309,22.71963606755332,854.6318722165062,95.31616975115804,24.14933371615569,5.1655508763211415,0.0642449683754198,1.3736978256322965,2024.76638536344,13.367116927204576
0.0,880.7629357603778,11.129858631714896,83.42563511132217,29.653437240755814,1544.5996812455744,119.27769019138157,115.81296816232812,5.638053445829285,0.190078763061437,0.291706857386144,2020.357163905492,13.52764335945824
232.3366368074552,4798.549528078181,12.182461928871438,78.29487907349495,34.13514494794333,686.0483720164668,67.18902488741688,30.40850853558127,7.862611410062485,0.1868779563274986,1.3176812566209033,2013.6850486005449,12.11960484786942
111.87321960724157,4157.656960450778,11.835914339790849,69.63240660147197,14.58292562036411,1048.576153137936,113.42704740182953,265.7997574760613,8.01585180780865,0.489291019640135,1.1959114830693804,2021.739375768668,15.31718709498196
89.10382055851565,1393.9346835854806,20.0156434622747,91.93936675430966,24.018238747517337,279.9000821092419,126.85462459426864,256.9607336701332,6.061983127166698,0.5668286940218832,1.6949049414831263,2008.0385633724184,15.231256037825736
103.3517574944861,5901.11356356117,4.523902513652408,90.46927685735052,14.56180441602277,1577.5871476495722,42.08823557450521,43.26136521910037,8.634818920889511,0.5909020724526655,0.5239313531325016,2013.723798176766,11.865522564162683
189.37488758988007,4284.216069337975,28.22916090395606,95.3773633690401,23.122358177617336,1169.2482890666377,17.427800562373683,62.19161330950928,7.103586847167976,0.0578893722884684,1.8559707683436288,2009.8350733495345,19.45143673052803
70.49478561865189,1378.1987901600598,29.105263712569027,75.17791186939155,18.046755529743205,673.1541088835854,6.468536306128582,72.42897526987454,8.158799407129179,0.6640211402787584,1.894871107622492,2007.7307636160324,18.79905674224935
96.63128276209363,3256.9921334806736,18.718855329128907,63.00956233081373,26.588984991055646,950.717594331942,66.7355878232662,81.20803613221763,5.938509633768031,0.5667870948841442,1.3619883162767172,2016.1299842322085,10.530453839804627
187.49701699638229,4642.747456792076,26.55324849471773,75.30018608200086,36.59822908144295,1626.4483077766945,103.48122947366946,336.901703188216,8.465986836113531,0.375463556813789,0.7055589467965754,2009.213196200072,11.018991232879506
51.958461738612414,3348.5639396296,29.451583291481903,80.17616376187596,15.593259096893805,1911.051015639219,71.33610664079295,29.05202438119564,8.108552390848539,0.1997605613222729,0.8869149427449614,2009.9221039491767,12.100238979838196
239.22863574421447,2554.096793005755,25.01609078722824,86.8840941097318,28.060334549446697,1257.6796680780128,103.66594513721331,139.35728905349782,6.765496424090802,0.4884957080403682,0.7855635904597493,2019.1433334781348,11.378430467520824
267.87712953063647,1437.3076272529388,29.838096208902883,88.86389277932403,22.98306505673776,2028.989265688537,100.9375042932448,93.7969035534097,6.072098899986825,0.2011041087108073,1.7494404948701097,2009.724565135604,18.21928354948585
67.14228046234383,711.908363745659,27.765431279485224,90.24327677654456,18.94079049709113,375.0903596290632,126.18800653841312,226.59900135556163,7.596567599691611,0.2361478944823246,1.0634828485279224,2009.868045364748,15.553782554309414
176.2727258814632,871.5513934792175,21.916909356534426,73.64789943627824,33.15586900029398,549.8357043578944,62.341942414490994,56.9388236783352,6.496289728101883,0.4765874298364713,0.6473051911046468,2024.3036811954728,19.33846678274088
0.0,842.4201331014119,13.699691685503312,76.50937147989859,13.765636535612993,1298.4046597947345,52.31343988569448,246.3495288125825,8.102120151806,0.3777222908470468,0.5510046619535179,2009.268344398935,15.453724615407658
200.7617995210664,4040.9850603693526,6.880569855216348,85.01039451368291,22.71927363437681,760.1866088222309,99.5860787726321,80.12033234980193,7.422833423514105,0.432348723452499,1.9162355849253965,2021.678103162705,16.930589403213013
110.86957447897066,5554.2350069632885,16.392915465456056,72.11695315410816,30.85264144894052,354.0174375714227,27.522162465362086,360.3690597782784,6.120176394144337,0.6196817502311569,0.6086064999911973,2023.9959133256496,13.52274734370988
64.52157631880769,4390.668576129805,16.377694210988757,85.7475323571433,30.058548122896365,977.3954842201084,68.53030894550055,222.39335645344573,6.4348404808992745,0.5764097516726049,0.3476671696269209,2005.9964661385884,11.219395583460535
0.0,1183.4177665280477,7.177736328843356,89.18131626797408,37.30842781968335,132.64852653381405,37.864073662840994,213.2435640347891,6.248601674917749,0.1174937013993258,0.8328372612759137,2008.0047679448328,16.734176820888386
47.366485552550856,5678.826714241302,23.15781916725432,76.54397059420275,10.158879299129907,1472.8580642816933,27.95425017214776,7.434693278018667,6.341508035002658,0.3599242378628455,1.7594620373995935,2021.8127295103184,15.842181658359983
240.50674121942376,1317.2494142209025,14.270328456783036,79.34448256693118,15.769940165550068,1424.1131550546118,80.50275149912231,111.4324098295998,7.363286512016431,0.1843258092637257,1.9103112642518347,2012.4872988494285,14.300903761256432
31.58099295826727,1230.1415161271532,19.076587460561093,75.04229151649156,31.999359055837783,883.6890523040811,56.22403528555687,122.32114899807294,6.48238841696417,0.0178530332801929,1.82959311654356,2023.181683156348,15.287868570413629
171.351619744502,4081.749209350453,18.82210771384373,80.26937264062123,40.38061499383911,1108.40813282899,84.93299894772012,302.96002978695265,5.687065373096841,0.4061345913977265,0.0620042514108022,2006.635598975679,11.38632212541392
41.25314636638474,865.103550885631,28.110032138867435,89.55785678456348,22.0314370457208,1211.818785341992,5.544569433175575,238.7350571272089,4.776390157853127,0.0,0.6651901016187134,2013.540936259788,12.21602529406698
194.7561651816453,2087.908334144797,5.667301608832116,92.09878880860596,32.12362079197364,1183.7224128981395,124.34847994340348,383.4296594800416,7.798757802374877,0.1767938349610256,1.3681682552612635,2017.7162842686128,16.85220972781294
173.17517329960225,1938.3981930267555,11.28591591892146,92.83179484799646,23.38186586055486,1744.5558692767845,53.73105013659392,275.72227513385667,5.802041823220471,0.6082785329030599,1.7473239270023877,2020.498779753321,13.40583558264149
224.64131444168112,4881.061775141474,20.306698125581608,63.19991291079414,32.83867043466007,1894.5082106432965,45.45822666597317,14.408357074289484,5.839998177164497,0.3704295431416879,0.3622917537148205,2018.0757950412903,13.109309698450968
8.003584600157705,2304.176944303205,21.04349168035472,83.54917216946336,32.76480127510447,1714.9554459739672,108.07441848467828,296.2744322780968,6.659816369300733,0.6425898547891625,2.1261857063599727,2019.2376241345096,18.147812839888093
136.18105202062296,2406.7479924841414,10.935387040716488,97.54510110988944,25.10135829944052,1845.5553158589807,120.9126794801334,217.0763672674348,6.328574262457544,0.2990927426599458,1.066505536563751,2011.5685109076808,18.442219881445613
46.72898947347234,4360.624320876704,27.89928588983912,82.84327654779572,28.265139332085123,277.5424163784964,77.89089593039947,13.401195497260863,8.453852621897825,0.0420006985640825,0.4164924981345641,2018.1266578266584,14.090843766810014
194.3146929960461,5184.300406852887,18.648570254082067,95.5113325912351,26.16169270922557,1724.9754365938848,0.7867996429725803,66.23893868837222,5.271351960031593,0.5522912400701516,1.56948188611427,2015.635357574711,16.125205929787544
55.7149118666578,3860.603279739849,25.34239085488586,88.56671215898598,17.494332355963216,520.3635069479551,38.07983132499185,142.0650863082204,7.763505358443684,0.2452516765907678,1.4351743144682216,2016.0481583468893,12.86712433292028
74.72593863349417,5990.632635380727,22.80344410501293,77.54045470691206,39.355193069564784,1780.4080786353934,118.094730326051,67.91381748416218,5.92921440027034,0.3800283870647274,1.9543682780780889,2014.8936798541915,16.363195740369815
184.48607302699364,5669.99700074013,21.02687071100163,90.58365759721208,30.96284738348484,1228.6315660386756,110.4660325719569,136.13642938926702,6.984517486465001,0.0882121451688087,1.3699279641134634,2010.5895038985807,11.64390448443555
126.3178279808999,2448.594796049948,19.906466954779884,90.42929470624932,39.68567378396125,312.8282239033003,60.83956808347242,254.1489579121593,8.506657950706032,0.5385432355323331,0.4936052413283501,2011.392089671721,12.887348367661977
223.2631859628114,1626.9624078701015,10.326284981471863,75.8175713882877,40.39320837348336,961.8824210897852,126.67705991170408,333.3117118357743,8.222984806756886,0.6186251667162201,1.418350475666764,2020.5304038079173,17.885584095403043
143.13035093505366,2889.514784454038,13.598870344351912,83.64035399698436,35.60690018216954,1472.9771484519993,12.84319632636246,353.7148251735966,8.193314043424664,0.3261620462396706,1.8370030382011149,2015.4722661802173,17.527336943939577
190.7381098264064,5939.025750545626,12.213979515552598,89.5050811521172,39.19918189983677,1998.410168022109,99.74630394569996,262.1754919051625,7.8749241283621,0.3802295772746406,0.7209033000772049,2021.3140027537013,15.80079221481586
113.95984597630536,2239.3413166235696,23.080415581961976,75.68584641167351,17.005812441221213,1755.3933717148432,16.296801792956504,351.4963019437747,7.246549542080458,0.5493530212732182,0.4908288368821707,2024.3200116947887,14.187012632924596
205.4993482714878,1141.3738205457112,5.3735438429418325,95.00758559339104,38.96433678073595,580.8657989940839,103.6167582416361,253.1068362950976,8.011921489220342,0.1089813683959693,1.1096887462778002,2009.971818424516,15.326388460525065
244.79298018633693,5873.035789520859,21.485494670914605,77.99083543014366,23.836407186369605,1124.266860091082,99.63992127960285,75.00457569160184,8.620869008506778,0.5859499453796105,0.5575408222972144,2010.5033936581845,15.354597865957125
135.9762079466853,1138.208771821848,28.72263445359567,90.25280769498708,29.181718368653485,1070.525616542252,99.8436305572546,291.3040600712507,7.011556469515812,0.0759778929906079,0.4907977152797459,2020.177410933203,17.22863730460589
247.202581810616,2743.259415800471,26.5252082938608,95.8384526438993,17.589409996405855,1873.6227234741343,53.34891771702068,350.8076535149343,7.349165211594868,0.6383448193658922,0.4981987295212804,2012.0691580814405,16.34934195265132
50.2862013455016,5175.839376111465,21.55540983657564,65.9529747139537,30.66092930675645,457.2616269947586,112.11965370054556,179.3312544141463,5.842792521395149,0.6080036943643874,0.3631459574206866,2010.8213828602031,18.78804728644738
30.512908653807635,2802.069361805224,9.545953417872871,86.87732778091959,22.414635612233777,1058.9059631663315,133.5433588035418,287.92687663344515,5.419146082835695,0.0150314386139434,1.7435659030167254,2005.502789804063,13.396931632263088
222.35126727113885,2901.6066033289403,21.96028556156278,83.25038352599786,11.977887760203124,1871.693569263668,2.612502811647992,129.60131350011224,4.7190226075807775,0.2851822969639525,0.4414028440426289,2011.914345824424,15.971057017053887
225.3115482667688,5871.530920844653,24.57620066296971,75.14156596935665,32.37562041110404,378.4421814468052,58.32491201437158,23.569126049745293,4.548103342761789,0.3101731116063467,0.3425491807535067,2013.32765818916,10.952282205506869
43.70103835374412,299.66670055347606,28.806325668467885,66.88483293553644,26.847779993110155,1218.3595416710414,24.80278172040348,95.59632471398892,7.474738456633048,0.4633144860828497,1.062259637908475,2008.7645314128893,14.23688325962343
205.59409118307585,1149.7744485193823,4.916095863960582,87.22979710481656,28.955255337626973,826.4678153939997,53.48311145917544,140.59978628838869,5.567030463058447,0.2134472141617386,1.1361338552456297,2022.615041024714,19.228301761518303
243.4674972909196,1545.032644846321,3.029961051578283,92.32600521778382,29.987424768121045,1390.093925946809,23.5705585024776,247.6787134950332,7.092388962714828,0.5661403564589066,1.828233518852212,2021.8006076506367,16.12171412573978
25.63876222582238,2343.3269440541376,16.587925978496475,72.87059596483047,25.62303702627476,1155.6519174360546,4.871456557904132,107.59529773240584,5.3707643691440055,0.4545719399500445,0.5122146761240783,2007.7450113401444,10.988070348642845
159.43180287255373,0.0,12.49090021102274,72.43992503071779,17.2083609344364,207.53645811648155,55.31207023216415,95.81276642154114,7.135781467468351,0.3779586440755119,0.0,2014.9398733473467,11.81540811254698
179.37026351565936,2689.439723906715,9.84740410939733,94.26562928975169,21.005671227503136,1538.1718662113494,121.43133692466756,271.7901915579007,5.026661237728254,0.1278248647444485,1.773494072027268,2010.9188854918,11.593378813174091
2.5341343618790457,3208.60476915902,30.88068258630661,76.90800026475381,35.7965668439543,187.01765403797967,126.30675083025515,189.43356325498425,5.311986294422556,0.3108075074575427,0.7364505857730761,2015.8849367089067,17.167678548902806
104.84725158203142,3890.157488407154,25.80566193084246,91.8984405320984,23.67806453383209,1957.910698889428,138.00813277124823,421.19699301458655,5.737425440647413,0.0210178608371259,1.5147804217201706,2014.8170981597088,19.00502561070672
173.0070353656953,842.3583939305655,11.637438172296015,67.45469082014294,23.42629285036344,1224.372199029249,31.50646464728515,52.77653425057333,6.822160428913932,0.0,1.6404748097310042,2010.831853555419,12.680432380916267
268.90489650739687,4825.89176646323,10.913359626815268,76.64293404226373,24.64416294354873,1328.4677841136595,85.16346899963617,205.7227870005144,5.832236297163304,0.3491283954072995,1.2122700525355816,2019.587691627332,18.73241691046851
61.463412163153606,5927.047070907537,13.493905682546782,80.2656998377046,18.20506378297124,255.8771668073264,31.1369996953309,304.4955942853826,8.374883688149817,0.6421433126932333,1.737873979307086,2008.207297180796,15.87683351154564
195.07587335751776,5685.241902256436,30.26839244856305,66.59175288475801,33.363904427909354,1395.0135610888883,20.808678370034045,372.9971259203152,6.830913518982039,0.6607454944629021,2.134444440654792,2007.034584664696,12.376924356135248
54.10845198291411,1691.8162120167012,18.28755332561385,88.77474847889279,25.809228093720453,1757.1090143439492,73.87502111197978,246.41433873731896,5.283894454504028,0.2208894381091334,1.2791458356083556,2012.4823621581995,18.727078580690325
50.60312878737562,4117.713661103513,27.49017027403259,88.86282550996461,31.79639067641206,592.2689974386236,97.31564951984352,234.4099485073927,6.5527864255969135,0.2042226611457761,0.5953276909669036,2017.709440058968,10.151286164651996
261.14392578475497,5207.738869007133,5.27427669466122,87.2558686983358,17.026296451660258,699.6262035132386,96.03909590863633,188.1656676353996,8.054702363791563,0.2325836992350248,0.7565435954293068,2018.6199781246,13.702729032799056
79.4802776479228,4932.812334429094,8.750525280448665,67.40972100914202,33.75011730183448,34.9382191985253,97.63630664784137,3.395633990690793,5.083693335316195,0.2876747028842025,1.53464339038549,2007.3698729623447,10.68563761136294
51.54912029485841,2469.589771749072,16.2340293545121,95.78926018542504,12.657295393155414,821.171178174916,112.05831911749225,0.0,8.55164757389178,0.2380993191904811,1.389434683180787,2008.4218323280909,17.101159105307353
180.8850447438404,3325.1956595563297,4.811488982283904,89.1690146733771,11.101736076825455,321.8295970466745,11.803778306886256,227.58898978393864,7.941834620399099,0.2307503707185281,1.9146920315607407,2009.4652844757063,17.687163768339502
224.89710802034577,2213.2189676625308,12.380138636939089,66.99414517773396,23.475351477798725,522.0173845609976,103.00199781652614,204.53993596905383,4.483787209554486,0.6365174668456177,1.952878713320355,2008.8705887730096,18.003905845309284
173.02363675309317,2171.371670801416,2.4992530613270243,92.73530656184737,26.215264875662275,1403.6713554722585,90.0754111243172,147.15532602374122,5.37301663409875,0.4147558639087516,1.3481381679644568,2011.095100498596,17.1652420773965
278.9334926455929,1313.1387915042958,12.245477746662996,72.60441870852219,11.584126982564284,1755.8240612305583,86.72107781679853,147.11715106975566,8.083145558178964,0.1282044114699535,0.9210670862167868,2016.3664663237191,16.741412381549285
151.032864766611,3512.336889398203,10.942595088911483,66.14099036132563,22.152624156361224,672.7149951843057,110.4327041934266,431.4981969214298,8.356234828661277,0.3062505194548096,0.4025787858116223,2019.983046021732,17.6181214103621
198.5613809695041,1798.3740772921817,4.968009704141145,77.93154362733777,17.030961675753304,1495.1796555467356,93.31747245783548,31.148133114122466,4.679264165394999,0.0,0.6782170219581777,2006.7156099843496,19.47554248696587
237.0221310306505,1312.6706587395886,21.442599994857183,75.5685857940725,12.319892516854464,870.7445228918372,134.44345232058365,289.5555776162652,8.26294179483614,0.6312477259671359,0.9760654877490492,2006.4416777608903,13.864607933490497
96.71999684579411,1114.229008168522,7.609811397454311,82.3580363445339,19.98281481296238,1159.2470059827142,95.37845555649828,127.15486624697922,7.803324311438597,0.4115894972257394,0.0728550565326362,2013.1138536516755,17.57215021507361
145.49969509412375,1212.9032930587769,11.444712696358694,76.96505304227209,38.26733669539921,1437.2909497272017,80.22314131584648,333.4097236658884,5.831972382160312,0.5037867802127852,1.3211229948589367,2022.2034845793776,17.117198182241776
247.38292781256413,478.6642700062095,2.9952515069855368,84.04477377277729,37.14819959309194,1404.684656133221,75.67079602000389,165.8309595934859,8.374825450326606,0.6628781692946942,1.0891368747366532,2007.100869435748,13.589727046056726
88.77711529247227,5904.466298816936,20.32372875150088,64.40196880898468,38.60856469796844,1401.6990915953572,26.86313033345512,43.04857440437313,4.662854667858205,0.0087695892079281,0.2180295996663701,2020.469853737723,15.285166205597504
197.8694345449968,2036.0342997509613,21.89372779026464,94.43690378654917,14.809439619663848,1630.2162281484673,27.5844687650558,154.00127647586845,5.534614709759836,0.0390618657194878,1.6546012419678269,2012.183156427832,10.897332666262304
149.97311695338365,669.9937695544373,23.025545426014048,65.43914802198175,22.17890580163234,1124.6991263566629,85.92006452602422,172.5622018688857,6.126133758749264,0.4575053061773749,2.155696396281889,2015.6129901946988,17.71044921875828
24.67597562051325,3148.26934215522,12.187641850766555,76.5175808377577,21.171312485093168,656.2935567917291,89.1436070244019,228.60809659044529,5.308681273490693,0.1834833288480893,1.0852655410152932,2021.54417717526,13.72286603830437
62.661856187679184,4528.306485477311,7.214309544181397,65.50379227259711,32.59124095305927,1229.546051490016,42.48160685899268,296.36008845421605,5.863340165851415,0.2581933277872643,0.2710803184195178,2020.710441375589,11.045877019697167
273.97325130471137,1736.7056869949297,5.555172400776548,67.44632408315026,33.44437501584387,565.2150475884387,2.2602111036228627,252.1155674629334,5.7011257627595935,0.3741795658058871,1.5586367313743854,2015.730507941298,12.593210545012306
107.5807282316333,4381.511178084979,10.211589491600138,64.03491519769788,33.630932336708405,1839.2438380131184,65.21392337885963,329.9881730051555,6.973293526380431,0.1367498746846563,1.2132279084377282,2021.67119805126,13.67747878227327
36.84289344257017,4184.2942631844935,23.740931706080485,77.54344140314164,15.400618950198265,699.2278018005566,25.237796013822177,98.86822434994912,8.533081693630496,0.0766021519668619,1.153006071337638,2014.087228710369,10.339777470796667
7.360490284717692,6201.6176368505685,18.947429253496868,69.70955035601966,9.289999274746776,386.0076579974551,86.56370423632754,428.72793960644793,6.719208417416538,0.1604114961210066,1.130950283989439,2019.325301571825,18.518412415685603
22.148951497327147,4851.745235971512,23.11505538638086,71.10515802108353,14.241400485141964,246.00507978239904,108.08852046095922,358.46954155803894,6.026326662300226,0.7007459151941451,1.943022010664117,2012.3355214716607,10.648338026876022
127.62656917452608,5865.857721922391,28.806593092356444,82.55591410925808,39.20422414646335,517.7114257138969,98.058019450994,358.1904360700637,6.201781452070516,0.6514030956541751,1.699098795223882,2019.4364156737004,10.957213536127073
75.47334791306514,2820.894237675337,23.17541915689472,88.2787986801343,33.61226387065493,1541.0809621767737,6.49532585951353,32.30966953786941,8.80161284514536,0.4278393545121743,0.4250748021068046,2017.659340932195,17.76905605894048
294.79909412833746,3112.0464203655742,8.522738116144627,83.64578343885245,22.222767858497622,650.9249885210762,115.64239995297264,280.005909190334,6.822650283573336,0.2076719887056234,0.7976130030574268,2008.1161081910057,12.260723190606877
243.08889349264385,5122.235408395457,12.63657966966031,64.34931342835121,36.80675940049534,547.3086087101193,16.44331942671287,445.65405422124434,4.983810392579156,0.224484957063401,1.306712018060712,2020.7875083741967,18.74251292976275
55.989892137626015,4980.848210935623,9.62727026977586,73.09642226680626,15.705604721484198,209.82161586909024,94.32492977271431,274.2174248335692,5.4196875859307685,0.1092885684013041,0.45307500355955,2022.7120018735727,11.982095274574132
225.49690330493928,4011.221479589919,11.061514254420022,77.7083611582403,13.768062985669582,1660.1328346550888,136.48783468670774,177.71951627171353,6.146751986661916,0.3470386334281065,0.6582540642687678,2025.3372773586416,11.488519809555465
32.90851418963878,5605.874165949939,29.16454952784995,59.84373875590503,27.41264160706801,965.4107752168096,47.8535374173085,268.1851760666061,6.666280873076295,0.3312241436826074,1.684122177740879,2023.6091250009408,16.477082886627617
119.09418616051634,2508.7417459880567,8.950716753648397,86.64989663403361,20.63554110829756,950.5182507177476,109.68243575921085,143.7490580659936,7.217524550916056,0.5884366748811354,2.0443300845660635,2003.6369085875087,15.643535657470636
165.60240822887744,6240.723057257823,25.8630468994143,76.59370376844717,37.91291183777861,890.2420681584126,125.01519675011482,153.85493478698956,5.379776998491879,0.5096621137838976,0.3445994349536424,2012.240542251968,14.568916148588208
206.4120180535909,2733.498760227285,24.50491138660864,68.87421206663957,19.83839808596084,1077.4082458134335,17.29912542561035,382.1204542177784,6.39863539226523,0.3875272430121932,1.4811719272379813,2023.9243304545605,12.258550637092348
101.06842315404974,1234.184126118361,32.80019474287987,95.98133643737108,38.587832788968136,1790.3662079415485,12.219640990111555,405.3714801805602,5.404134826900068,0.5828400079424207,2.0153127393668315,2010.1220236758656,13.395236535762464
192.28797709944445,846.0216617356526,24.05261631446688,90.35537787163128,15.679722453171252,846.4349852933499,122.43361742593449,98.9754777183782,7.868576833370021,0.0601632027786237,1.4029924925784374,2014.517980899217,12.41150251927458
272.9252285687843,331.95826420884066,25.48651812245809,85.61091492953366,31.10943726492439,1322.4130961638225,25.17602655697572,216.2207596296637,5.388470234248458,0.3117963445255691,2.1364871600820905,2015.6259851986413,13.183421392954088
221.49841497116225,3455.2737442570347,15.67499501091927,95.05426687726684,32.91806350476854,291.31554609620656,34.33524591604129,291.83161403994063,7.622498205593414,0.0990298079365118,1.4207474921799397,2006.5385951342607,17.8721521459682
194.8805027644251,2059.9216328968423,5.84473608124677,63.23083390532456,42.20429490025304,1962.2297524671928,13.107683550914311,227.53105631963803,6.401594847189465,0.3402604886409024,0.5680201984030411,2014.1531163703944,19.458414812507947
25.21225595898888,4118.818904492719,10.30006903429688,79.90689317566618,9.165513905901047,699.894425812319,110.33114794228054,230.7763390582321,6.388841431227313,0.6772800318540906,0.0254751121722687,2008.5107779943423,16.090805961044374
147.6302324908176,1802.342234072798,2.788692458868514,66.42506887266906,34.39794078419565,1849.110721857253,39.35968477334422,99.35681268765298,6.1733001048821095,0.4749116680751255,0.4330769122969214,2012.1783683656167,16.26370905804671
145.55122990734228,2416.797619116257,26.1217230679578,71.08862280810281,36.00388772822932,847.4193843432696,74.81165573133451,428.902425726648,7.760775137037884,0.5652336932058544,1.7831412963271769,2021.376531204256,17.43174272434547
107.44712041738951,3646.527337184771,33.54690177172228,71.86594712492513,39.33147319286516,1081.3655967208954,124.79872413884418,68.50189597060061,8.033873768844632,0.1251897852570093,0.6475204598460034,2019.658654916385,16.9248108038598
96.35890794477056,4214.198570891452,2.446939961736369,89.0931057946846,36.72502971326907,463.2287978324445,105.1094666541584,332.3363431474249,4.596619796115753,0.1797782970493219,0.6910985549129514,2017.7363322271035,12.190052901558996
50.60720949865895,4113.237203835462,10.520836927671322,89.9101335367015,32.11755367022064,1759.5591860928723,113.83526171952708,294.94285103129937,8.67961733416892,0.5049907702081733,1.3636352045674447,2011.5852336753348,19.27057557813184
252.78814734450648,6153.763460814011,12.54374252802494,79.55671318041357,37.73790517609959,1850.872422252936,7.680502944154656,90.53614969687582,6.496565784007812,0.1951787481983504,1.5604193267915143,2015.9800508385508,14.755262733291374
35.91901280088664,3173.083149644412,10.550829908704944,99.14004429880062,28.8236283035856,1920.3435780370016,54.90740251611974,18.53621735204275,7.302706631856713,0.0565067022136019,0.4871764525152616,2024.3152785496657,12.434281651852617
213.41984297150583,1993.186069591407,7.573541873768833,72.41620554999409,20.167584567784367,1013.3688806663332,78.39763836430822,20.0523234264898,8.639653321666538,0.2396135950755426,0.9572456127150362,2016.427299202518,16.073300870883273
226.45157128770904,1347.866677846608,31.93077586531177,96.55806782366328,34.93341465434646,1602.611959852166,127.18428076508602,360.0987153180253,4.690213829852559,0.2791920878340849,0.0201276828933686,2015.7120662639109,15.411314088024936
254.33166085227697,3681.5842668871214,15.921307097508985,96.20536044090144,17.239077360697454,357.9941317115507,16.942714204867592,368.1709109940144,6.480066808394206,0.4812177760891379,0.3095041750395988,2021.159382373554,14.456097614693412
101.18604026045917,5380.909373434238,15.022626351383646,80.63678446713986,36.54269769618867,1628.215360652663,44.96605912211789,85.0916643953096,7.518809237487082,0.0519843800902563,0.2312008094822074,2017.4920627815543,13.0397486713901
271.60779820967264,2345.4031170299872,21.85737167846101,65.58056155695495,27.22630814740404,1564.4294605748553,52.50564351732045,209.1829447823424,4.505038391267108,0.34767099711636,1.6100390096469186,2018.937207634328,11.42304799318048
247.63299288570207,2617.267927223039,18.536760400009435,93.33980015006084,16.66450476236111,894.7305502100486,11.976552222847102,312.89714199232543,4.37930879321478,0.476308387647846,1.010355528071005,2014.934027255667,13.179623598908092
10.011410096690648,701.715534378448,20.95817439262749,67.26232367487266,24.20330638515153,579.4270191743581,87.32443660936968,295.184578340989,7.826019073510268,0.4490743465402778,0.4325599055925433,2013.9238919589127,13.827462727804438
201.28353250713616,4264.72597196982,7.89552813374025,74.31378697210657,16.925146850979576,960.5804885129422,102.0833821252095,156.6387901416477,5.40291060076604,0.0954878472958277,1.2364334518652231,2015.000519260893,14.858583835513777
263.41064336050584,3603.3155756273154,29.353909240503377,86.60336799992432,16.921437730315294,1050.1297965875535,68.01396360847448,95.36488120880904,5.203784750806289,0.1047838444805178,1.1365371555424553,2006.1277063052155,15.462818074520928
65.92185536466468,1954.815793531467,9.869284383576275,97.16734169864662,18.711118582477223,1367.861396454152,9.643521172698668,288.09373979035746,6.395160848018305,0.25687497470945,1.473784751148709,2015.391374527504,11.757961767771029
244.05688667250968,1464.2290856889215,21.3801843960304,75.7021489496292,10.955029107155552,755.6202158989181,116.76475101573772,273.32377487496507,5.409691824488659,0.1059912981607204,0.0827746072110711,2020.9314156641767,13.041871380670674
233.1247041770033,5143.401605406498,31.182309601164544,71.07750901398096,31.06204876676237,802.9708424653912,105.44159169347571,275.0329528534122,6.476957835945692,0.3335072007159244,0.3859678036720322,2022.0921438536025,10.787960942030027
104.5272416322535,2627.9174063325454,18.33291444989454,73.08848841696151,40.43562189349228,1881.3325795776004,46.82865539563217,411.1105056186639,5.095908373144217,0.0423000093831654,1.3375987231389592,2018.3424303611373,10.70018293940192
214.7903772702634,5387.730945027483,13.55442894828032,76.38995089415596,32.75626025416777,1411.2958760081258,118.7813640171096,433.72401383085617,7.499302110902309,0.6552442605678742,1.4104649937081053,2019.6471994313229,16.78510315439313
179.28103789786925,3866.104691536544,24.4025578523988,96.34596083223173,15.459403100231004,1079.4165581993773,92.26185762278604,230.1026355993631,7.170117396629927,0.1203381439934489,0.7636264497976627,2009.1037229203428,16.88610753450007
75.35216318117982,5941.157865997424,8.834609823773812,97.8701431589764,16.40760497456594,1111.602352702503,71.5335482965065,8.192163939389374,7.527104712278936,0.4683880778418006,0.6558416369938032,2020.146672939063,11.178031459393624
283.2881610586056,1159.7113962741057,11.336281650440696,65.5014298052733,37.9616206870033,231.33073313894693,62.61463189653841,276.32276960391744,6.935510667443516,0.6135588006771284,0.7316654115239524,2021.52308179583,10.51857953748702
208.59513065440945,5600.445679006076,28.64130021110169,95.31198587590184,27.66929791982161,1504.5298823495978,129.2917237259294,61.47592579710596,6.80164223378555,0.4535323315510173,0.4150914652812522,2009.882811194655,13.54466460696908
238.26365013336297,6255.616051319038,20.19438141981166,90.21953196294972,30.47955717127077,235.0865517018971,55.91569957404942,407.5611800067401,5.005919496810921,0.0171770207843391,0.8837986746913618,2016.4569386653927,11.507804169537309
78.34958386430421,2488.9167821891665,23.524144864263747,92.48471665077048,15.766205635184209,218.30945840395563,102.1321991922117,36.24119734356536,7.475094326397387,0.2859295353056404,0.4772760638750659,2020.7428020354305,12.564782216415397
113.66474333162827,5292.341714267214,17.188396294581132,91.90805270577006,21.879356386561607,2097.046314405357,101.42635432631845,100.3710241296662,7.970889793025882,0.0321248621332389,0.0215961552673729,2022.004182168619,13.77119533248204
112.4438675088807,4509.176474441465,6.613529142601797,81.05052703018549,23.618169964385213,821.0759000001296,52.37776208487999,277.0370025215756,7.328457620179851,0.0058433514772123,1.7752951217177957,2009.108655676351,18.29406157153577
9.9069457715846,2956.413082108646,6.991070214713604,85.76246868089467,22.636994707387306,229.58115331942213,54.838654674829314,285.56328139026215,7.356249402851998,0.3159714735643517,0.4045325954268991,2025.3303511229185,10.230844424364696
52.68177770354013,1513.653854532913,11.583482904426692,73.53003169759444,19.63935478268029,937.5053279479484,94.78207632555925,92.17885509528716,7.202545020239082,0.702295473519045,0.3897367804658165,2023.0692112680165,11.639753421448086
257.3588011341661,5404.058294097267,30.820968531506004,98.8489641096812,25.99924641652492,1525.6317567356998,111.11650957831117,405.4211442229125,7.6000117568538625,0.181556594098164,0.8858725836387779,2016.9779552202288,10.157071023148712
183.47502995814665,4756.538964719486,26.07928415048641,84.65744627925044,32.10207213380131,1941.5953569034568,109.50890659574227,336.92458269622534,7.4090069634912386,0.6134802856070978,0.2387599863317586,2023.374403888711,18.14921384076456
217.17438799921047,804.3311697208818,26.281291542644457,84.22422573582357,13.759989074682464,1638.5275357900307,134.32969624494163,340.9606635089046,7.855850430541409,0.4997650451338554,1.949405165430924,2020.1634036490725,16.50662607816727
50.02269249908615,935.8238656791464,22.148509219478186,65.05646627047231,28.337646724125666,1560.9970421003666,100.20864336749682,231.40653125631533,5.152362506846428,0.0060842271760292,0.7668272989335166,2019.5910899114515,10.79201945629115
189.60078087315765,0.0,21.415928872877736,88.55882717978211,24.76693500230201,2122.7244660234514,61.71267270511447,406.9353202260537,5.386726333605132,0.2550963074285766,1.8336787017840663,2023.397480746536,18.53433817043412
164.60341194490672,4203.675137319358,28.1744874203658,64.88145937686741,11.881533845540636,225.1624502307936,84.5869977598987,94.55290734427297,8.275406758520269,0.6446624086344772,1.407511749972418,2005.524067865609,12.718999724116223
39.44149434672564,4696.120625207915,14.05988950066566,75.73471593976711,11.217211043264443,1902.6960420609907,108.46841484852608,176.1215715097628,7.634471340770037,0.0421181056076158,0.9392356333146342,2023.50743514664,16.796517743972835
123.50586624233983,5974.651061559069,24.84363882718894,63.02503500889889,32.19951326093633,1447.040052021153,2.7857590201163127,397.2548325705767,7.655170234020635,0.3002669069244197,0.8933098912721487,2012.310053123082,16.277363000639596
106.7526858408764,1571.106209665703,31.6093923517594,90.42418114216872,23.93012066855597,1086.0896548026858,115.10795652852488,466.07396313714565,4.6208358348047485,0.5281364562346273,1.1179669550543314,2007.2213430839763,16.911473384129057
55.08842123592646,2700.982631227677,3.9146397302179032,67.84857951223867,36.750415988142734,1634.1892557190772,96.28832316590584,118.27545224253204,8.885873168949487,0.2802001814312464,0.9666955227736768,2007.4881203650505,16.092421753165187
33.88451425219643,3323.7249930267094,6.343829468690494,99.25971170599078,36.744186303658246,1077.948054347875,40.250744449748616,347.34414686035467,6.5800120946544185,0.6593627292536087,0.1743924844636959,2007.0089392389289,16.186867021845707
211.2480768030852,4303.26820833023,12.90928263158448,95.9047636350313,9.9515568350056,1898.2374351161816,23.304359378752256,233.645927857898,7.95060582815637,0.5600998209456701,0.0564959460508342,2015.1960084807667,13.161274319438242
103.81769074998022,2262.313540476184,21.645150084245827,67.56377578073561,30.89503304435965,1217.660532337601,10.528435148764826,271.6498633046309,7.946157621987271,0.492224622818838,1.530355779505277,2018.0360569650368,16.50568876704621
139.6745244953815,2737.6897620728228,17.66202585749776,68.00528672001859,39.5864190131165,1946.461979245478,14.54479309396365,34.08216419261784,5.861858856671051,0.2668966111056109,1.74020988988536,2008.596236730668,11.606136304335736
191.9999498059925,4634.065638535968,9.84139367653235,87.77607044884112,32.69312394392331,1158.991319450683,31.71472895601368,369.5376022811961,8.265537459263696,0.653923498491579,1.532424861831046,2013.359952119308,17.695657880048003
159.40046089234988,592.3735625146876,29.93276839678833,76.80531351919443,14.090552727024257,630.9418846155153,2.4964862084747983,271.5437699865897,6.946121439013785,0.3150029729531083,0.4064746763611536,2015.669386285783,15.010059563917684
0.0,3289.8859747445995,5.672890882757447,99.26873574688982,20.46577752743186,1912.2638494428863,30.37355707455709,241.17695921223603,8.351010444878348,0.1252208453364171,1.6519401228397248,2008.1776764919657,14.157501068364692
107.989845241171,1935.0927243249143,30.542715112960284,77.19654852075561,15.515003336904456,1817.613908191196,58.21555470581944,381.65952814295474,5.653302742784024,0.6053325327221056,1.896976146133836,2019.1938557284973,11.364538520874014
113.20709211832836,2889.422868076179,14.259101678112188,87.98511793878302,34.85247293221114,2100.3641364270707,46.465986044311485,144.0517950971192,5.6869317555640375,0.3458433685170944,2.185405364153901,2024.095594525482,16.800180819425062
46.28029212010576,2242.246201425828,16.999643087911025,59.1148114486617,18.38650131569582,1454.0769535188929,42.676634179210346,420.4983886412261,7.417726643277688,0.2016162261046288,1.2657990257404583,2010.3660530905995,14.76209373718728
16.103576400512758,5005.141897843197,30.79587749826864,97.81355233780404,23.99749396648401,1633.1705972175084,121.72380447422684,193.3121851763572,5.350990788402683,0.4465246145764798,0.4036667044777091,2015.377903905852,14.272281128731072
200.3269325514969,2621.6182603190587,9.892522240177376,97.86527348928854,28.867610375405807,1899.02351299737,55.05345481886529,254.87788197334407,5.469094416888365,0.673870237593284,1.7201845834677292,2012.043496927171,10.60534335537452
260.37501286547445,3976.8659908925615,23.80862679266041,66.31142104177452,42.68438128247434,2154.360319979961,17.200475569010905,45.78975328968468,4.870122489543558,0.477617759513413,0.9642159233333808,2014.0474052092688,14.03668592839246
277.8585221328644,4845.312911127857,12.24352544883036,65.62499140301203,33.116140810664035,1170.5582617096773,112.22601203653768,171.76224881530706,4.768045953322868,0.3155320619613165,0.9812601427048868,2017.121813670575,15.22017537816296
198.6849678783246,2726.038085068171,2.373863965812081,71.85704072041138,39.71723664858314,295.56687055681147,0.0,335.68778773406626,6.071999757427808,0.3818281102154566,0.4748839609456207,2020.9096630006547,11.465291799868606
8.26519073010738,4109.056381675483,27.01353978798585,83.31366301018484,13.31305823809,861.1949117215489,42.373179671364255,373.7117219784624,6.579087177504239,0.4415960878186183,1.900661024321041,2010.8796911988768,13.402549191017648
109.32270243856378,4174.211281171813,29.166367557119248,100.68183332767434,17.215529925382402,1484.0665729659584,9.774931967546008,317.91892414304164,6.043765746184716,0.3413808969898939,1.6325200401378743,2015.68205977512,15.657440816498887
50.55818517067637,1271.1203209430166,4.9654310464964775,94.8711524106144,27.10616333576484,1937.2237100448767,85.5093637350299,260.8236174079239,6.5530415446521415,0.4477249703939212,0.6301739000410772,2009.2174284458365,11.601394985565443
172.37226162537488,3467.169983067036,10.063918884089125,64.68204901651973,33.709497311523755,972.1275169285292,67.59942779265445,287.742798976942,6.185857097181454,0.1631496925537211,1.0729424476910954,2023.4250003467268,17.314395313658913
156.61447254893403,1149.6224845899756,30.37827472841528,89.19940245227679,35.57968031328548,632.9973194737768,27.00722644704292,254.1347909319273,8.467758317536541,0.2191031491122316,1.2080037554340386,2004.685694508148,12.691039731849676
107.06986610413276,5434.675277357185,19.649336778790623,87.9701208716625,35.29593165891142,1881.525498825223,0.0,196.279580766664,4.217872339485199,0.1935977238848257,0.3071495960994826,2024.787107088856,18.73467685760818
158.0710347499186,5122.927626076497,28.75868378827058,100.7483923575867,23.744903838980896,199.0524298777825,49.64027730617121,430.3888274516674,6.993905839264129,0.2008075148157699,0.5899968233666684,2017.973847425231,14.48662862788249
108.20855489019742,4507.5601566165,14.471771578112806,62.22202647434558,25.48352308032085,2044.377296647747,134.0494297242619,398.7681802944532,4.605447483616928,0.1166001618584069,1.3823530704352154,2008.572109959649,17.645199043385762
274.196045133113,795.0454338286112,13.884252038532791,62.090887431496775,37.79874694901614,623.2269832448208,103.65957490339832,0.0,8.385615100878159,0.4055160855002845,1.793412720630371,2009.7115317063328,13.0857340872549
52.5173677876658,1620.3964640140025,25.797416357145764,93.48781707419262,18.685799538784497,1598.0494698274183,132.91118310230135,379.1203297637889,6.501037349309708,0.1424860417039566,0.9406587266118582,2007.1948833739336,14.27035384161777
151.4702381921941,4961.779958097246,28.94542277038542,79.94504714375721,27.50994464709,1649.6558594868443,45.339659839485535,246.7939948388725,4.218611063706943,0.6378487357095319,0.0260634259700968,2023.0995283363784,17.54880699899227
203.1100711657469,3484.811098117806,17.455715884340982,80.85407218880988,15.820259837589036,1012.5315991513124,39.274214409782616,211.54047756467293,7.908254488684235,0.1299127600778662,0.2634115663717537,2017.9019274673776,17.43971142602711
47.3863763698726,5143.932939755431,30.148379059321453,66.46739231824296,34.16271634770567,635.9998510190886,78.92674486589901,388.9640751067512,4.691590739598176,0.145149315058772,0.6226948737369945,2010.143249308117,12.727103606502174
266.3552839635308,4129.952482732445,22.79337745615593,81.04449518300845,20.33971281166956,1704.4652601850814,129.2759478654987,381.31991874027415,8.99071139426709,0.5808522973330501,0.8362900118367513,2009.508117848619,19.367347461670395
198.20376932765467,2319.467641748519,14.52268012275879,95.29615238655144,30.29458083797689,1134.764126171952,133.95505298504995,304.5940679937525,5.1914136924015,0.2101506877948009,0.1899328770686061,2005.310969546192,16.54529583103072
126.6269479746986,2448.016800070752,22.43832150317736,70.42149721279705,21.704654425488386,1616.2694319371358,17.945325474733593,279.2771466681103,5.111084003405387,0.480420974151633,1.0947391368427106,2016.665492379639,13.042499140596805
190.58096071304112,1920.7329811531447,7.611939974952748,67.76630080876967,25.49246905332952,1966.2680293333167,40.63001014136916,455.6771170736602,7.7474989198470094,0.6279556897139189,0.4334040089660588,2014.152298483457,11.605775611184734
171.39054526488576,3928.3408914905176,1.8277557944953,76.01539448469846,16.36999569809755,874.8672156736544,80.12159340778896,174.38004505282686,7.462230501343371,0.6610570255140915,0.1907253538089526,2011.1286752428969,11.162866637852463
38.5973230306911,1580.7359410193126,20.800312688623087,63.78901808216032,32.190872199966634,1668.3390418223164,81.90763931011533,246.5413414654683,8.392885858376694,0.5071149878465253,0.5601777891369979,2021.2538706563216,12.779793912263855
162.88783801440883,4627.214791113144,7.986869986054286,68.19695429233285,37.57254124660617,139.137106250082,59.76534901785822,63.24454970930332,7.412882288227886,0.0,1.2793458249629528,2005.4503889474288,12.205639557614166
197.9859775439879,2280.813460158726,21.044574230085377,87.22112149926544,13.039465945495555,1875.0804082270663,40.77905308259387,23.79370065337894,5.694582732194454,0.3051625467296958,0.0913876850124102,2015.8884995194712,11.045233089310674
23.49431305428121,5923.905811267351,22.26765875821401,63.07385574593981,26.042329233831488,218.76711603675983,137.4585542074146,268.8503212632049,8.02600688012358,0.4133841149345542,1.6554060112248246,2024.546833275522,13.69438494117307
248.539982626514,1635.7349357235623,21.84122479017575,98.50905999112146,40.52529705637836,2043.5604095294927,65.56915033157992,280.4355528789408,7.478853064129754,0.0,1.7110722443361823,2021.1500817248093,18.685438900843312
140.96059236410207,5944.514924661699,10.532505792496783,90.30811187688282,33.53243877988136,1148.0288419998788,40.11773190618318,66.70100210116719,6.961069457789078,0.6943967966410264,0.2878685687760454,2006.545922503348,13.238852942723268
127.7940746575104,5054.373241969382,25.062061051166182,77.6272960697778,11.660013608366643,1838.2974495076376,71.36766035424225,358.18086057324285,8.977205866551818,0.1569975401012904,1.4542010155379754,2020.6060489123647,15.22524291665466
116.78854243819292,2666.7353718392847,30.978616814515554,78.58180182696177,34.117162501339955,973.4804637274162,128.90413308833394,379.4896078490827,5.425304499150924,0.0,0.7978783737524202,2004.0055514721653,13.30761011858764
106.37221853602158,4360.074040294932,27.39716858412929,67.09131874897011,27.9136852857593,1608.283307838337,46.54429438774325,36.3274638733962,8.991479732665605,0.1798705370480083,1.5370232796289922,2017.690379455703,12.54507402800644
104.15569870892104,756.0745099847936,12.045900790551809,101.33441325339736,31.3325209839536,1008.6421461002992,0.2662229417326287,326.6583428382252,6.164210385479038,0.0146250034000783,0.0,2009.8852831615584,17.94350462778152
191.5531968291886,5672.986842435118,10.197903847560855,90.78174010237554,25.367008097945444,1681.0694162386178,30.6338326613968,157.98575422497743,4.883925339268199,0.3820168211502854,1.2286092574741696,2017.019222003244,15.11985691297749
132.20927883159027,4615.145127576121,26.58936906467504,82.67205834478465,9.647556859783858,1411.165436095256,29.1380917212335,314.2862209376799,6.130043620945086,0.2979023254265054,1.7133700465850703,2007.2479769994727,16.135236699780776
118.32786927162924,658.563732811521,15.333921936693423,92.53269499339412,34.78608555783876,1042.6034852455314,6.099971437125823,291.8791003757852,7.9999313492651005,0.4287714174311011,0.4005703049049062,2021.2620281472985,19.211958139054143
211.00161739586204,4747.302232793713,6.13200494381878,67.4731695399851,10.166340158599418,1452.8244696220404,30.58798391206421,94.74784971357244,8.868229504101825,0.2284667049153815,1.8289804067576485,2010.6824289109552,17.30276818474573
226.2266347744085,3970.762990799564,10.681987846210292,99.75228845645933,30.82647762886906,239.27405943772163,111.81888004557888,491.7497239886976,8.060907513492285,0.2421210142767917,0.4429301809357009,2006.721868709331,15.838149730954171
61.66920211576964,2136.3827433371403,9.912537294525968,80.48596246223316,15.977635847123564,1351.506778657295,0.0,168.52909633193843,8.22514884735054,0.659189912178816,1.9164621522925949,2020.6285385619533,18.011348001360787
170.061835311062,4819.763370704928,26.89913249684927,61.232253728499686,20.347104135031124,1973.7662878551048,127.92516894396,194.7988361740141,6.80887366645187,0.545139531869607,1.841708878594099,2010.4530124184896,19.032541474893684
240.09002454884663,2197.8244693324827,28.75666721994204,68.1339069499121,28.050261484110845,1582.2217088448654,45.90106807029491,313.1280674839089,4.095615761767836,0.3879664712119524,1.346106874804138,2013.2508060605885,10.349621584082172
132.72431481046007,333.1436302286403,32.15324501271586,85.08800186325817,17.66907856180877,1154.37926884007,20.303861655720468,12.648153326424012,6.32334824252939,0.6735381884259066,0.4160341880059054,2021.327558438069,10.766397292073016
245.10384591353483,3286.330121199577,21.8268526572045,101.59066522856976,37.349891111136,1561.4864737357534,4.1834754200068245,429.5365750605693,6.987931318220986,0.265565161718011,1.995189330560061,2007.725190945366,10.432856949397282
153.184566250979,1493.6668165252854,20.64740831619192,80.28670498415222,10.56694006911717,916.9257638785036,134.0261496710221,344.5086153365595,8.514226952636541,0.2875702459612897,1.768847451176873,2025.319945471745,13.160238250196835
0.0,4006.851172255621,20.483313414731192,73.57020732475804,40.71613050124175,431.7566824648373,0.0,305.43764036785547,5.907611481294934,0.7126134994403858,0.987199469318529,2023.9824904759748,11.29233247636551
78.27692374601119,5754.249525097072,6.837189821905356,95.22432330275016,38.6120390867351,455.37827855821166,93.54598500884887,456.6238124991041,8.67089884768117,0.6199494322197445,1.854819452978564,2015.4777946662464,13.905623818763086
296.9089119749504,4781.76888886185,21.87830490005272,77.80675971307075,15.390273541302872,701.6685532761616,9.0736554071603,240.28052594921363,5.321748933613677,0.1399475460699211,1.050753842712456,2019.098608289461,18.599029292613043
22.35058909097829,4093.129029682268,32.58863171440133,78.08405668173106,21.46650335753508,1752.0410192674858,0.0,115.3452672661578,5.635039220185586,0.0957316234549669,0.5988219227373526,2008.717521956205,11.824977776784698
222.2387312198236,4918.61269382653,16.24110603261212,69.11506872810904,25.77289974798244,603.0460871196876,75.87279761046048,173.54075931514834,4.504824748281394,0.4317682259798509,1.070635353969552,2012.1859266436684,10.881026906213314
200.577600319086,215.00508700247843,8.999979719650803,68.93793286744862,11.624486614659522,2177.390228928833,54.54205179704345,170.21073259863698,7.170031800695154,0.6962157118580755,1.3569654796867692,2014.8800511426568,12.586057897128798
3.9939159168150695,5746.789203115861,24.47477698619501,101.38304667213086,20.7954671234121,2057.186937293285,110.02422438110747,332.7347465168951,7.336083245573234,0.485699053885564,0.847556269506605,2024.5168639673104,11.079247302688268
270.23168978533033,5586.96442914342,25.327014840721382,68.26794189798957,25.636892411171686,92.2713781807345,113.14031537592184,347.11809864180634,4.90030974260495,0.0456049329115044,1.10299212205373,2004.7404356142936,19.03035108914424
0.0,5658.747073695245,18.06107471575866,62.16045167774923,31.47277886516061,1098.6423483411577,119.0439654499604,186.120855209912,5.995456473848233,0.1533223864596212,1.9642763848505025,2016.8611497306867,12.0209651572861
16.300259004406282,662.0343586072025,13.324628865524806,90.33898111199032,17.430010139498904,669.5560825283987,115.259122080517,161.1890306928792,4.833363316396105,0.6260422108530923,0.5374542154260836,2011.2101675812808,19.30963154283621
12.1583637852909,2218.9537945976585,9.862769917436998,85.38977349845527,28.92477976343829,268.6086685714023,59.03573374497481,95.65510031182598,6.4836923939179965,0.1799641092074493,0.8039404592223383,2023.1891541131813,11.021523793129685
256.1051161157649,0.0,17.684784414804927,95.85997864094053,34.90888514025702,756.1367045864545,77.7845780308164,267.58572477972496,8.758720803807542,0.1421723201236717,1.774657346766907,2016.793077418108,14.291545915675446
216.57331807387945,5982.177697148639,15.069167666592396,95.98948234172944,18.95187491559305,716.6113111957683,60.60372060076765,358.3650286520456,7.389374713463764,0.0741324961838588,2.117587785405921,2016.8966963148748,10.58692326863794
11.172802690291816,4097.359518063744,12.696324027924694,97.47300220020158,36.58738568363509,1972.479448276192,101.25872347264388,245.9636117000926,7.723565156633981,0.4772377588927655,0.1140588175655576,2012.7811083168344,15.003254423401811
206.3841699475934,2138.0821919610303,11.891622211508787,69.81061436217573,7.082729719009591,161.46334146826422,67.86687686204242,86.58582060237023,4.397846616703689,0.6542083207257305,0.8781749601785349,2012.7745701723145,17.9015883669684
141.21563087376376,613.402444054954,30.2745338857024,95.411485386582,32.572486416659785,2056.791422662174,95.13369815277665,383.3024598282298,5.580922169777525,0.484313271260386,1.1952864575554278,2023.1124871926847,15.34628849707902
11.279109181813467,3387.177279237895,1.0924003782454452,97.18944628818554,6.621826641478785,1072.3622226288794,51.220204847341805,509.90441515438886,8.36280942734969,0.438796996033701,1.1017978449631245,2012.002461599501,19.58750326977082
173.88597403753266,2227.9134438569654,0.981091088389725,92.64950710037644,9.823460179729008,400.1182353061747,98.737334335447,31.73280109403501,4.962845583944551,0.6208731116169847,1.0795473354957297,2017.153183968697,12.29077725565062
68.6558230863982,1436.1768282240917,10.93766685288894,85.20887423762103,24.945694467659816,1542.0952035204996,89.37634428688659,57.42853898768579,5.908609293941173,0.3050881001574162,0.303545313022632,2007.136252771587,13.973751588823076
169.39702611235518,0.0,2.188977842216285,85.64614333962281,24.156181713019528,622.6702429007688,61.12170648789641,431.4630358664496,6.060833524759757,0.7408529534087251,1.1531736579145018,2014.130099016693,15.57680430116871
49.98338282554347,642.5316129261801,3.47818538662242,81.8575681588114,41.29782653000096,1927.314875109228,28.865906698368043,236.22557836170108,9.114934608149255,0.3861762192435147,0.9190462905945326,2026.10686010922,14.689480592289392
187.1877104296684,374.791144206193,7.511399953171109,60.172812694210194,27.41298230007609,73.10402556251606,88.5204773461611,417.08579004045214,6.716331893482849,0.2068095546712974,1.4540215664026197,2017.0839679378248,12.589481334358869
97.43384902033156,0.0,7.901343680104727,91.95761618408407,10.094163504968655,768.3677992385162,6.337524704852239,25.41264789308152,5.608220657951112,0.2088046765952441,1.0516190705685204,2016.4465705059567,13.005277648337255
197.51459918345265,5526.95243435276,5.780847519214023,78.95786409166743,24.132049732310573,789.2245152043954,13.038247263161152,218.776182149544,7.092413459748521,0.525467486003414,1.7703898785707448,2018.723468815652,12.533487485731614
223.6051077041539,1580.3714116774108,4.512626962537775,94.14880040952772,39.59475154207272,210.57888205739064,19.73128126716375,166.54029512744984,8.233043936983304,0.3475509317199402,1.4716253205367382,2006.9044856809955,17.909241018143533
44.54375068817997,1022.2954731876208,22.91221103595028,84.55842405794215,11.496910373060448,1694.4284499999037,35.51253569969507,374.2560222783232,4.184024308627589,0.360922711802314,0.4096964433761051,2012.3707537654595,16.52875153476145
20.409252522574103,384.2073367605152,13.54853994803566,103.05086155063464,21.10885371061495,466.1798723566663,58.85402632203332,0.0,6.380555556803448,0.4311361526586984,0.7590937433746676,2018.673754669539,18.85414833259288
11.111595661892018,5187.718453780523,27.31755650878525,93.64066528847891,38.83547904995146,408.9837066027741,114.18910791537613,388.4971754926241,4.797314374689719,0.243437280466926,0.5717460415350875,2005.6580580975465,10.515068118354392
275.7343893218059,887.6890349052371,3.275689388011783,62.57625223701245,14.17131668703624,692.9369658251786,17.771307662064178,106.37328728881684,7.230296404966458,0.6696784547921377,1.324362169632208,2009.3871770921287,16.30666579033822
213.42870516055524,6119.902031084032,7.759141032344853,87.57687816437105,35.19614322454778,1300.1864016032364,58.90423910269034,456.92713448497415,5.232915299493385,0.4406948383580386,0.1036755908150912,2005.107697447353,19.073381149029164
37.04473335323034,4687.918845680006,28.988989302788,97.1956964720352,17.8749927656786,1691.4536253166905,0.0,391.4488303663402,7.932224598278331,0.3414117779855367,1.7431490702075132,2019.5988435287584,10.80880744529516
45.07238983688893,3222.009745073082,15.967682710397543,76.94754294443142,40.83994245878293,771.0065212159558,8.645423698090411,199.0435646458968,5.698420362787327,0.2233802974582107,0.2300120770849247,2021.6932554071027,13.581300286914905
107.13367241262482,2766.348249670329,21.130766979947857,91.80789863783922,29.223646488049933,1761.8540308467757,24.04290232251673,323.153896988073,7.064846416506532,0.623991123929367,1.5682975399445709,2011.1865182271752,13.841998027691233
224.609701063089,2578.437653747784,28.06004627084692,78.22371255002152,8.498280805857112,911.1797013927862,115.42056471179542,276.5211227009639,6.537323152117788,0.2539603220988927,0.2463274150924402,2025.1840917375057,18.48923413258308
276.7609680475139,6019.984552513402,16.26906493347755,94.957066747854,29.801973203530576,1296.1841471100354,76.94221289224022,189.58683680561217,7.379819627408924,0.2080603131535966,0.9017056074306252,2016.7811003786544,11.292107150543524
236.18890986002592,3323.543435339885,33.8442932490416,96.52400622011491,25.5806957446914,955.5873836425416,0.0,178.54658227956364,8.073343972073385,0.0083782285999724,0.9016454433856408,2003.4057318741725,13.356333340658374
76.9708512588409,2410.945902166474,17.20987625157068,80.14586842664187,34.217632549664444,1324.031443559741,13.910477366497222,464.870810427407,5.884345518148856,0.5267353335410895,1.2144819697338454,2020.3607387656,19.457642145944767
0.0,4351.843436001572,4.140586915967164,64.79892276774329,40.08963590458416,1703.6813485746577,5.945714935489614,84.12310209368687,6.885809185339947,0.5186450306477268,0.4154566592038171,2011.5843732857377,14.813955579531925
26.811586927841983,4858.28861832682,17.04062345254005,68.43142194573404,25.049674681062594,1613.1524187023344,130.83977883207726,221.91384140775165,4.892086836839633,0.2631253452121409,0.9246618146171004,2006.711389317904,10.812142116456949
166.14204877522187,1710.823056973522,13.391287199499626,86.52689631315504,41.98953051852346,985.5392473591083,85.28882218156556,295.56338218280507,7.867408352640554,0.1736547773778189,2.329625000325424,2017.1187817256807,18.50188759304121
106.5390081203706,970.277618106586,30.83976421376649,93.44754669273046,27.324313821229783,461.9183395782298,112.41881928918356,400.9674679649213,4.574462670009715,0.2482661574340828,0.280431940893711,2013.1758368810213,14.773391818424289
139.98225422377507,1902.080651938897,30.545356307395814,62.89597682952146,9.787945440173724,1585.1903162669942,18.33368158722924,278.20277030150226,5.146397419124579,0.5733712737719192,0.9007694499507666,2007.990646024036,19.09999191647112
233.8972688765405,4237.7103956613,19.271217267403667,59.716572359721695,17.290660584972528,847.7090937201534,19.74357160677082,132.1302822700858,7.281586881589499,0.0309207118579709,1.850806753409556,2021.3671129884835,14.29616596150436
38.37160158462361,6085.804361807082,11.59769783867616,101.64635887134028,14.960094299987682,554.7087716672352,84.0352831098646,443.70807019814345,4.60210506124987,0.4018856586261773,1.2008859879690306,2013.940663483648,10.961592963997848
236.1243814765128,1689.3768920796572,18.600749770895675,96.92772597822268,31.52052395959813,1169.217381957369,36.13687902126559,108.74633507750616,7.467996171778823,0.4185611534693366,0.8178089183966463,2015.1145703900863,16.787186790802302
39.71960275457073,4365.658639295139,20.01779777267589,101.89741581508522,19.347870730784454,1906.820725980877,72.06185028317884,108.89397033539004,4.18797533773568,0.2411904691253452,0.9149934242571518,2015.65600462938,18.305450335920312
133.94866227558845,1939.965383676792,30.87274514853302,67.02560093790649,9.84198858668018,1847.9508494525944,108.52261105403576,176.18146262088345,6.291964507278543,0.6239740843837355,0.2647838579605727,2010.7308062782645,18.18041390659401
306.52478487963003,5579.574225077766,13.416035007028562,76.30968128782709,18.900010740669696,346.2669914612702,46.256990501520114,290.099919017072,7.259974963898156,0.5511758198198439,1.6925521606584053,2014.1460679976751,12.699566052333244
97.00575354918053,3311.5201007936407,21.41309797761244,69.80273394609776,14.36562463749458,1506.2046870912689,29.15070230020897,401.0473578159169,5.5521781659538165,0.5340597375864667,1.896449449217179,2023.5379485471751,17.11130315470765
131.33860630184373,6332.937958968979,12.092580135578393,102.18126084578653,6.909832323945744,1889.201809119043,57.47628544672104,358.73986211951643,4.424371948277577,0.05070235101129,1.3880269574985342,2020.7742649343768,14.181719589051834
105.8698794222498,2145.9685771264844,3.157521887179332,100.4181513177689,8.124031849328158,597.0327217218439,110.01227488463527,245.2157483041688,5.180493013672611,0.0959769290032258,0.4535309671241146,2021.849865324005,10.38126125943897
281.7042741825209,4503.018819616013,14.342134365785794,79.08057632085082,10.63058047955854,1284.4762927653935,81.56070409451188,208.8238736579437,4.230433545933516,0.7121058941489785,2.256602752637602,2021.5695385180304,13.034048372907648
143.6893147750843,1813.857137651686,8.920414294477311,85.62240663072198,20.342561154410408,777.7183539807851,45.02854943268627,203.31312797248063,7.645244609798831,0.729538274940599,1.037973564012962,2003.4111671809376,15.455562283074752
145.0275460593084,1635.9224908280978,10.543444273604036,62.53171776361714,25.43752466762061,78.5260734095978,86.12897910425842,201.4241233702193,5.563856641401487,0.3106425956662088,0.6935534565786128,2002.574754674729,11.349632149262137
89.36866245961686,4505.352905811848,23.200585774107648,64.38199840493148,34.16285752455186,1032.8973102602777,2.602968107417748,72.55140060703917,4.739160603424649,0.4701618491278506,1.9660323335861816,2006.025591080281,15.381444086500606
165.86822954630534,5311.420422037403,34.84987037470665,94.90498170410363,13.441805253795332,1130.398041860873,80.81907139868065,191.95816384636623,8.439962889367237,0.5667707568916448,1.6652206038714945,2019.925929668943,13.916482457273757
274.7638457867229,2235.2049496161244,17.441875439226045,81.91829288828342,23.879986156433937,848.0067267263502,103.75911161024924,384.25962774498817,6.587950809937704,0.4259599085219262,2.3471595310989284,2007.339433501069,10.174982249971698
172.49834619144212,2771.04032644935,2.792284647429175,92.61559071485956,26.43887548297851,493.0830079177537,98.521775786108,291.6037419651095,8.773638924584175,0.12825397609541,0.5927017946322491,2018.213400934036,17.611911088619884
250.4410287606636,4577.12222093377,6.818923068054496,76.11784782437441,35.034242436053404,1223.01322785329,122.59585522905245,245.09863970240767,4.614634508380592,0.1951643090266248,1.718594641197117,2016.6335883706304,18.085602731488084
238.24055546044767,4159.350620905472,15.708485057667044,57.33026055072124,37.123626375522,622.49910153231,83.10827394949015,510.67101791042,6.1258762008661884,0.1395741151857681,2.180945015348742,2011.581971028339,17.431210948789584
81.09857537299558,774.6998905349412,16.76340023558144,94.18405009471462,31.56091171373244,154.11806748959663,51.18702872251049,277.83601549247186,4.57579381360753,0.6478220407833952,1.4425034534544992,2011.1368119958915,10.961777546098888
270.8717838402758,435.0990412932628,9.12440797551469,76.68478610582831,25.495753255857053,287.8066639692448,7.917009102083673,0.0,6.943889482034661,0.1450320442353063,1.2333256545045157,2022.672314636768,11.227577100148906
205.9908625871957,5946.813059469697,9.231414754366682,99.9237838370638,28.945149450007456,617.5004846848539,14.60315883967524,485.11081206627233,8.845465024172698,0.3320444311179215,1.4842673850380306,2021.309193503169,17.12292382854406
142.2390094302976,4958.585642979498,30.030117269115344,81.86758527587504,12.979431927073856,844.8303736644586,47.492029045042734,251.62264349162925,5.352606686313781,0.2291325192364187,1.803102817358617,2024.405133618798,12.683593527293947
280.8055980537874,4008.86916779078,15.198823085607804,79.13029964631649,37.40226003316173,1514.3029300276498,24.25754897588344,365.8429587541597,5.341074791748204,0.4799627954432225,1.1371582896107284,2007.249489029097,12.02415920075454
218.04558887277992,5902.951330464758,34.88714277522945,79.41911192646671,26.115194250430324,425.0239362213517,5.715253280961674,0.0,5.4676372873983405,0.5538694736050583,0.2796832089269356,2018.0714564939965,16.88724920091027
266.9171642689389,6426.104353763637,33.98908403939136,89.39158167968591,23.91140896782793,1109.3878863995396,126.66436824753808,525.8998373536352,5.546922409549343,0.1688320856513177,0.233677803819889,2012.684857764784,14.8894714792458
176.94192173732046,590.2110621280781,4.35530932731537,107.33674327186502,13.76163618136729,206.34042351637112,66.95007806429808,375.76280816026656,8.450609553034731,0.3098080867220548,2.085915912331187,2018.0249606110028,11.610635263790876
158.95336983144017,3545.854902376874,14.362415789578478,94.73775462296756,25.971636270126965,1070.1237839699993,85.53792040809552,116.41398890682756,5.127897672369835,0.3804106090463573,0.7116488021323322,2025.5273954061777,11.919670001320805
287.8428627850422,3711.238070627163,22.86287292304837,92.95836249399056,19.124375374025902,2216.46356966569,80.27683343748218,99.3510160951571,5.786788859738775,0.4057959692826103,1.9001778013666752,2007.404965845639,11.468568450169917
90.70814290362154,4242.596608463811,10.22168283819926,96.95033004666163,11.395087518073275,2021.2115642934368,145.57134992820133,453.7960492853129,8.026612692935215,0.0743189939165644,1.9858131265785544,2016.1259313683747,15.710265255554084
223.173449828005,5462.769342463096,22.016845608467403,66.21495764908124,27.1945425646396,1018.0932829060156,20.933714616793573,2.810239519923517,8.01371252521104,0.0337907262749067,0.8362017520218431,2017.7508887265344,19.374743011756745
280.6686823836163,2495.552826084001,22.31576052644746,72.9064304304229,33.70661088641072,1511.691386123957,41.97807400747161,520.7852228293929,4.2314774456609365,0.5327308804544744,0.3235106637124783,2009.8765573820488,17.320824966621423
50.266259347865166,1356.7523006626068,25.641051729869623,86.77157779758717,29.302341281418187,216.45935402635288,71.38459810323378,127.00628830564251,5.096143282511265,0.3935038681638471,1.2126984351565324,2021.964973038136,12.880395824065983
217.36321267704136,260.2771497855172,30.059921751986018,88.38354470600257,5.8997277060882976,1216.7527926684222,124.4502613685736,187.5046866191272,4.703846840673366,0.2430812088362945,1.6012810732035494,2011.7211672790168,16.48193554715952
178.1539941312243,3060.511316942316,8.308366870198315,85.65007265806706,27.71208565523083,1168.9392962427594,16.170966146971566,445.2026687430735,7.581523083490874,0.650647729110968,1.1034087244451762,2013.4847454909643,15.496437068873576
86.08194189337993,5322.299825931022,28.548093121685625,100.93443485935803,30.036896942300512,1541.951639753077,43.71595120863076,259.8052950177548,6.844081946027265,0.2930342177151761,1.2613502467713564,2006.211254174332,13.006137719843938
236.7359788767152,682.842390000305,16.578673680283107,98.81496494414354,36.93282102448525,469.4090715248507,62.5397588392924,510.5005606849149,5.962197703367209,0.2466762855549964,0.7258956042378649,2022.6392373615447,12.167116987557405
262.97309337106685,3298.300653894156,9.13611396366921,97.53194783060668,30.296536131090587,338.83235067667295,97.03492146934808,361.9185466355525,8.579776798055745,0.4380454012038421,0.3403998785334961,2021.31106669836,15.795452666919314
6.516183217220869,3945.6314384667503,2.228099423966614,62.30256115730992,37.99998892314405,446.9337329158801,17.64752954453487,251.06016575994008,9.053030684706446,0.0811104461037839,0.1090376241487467,2023.492188953216,17.949684828744424
212.9698994394864,1909.157313297338,16.037077061606425,79.11692131629606,19.64379242686349,2041.9808803075773,28.84178749513069,301.6335255334898,7.070582693076292,0.1124668069014519,1.93510283100853,2008.5073574561795,15.538942367224966
63.17704839529149,4065.542844096493,19.36417637133633,69.72948245021486,36.43531505835988,1358.3807457478458,88.21030327210458,163.11913408053294,7.325355682369672,0.1213064021658258,0.4701525209212457,2010.896905272797,11.642984268591665
257.214714219557,3539.940717901772,14.689824582435348,75.7605793730869,36.86348962088169,375.1151687149061,85.12048632910955,297.7963133935996,5.864112132289339,0.2484833354279998,0.5887778149558435,2009.732966843324,18.925536214512665
209.3139585071997,5565.8232635100685,17.9948043832986,84.17200029207449,21.43113723936688,1815.736080814593,32.207856154171665,175.55451895335526,8.08640750288571,0.6745757691232837,1.6278371789876604,2020.135921051643,12.936797485682211
92.9479667048319,3329.650653925619,25.49496355067335,95.547821097779,10.937182946143988,243.4271181913707,50.52573509278368,276.90247370146346,6.736244543889097,0.5061631053310719,0.1250784373926882,2013.4125449855487,17.158210770840864
93.1509946597241,1085.5456805829597,32.96318578674586,88.14944642786723,28.88168990345742,356.7409232872279,116.61061433226008,42.13376357182565,8.909402127969758,0.1328546622669126,2.2021586954300267,2012.5613543565275,10.775321077002973
275.54135644019857,624.2436732972778,15.020019220599654,60.184354721387976,29.96055183188134,562.4291793399206,139.28323236687228,59.86525152432287,4.910822445391264,0.727522834466453,0.1015460704941146,2012.6935979134985,18.40997741919812
29.385570154576968,3708.0645600826383,27.1652859478222,91.7069272063098,40.74241073957588,636.6078822768671,0.0,144.82987578090717,6.566574205987559,0.3224168530755826,0.6563480782216515,2011.302276699871,19.156640026193443
205.1834478091353,1328.0678017059702,4.9038079968779655,83.30210609517302,14.792078785997992,1117.8163800389286,6.121159889974005,224.09942867983324,8.272340802086049,0.2164785894071489,1.809793728544243,2018.6920225280044,13.131185952100202
133.73273402095955,2833.010595183005,7.026710987648475,82.91825137755175,25.0431135526266,428.2281640734684,108.48777112497424,258.9432150929664,4.774017102440872,0.7780970707343048,1.6040975460489502,2019.6756028702512,13.22879790230724
274.2021572439922,5533.035401355921,7.820649741117183,60.6314336556367,39.02676811922025,401.8966395791722,115.29346149266355,110.06014712015173,7.236496395817079,0.7208846132882889,1.780952512044718,2022.443536428066,18.67167724956142
90.60614568392354,1726.760639449771,22.213239652069227,58.28338075843895,20.49951753741357,2174.380533479069,29.26632083610168,0.0,4.964924221701358,0.4257022277035569,0.6624871996189522,2004.6932094048464,16.018441008424357
284.9694576481773,4312.441904515767,4.071021905999219,86.02146011986119,11.38703316403521,1493.473756292014,113.63224573305531,380.1677512887969,7.768936228794296,0.5423399229479058,0.4136262641069581,2014.984164368125,17.645227558145645
297.79660552770866,3787.9130682762784,16.521940589747633,71.19321443241923,26.03644232283715,410.4862991082396,130.18069881595858,457.1535782632246,6.632538587911203,0.5964516765747495,1.8555097631031408,2019.5001639297573,15.16397622960556
247.18816146040328,5594.258489553604,28.94521615307734,70.47572723435708,20.90034310723933,1463.968027168778,33.58247792801226,130.72353231230795,4.370838703390659,0.5987552002977743,1.2968012027301412,2002.3888024195755,16.16494433226472
285.63846852875884,5585.620101013578,14.643921347704673,86.50661164031398,20.180043929111545,1121.3338880822685,81.0798082274022,296.56023421686047,6.561799705832557,0.5412481371022055,1.3098478396152564,2025.556362349737,18.7426834854853
224.9113780261896,1688.26136372275,17.65474898464072,76.98658755135526,22.398844081678646,444.0626557717096,67.84048041699235,5.49196479173537,7.971286172737237,0.0948692673091267,1.7957558325205878,2002.95201734769,16.9049898081811
72.8596134847362,1233.787323835846,5.094045325175002,63.36163599998756,15.208265183581368,1124.6209386901928,82.30613703048832,275.76075127668474,4.26717393031378,0.2226135255680097,0.4445625553356967,2023.1839093533663,18.345026017354307
277.940876368746,5768.898556221567,7.043823301866146,78.02867324709014,16.329213689227007,1712.93520852167,94.92033680036565,25.411932898287347,4.020082975923791,0.501846604556422,0.8046409377179504,2011.140894645839,14.926602242118028
250.47288976007823,4373.948682466601,10.369765827942723,66.16904210365824,16.28901122643546,372.0765416579157,107.75736957308796,74.4081419417326,4.709788217546237,0.420185515503933,1.3149195142308332,2006.009373186951,18.02324946069194
85.31432742166098,674.9057068232156,26.517794984880325,72.48005827989836,17.342800347243426,1624.7934876707957,120.44159997052364,398.7609857051914,5.747378864465125,0.4338997488454656,0.6211593275912158,2011.704338993256,18.710970268798302
183.20196939736417,5963.077407556314,16.335295111399848,97.49180894205398,25.10467037424145,1236.9665685485118,112.27011090398088,135.9763163063606,6.896224635394178,0.0,0.3056667713325944,2015.340667673478,14.474779185299678
175.67288312957336,1235.8690162993626,19.361964169751964,78.62051206226192,9.046282909306443,1439.2267635180451,124.65143838171646,234.10780096758072,8.504001664125829,0.3945293873967887,0.9937459236298628,2022.1399581239623,13.504433491194938
217.5919365411744,3083.412276913965,12.847865240082037,86.03935992273428,27.020829272440903,1254.522084277202,88.8746341482668,512.7295599967936,8.810797625083868,0.6327979558432772,0.7812991291651536,2024.081201318819,16.63499052846681
148.67090558600216,2607.693747016914,31.10451495975288,96.8172712446678,7.351475813832499,1596.0151618878297,47.83941956178738,155.92379418121033,5.787201478103708,0.7091154773234971,2.3504218136481216,2014.3995944317264,14.829226479018848
270.871045274512,3191.8054122532367,6.848648205846014,77.30625714074394,39.101620747894806,1079.6643375609665,16.09045703264208,245.2884667262481,8.570110737554073,0.0,1.577423305648212,2004.214299529688,14.451818263183757
221.3114716277256,2677.8441357155134,12.024464790583478,79.87225521895667,22.142228076832293,397.9983896322,61.042017665650185,523.8778029512887,4.024215104986126,0.2259673777841537,2.0755042687199365,2021.3680263967608,11.660018142716812
100.82957778337504,1881.2856272516265,5.050873458715934,90.31549715330596,32.13470945732265,721.5811247867077,34.005820766776544,164.7158660748949,4.942311221335409,0.0,1.8326366733589712,2011.3040805327407,16.10597811198734
106.41334814627945,0.0,9.94682118946999,102.03324875299812,38.18958665952597,843.1496863505297,126.32853048445048,246.7007772923461,5.007387547415695,0.4780174065838403,1.6462584039980936,2018.172413478896,16.005982107467627
2.641785338762624,4256.675098113329,4.848939426710028,67.69132399206433,7.800209598906111,1957.736827690052,42.52119338246072,150.64008627846496,6.017267472132677,0.4851291853045472,1.4011887032455592,2007.3615461705456,17.20730295212384
220.75592447505707,490.51482017668,10.873664743709718,90.48913411541731,20.991477828500813,0.0,69.95547998637149,350.6529472913612,7.467319986185117,0.1620387410997099,1.3745652482833877,2014.3660347458351,13.386690561221686
295.4127742514666,4209.247746650409,0.0,74.22500348685911,33.831806831159334,1421.137898014164,43.438049253642895,540.1497155946184,6.894848140377436,0.707010278286304,1.6525324111473614,2017.492450616176,12.282279657084016
193.22579413049723,1404.8553399882546,28.34111722844738,65.08467520701888,19.840822646372903,497.7863903823222,136.27821102038465,511.16052701996654,6.600654605865714,0.2658944620747924,0.5556445089069036,2022.390245621516,11.196871243263056
91.87593246655764,4387.797456692067,3.261114910207187,106.19183786353597,13.322739507975005,327.1970096955537,7.511141521346014,221.4462262036473,6.070690708460456,0.2194024186620252,0.0,2020.4995360868616,10.842233241528634
173.193273256257,3333.4646904373417,30.07367344220796,72.74258517057116,35.21673511971042,595.360967157553,63.17878708903716,208.67151967825544,7.856320569105904,0.2814222160408614,1.5805556411803448,2012.7527925770808,12.59172451932783
80.76238063032805,2858.971268255053,9.687360827321086,64.06263485641507,27.64936754090644,127.98296205032972,29.37507469177959,434.3636518216359,7.8506065470425295,0.1218924051953011,2.013132637485548,2020.0498177195093,15.928734080504396
168.4953839931478,5456.75110300192,17.210739239087673,75.24457914336175,16.539238852187506,1081.755850141741,21.825705517270727,137.71144206893396,4.138734854849774,0.756888634799199,2.133368090612047,2015.887445758705,18.55824803542697
99.28412067020436,2063.949609222039,22.027924248162822,60.14780627392943,35.2048540404564,1077.5125806075057,123.89627505050636,410.8172731772824,7.820090319767361,0.3596463615208458,0.0717220336405183,2021.680513419396,10.68317025461912
258.9817050479298,6430.596236820681,16.200012458903945,108.29081056730756,39.2829685634584,1317.6854630840169,77.70077479828193,283.0446809068502,7.149554283705102,0.3549952767442177,0.0295891995422395,2024.934433619369,15.69519292528803
0.0,2617.388847440816,6.060583318797947,78.23481777213956,12.608770085070072,407.3098442223687,119.85349236987666,135.775690257845,7.029740245918974,0.1503939998388535,0.6274222948048067,2021.8961398063395,13.201087867078948
259.1205272557515,43.975436170245246,32.58056153144699,105.17648640556077,32.25868523905278,1759.6577265039443,25.784828212513183,5.636861941463935,3.4611401536703514,0.5964316201293022,0.3243226825166271,2014.9988689706013,13.717766267415607
159.49835548071312,1313.7980299970636,19.040181107711053,105.903852202981,36.5726937542217,225.0611444432482,24.15810936582325,218.27789861116912,4.921660991213163,0.3505081248081807,1.8023954139691047,2018.356254390196,12.91162428399208
152.5403484671669,2428.837059377948,13.953717133011615,61.96662583118684,7.286826504729188,1365.292964075061,42.38182650531591,486.0795466959079,8.780174253246393,0.7675395792027148,1.4787976001875849,2019.1815092706408,14.667287603907418
256.498793323874,5334.135543043436,0.0,83.45608780538069,39.68002872865233,911.371209223546,87.69195634508917,447.8180212576528,6.223936238682603,0.0684591150543293,1.3430532246027929,2010.2311354712128,19.68030839627999
121.64729708793304,2921.5604369486528,16.88343042067797,82.62250312659599,22.58078525324877,1904.100523326921,135.26989707544328,287.3941181783615,8.080072020791544,0.3651314038062996,2.271092304048842,2016.917763727313,14.897224207755585
191.78953429742336,1227.523948466102,7.911072569409254,88.59721742438207,21.59341289181419,1490.468510933286,58.513383064628655,80.67959129201623,5.595992919441507,0.2262388508739479,0.4870389582410857,2025.272483066993,17.40614762197785
55.04205442645729,0.0,17.254921130351928,68.74907585788117,13.320719685259055,830.8371551205618,30.14212978813005,557.2620574734451,6.797227021430407,0.1087763717578791,0.191751644072415,2010.2935678087108,16.662882064037944
142.81971586334865,549.2612500711361,1.5637934688478874,72.74444311150445,15.819446754669515,1985.1521873839024,107.52656134017032,234.5971527545664,5.5601338736947845,0.0897673486279701,0.1774976287331714,2026.3200921404284,10.95772180039873
272.2814943332498,1095.7961830822078,28.18289414988889,63.58215147419428,6.022870210916056,343.53541656571184,86.56118260307808,434.13742039122434,6.1887611818659245,0.5094576147580425,0.1725155746228738,2011.673900247959,15.702800455037504
60.19460547777766,3355.78863174808,19.20338134136308,62.94289727181128,24.5144449996575,972.685069337805,67.6885727889199,475.7404138390047,4.472171821576663,0.3810068899058544,1.3109430164246108,2019.0616819632987,15.06184937459618
287.6454187258301,272.586251832922,26.75307919885771,61.552671400132745,19.49675251481532,1307.8281190165362,33.22387563391768,422.6716512216572,6.815623260480459,0.3605072467273773,0.8696901997732001,2024.81891338574,14.72352618462626
317.8485778706297,5889.365985201771,32.95693093892238,73.87967160830995,14.62156404503386,1189.557992273184,122.41802220724864,99.93696988827148,6.646755936995104,0.6477312017985173,2.225982806843789,2017.506931519344,18.422182435619728
36.39933183610669,5311.928562488099,20.968362052141124,101.82937270204968,17.118229700414748,369.5218900304429,56.72944313887216,39.23223756987637,8.262890433449423,0.6185872261695341,2.2872540447722227,2007.4442283170747,16.104910760006987
2.909369714639356,2646.647620952873,25.473097578314004,106.2919991442792,10.112930165998726,1784.478042035379,21.53916712615357,286.2083127469308,4.7234863691505256,0.6784672726596209,1.375832009021452,2014.9826688169003,12.007705777166144
295.35547662296943,2536.623477830877,35.79501862439457,83.5082951803983,14.61044711646381,766.4923475604677,56.45098767859271,225.2498781161472,4.609447869332592,0.6868868008414856,0.7853702683227367,2018.3284894972128,16.793068497495497
35.3136985307462,966.4548467291922,12.78990459614525,82.4150365666284,38.2456245558428,1800.9291381265032,117.36977559331254,230.6860114930584,4.174223823562308,0.0,1.7124173603546569,2014.470507887888,11.381992783660504
191.3606079023842,6786.751955872026,18.61105190927288,98.03103855587092,22.339169624251127,370.8470421282931,19.68855893557021,360.9210134267037,4.556802236870904,0.2874289080256975,0.8750040590920035,2003.729048581827,10.97831187824099
24.813748478082605,1994.130148044362,13.826279295453642,69.18907852503085,22.689702447571,196.43039203516065,76.32224636856886,518.1948681840651,5.945595745391978,0.1166717961154465,1.490593438527683,2005.994877166008,16.842450514889926
235.65177438348903,4983.781780735239,22.73423641832641,99.061358363741,9.346942534236328,0.0,34.41446401062337,188.6224180224434,8.409940458860738,0.6187480021569446,0.1856329641493041,2020.5247256587484,10.155064716847129
155.28837533786142,627.7679562512718,12.4279092516176,83.36005602066888,16.467011756002677,1132.3410034088572,100.63090070000624,330.8589429397579,8.949545263630945,0.1783673822430677,0.744941628716831,2010.008577916291,18.7251655629948
49.86373444954059,5591.03956510151,24.217332230330182,80.37433900793042,10.849903723946095,1161.0557650045744,27.16414909773953,176.4509587733085,5.512186847387417,0.7097793056664825,0.8025551129786782,2003.80676306284,18.645930660818337
257.5027005123705,4580.289065508001,26.06188838144992,69.95952422044678,3.3667523363302903,488.7372907414131,0.0,392.8685956865489,5.047919830531859,0.5028253037400767,1.4761480993980955,2025.3594486683928,11.517737337031685
54.82947322863539,468.32445837343937,19.34861130098895,95.39586500348383,9.924221290620704,2035.4602923428577,13.486207655409292,7.141560448901256,6.407400071396466,0.4983644012314264,0.0,2012.3826722611104,18.807893753202976
279.3733641145039,3107.7843676969856,10.188956153146432,86.16301230938902,8.308686973665361,947.6057959981096,62.70304903196821,387.4077780548295,6.533173117594173,0.5582739481626627,1.1903702378618406,2022.940318199374,11.644754175327211
60.63741212144428,6979.670818568333,34.08932439279595,55.5978491680553,22.57472989108239,1215.6536611820063,74.76969053858764,509.6672257825082,6.262771889049265,0.4110330338723836,0.0,2016.3364326947128,17.310102615649356
63.05272687468589,185.83207104288329,26.77682883118219,62.5518626989424,34.86206082903381,431.8212657323738,139.2208438188563,175.8606588908059,5.566201815719064,0.3512254496313802,0.2095714250980942,2005.448235467373,13.43820009266596
0.0,6050.643427427233,11.184971656523524,80.80381081350869,26.39172488813891,10.965436398632818,115.16449202489696,474.9206400046439,5.478533126044924,0.6385157588222102,1.4572956160995023,2025.8164288965936,13.69210556308459
272.82012087126816,5157.384098952624,30.901813145772245,90.63264057532962,28.7144686666384,1609.7493542592154,107.5718902993306,495.09580140823743,5.551063364537567,0.7460348293249494,1.2252389209863888,2025.9379497813009,18.906044359187693
56.53104565958549,2943.323346769914,12.648342675915872,104.0728256745432,19.558630223474392,1245.1691785135458,138.6461170333101,296.5501749515397,3.623444312145833,0.5901809086853274,1.998102338574318,2020.836930867505,11.580180542851796
279.29563067787603,3486.915507471074,19.638552411020683,84.69792014807079,20.66504112047332,1537.287078201254,72.11556997996446,360.2069557755394,3.9792852542566624,0.0264369447899639,1.7698860284805211,2002.9225390972088,13.390443604966398
172.28173673772625,6380.704087824598,6.060339339199076,106.0535021701767,12.695596291043175,728.7215898633181,133.23476461217797,442.9859217423557,8.690436348347632,0.0,0.0712639283555902,2025.2048479242128,14.847553832789275
218.68728979995333,4601.742080888061,23.988411852952936,105.53338262217189,34.40607643576164,1963.2708410873795,2.556518297828471,301.99911123081336,6.840502545417454,0.253283483948463,0.9676809984322317,2023.1689409281405,16.5056590269346
135.63043121000084,5021.771187413858,4.482039817633729,103.44958532484966,7.062913040196339,309.682011731467,129.64926084631796,534.6695985378365,6.800845922373341,0.7380710749847956,1.4024210771625665,2017.5577846762808,15.35698559666195
315.7199197797831,3423.692150581467,24.54421640849112,76.24366604710664,17.71538982260917,1076.441978048989,18.60214072135923,403.14850805554215,3.784336901871925,0.1532330682505968,0.6614158753258281,2016.353624410752,10.34441277256138
45.30048408122258,1900.605878952944,11.33042014883579,73.01348030529788,26.5657434762609,2181.9868141951274,144.23368694616636,449.905576106598,4.685129616725559,0.2759221876486132,1.7557485710349303,2022.3955788979083,13.461546177462354
19.74416633341728,5367.212458230723,22.956377704297065,104.50206783844924,18.38015095580802,981.8723616259076,54.799886223686926,454.55680228839896,3.948688542667599,0.0402121272696116,1.9540799881123216,2012.2684077294964,13.264449576435691
64.42454372086243,4395.504458105844,5.230134268350553,85.60626524144261,9.742400627514382,679.3479158793111,74.91563326951639,382.6514192708456,7.874870919554551,0.2106306110523222,2.4084294391192405,2015.202394436707,13.481942081894346
202.80688431811225,6062.222788750692,26.505905303858736,78.32087493803189,38.82534762063955,1575.1434534188438,93.10503415345832,351.0122448152675,3.8043126953298674,0.0736866274443684,0.8726730458257526,2024.4467012663447,14.261065128155444
164.19372696261803,5544.8473944976095,26.27125815615896,84.18350715478621,39.51043060647612,1746.9750790151134,8.340067647417536,407.66043077605696,6.72524406586672,0.4387065820707022,1.1748347416877352,2015.165716704227,15.087973259052385
190.8742416874595,5566.213873613006,13.275656886534405,89.69841962380751,34.927623448861645,2101.2522284716183,65.7868575196451,30.672980658369514,3.924561030909511,0.085093893026003,2.1599363615856726,2012.242664597684,16.711278589388076
182.0800598457168,6641.3185261776425,5.628756891851673,86.4851619509787,31.3820449774232,306.3382099341039,68.87310101961621,89.44821336344417,8.905858747578655,0.0,0.1807587457669346,2019.4180101387665,14.924189924777806
220.40125302516844,4930.016680000778,4.645156782374923,65.22685131996032,31.04363361784129,674.7950057373929,139.76700114153022,346.1517015424238,6.471760834641802,0.7697031470243553,1.6092772867121532,2004.556689740098,16.131053218612273
98.32962968904198,1924.626047684336,27.773324455909904,70.44985897602973,31.419135518729163,1992.1792256843828,6.211382200647557,340.52790476849657,3.915064135734084,0.4797817139764641,0.4007608714550758,2020.356590563534,18.878508430904105
75.53656957392363,1493.929586412701,29.05614945039168,84.46845376970812,10.183076446800092,1434.587607066573,98.87756505673362,0.0,4.849194109309334,0.764340538041326,1.7540889722754178,2025.1640932749835,19.41428408661688
202.3623811905951,3391.0823227024566,18.24301371258475,80.39171483133133,10.087349519820044,1348.5093550803529,6.650961116007941,472.5934277033501,4.615286909287368,0.4406066999642864,1.129550886876611,2021.3258948770035,11.128197985151711
177.28808401087,6029.476018470392,16.568416440057163,80.59439099518256,28.349614147543125,68.79843960140947,103.48802345333986,253.9674795515905,8.909515047277445,0.2569476986613936,0.8016369089672298,2010.959409982688,14.333876410804637
156.20550507449303,1222.442633473419,29.423663190579667,92.25796169508156,3.914479006887368,43.626430595836354,117.89151929861174,125.39672711073132,8.166736676257727,0.4464469193494204,0.6027462071116665,2018.176238837715,11.703225452676124
202.49451495386856,2008.6095373572327,34.78182548038101,85.55956493542831,35.39437827009811,668.0439397507945,77.73485748408129,139.7176742416814,8.651396717092847,0.5660184475545592,1.867031969230631,2024.147745442416,11.413233688226017
34.31804524695965,5313.865924657962,10.097041150008408,58.3223814233942,15.431638385225968,1854.3568292965488,34.704124798309714,229.7406489747413,9.013663958303283,0.4781851276417109,1.858545970059648,2022.8385852588613,18.1448048932344
211.34385653579224,1726.717640001971,33.323732640374274,70.2862399514987,37.49500861324617,133.60929057475934,35.18238943599337,103.68467918872597,7.665528468128429,0.3111119466667987,1.0603543270009317,2003.838199954839,14.086082718035744
70.03193650842093,3660.366514016972,23.763455307099804,77.41820011083647,24.45766717530646,95.71496686306284,92.9717356900171,121.9953000219257,3.684651820939704,0.3389540839626777,0.719816568232915,2006.514030132392,14.52212023786117
113.6016685416442,2312.9163878860163,12.743731562915205,93.87020085363125,37.72488468581491,27.346443191413822,0.0,249.1319065253892,6.957052861009874,0.5558333067577802,1.7725027106005589,2015.0813446439129,17.616564847311338
89.06289529118631,2928.911496352517,25.83538670501287,88.57094294940958,19.1295315743209,242.93003092716967,94.9703093872137,249.39079723555568,5.456767517694924,0.1447737250003986,1.2724192666280836,2016.658550719062,13.118780097389894
69.25736594480915,1843.2935862889512,10.760870094154573,103.66736000213972,5.033862098357584,2229.053983710181,99.17403855085082,88.4840231561002,8.446322382399197,0.6472589338575931,1.5919419727630877,2025.84712270206,14.636514546789028
318.77675247353454,2772.939002556478,33.6438199972849,57.92740171189006,34.48649001563881,1075.1759912047492,105.02038757477884,330.4009616839087,3.030376598788528,0.4415199659033907,0.3846751096305759,2008.792234029494,19.047652974047217
161.24723179142072,5783.134635187709,3.711759097340667,82.36038309538608,24.5288512565071,1469.6817675722195,119.13235222355748,163.81922376857636,7.031289727671481,0.3040279874188957,0.4159552539463552,2016.0759934311225,12.136306157974303
275.32728563552735,283.32568106633624,18.17365894245572,78.0594674747386,24.4982382687929,1471.3418307565164,32.22403710544917,470.77436435027744,7.176660608823416,0.1259112845766338,0.8619509629966671,2003.813394629233,19.400164800043434
141.60319098200648,3508.777730572305,6.769407240474023,71.67937666772396,12.778290502031137,165.18287018799472,26.64520435648816,284.53329955441006,9.197035854636226,0.755983543723167,1.7987502339729278,2010.6173237630696,17.117299117436403
245.36710125105577,7455.706820742344,12.406872737251344,70.00083454925567,34.68556350680861,1058.2525599355993,78.1179992960139,412.2891022537032,7.189216684110474,0.1115667785841331,2.3341125571718093,2011.2729865689817,18.14437419909185
137.3438190343197,3130.4217561866185,33.307526555714375,103.11251940501816,44.40089933373715,1233.4771705096932,73.83469986678705,101.75429834629284,3.382073334535728,0.0323063531866116,2.179732095079816,2002.6428339243184,14.682007887468483
185.7218697679557,6586.313422517706,2.788998097243268,82.5568580224044,5.151447361957523,2325.762232399029,115.92008798407883,329.9093813722506,5.662745944620853,0.0700243982782805,1.2053861380201527,2020.600955847876,15.09273351098767
29.97843612832732,2743.119146402576,1.7818305155077812,72.98758295882494,30.34891177124393,1005.0659579430554,103.410154222037,69.76319710404056,4.077124948749592,0.0321748297523059,1.4189360575127845,2022.869263517364,17.379440626983747
154.7823908711472,918.8179594102564,26.76538336181144,76.17512666387218,31.51483735467673,255.3755259598944,47.87631142183214,353.5982675287826,5.719078513395646,0.6802570344950375,0.8676641274110652,2011.2933055054616,19.56937951749741
299.9501342628762,205.23533382381413,29.65068271823965,93.99077110534982,41.26824699577871,1935.3189194884085,63.5914167452743,78.60695260269767,5.461152296013271,0.0738423231273435,2.00467763152391,2022.5433313076217,19.223257503846103
6.5315105455594935,5834.0423506545885,19.313814648431787,82.55555252239785,32.85899812825973,1723.2592779245422,33.4714090375122,398.6421279851932,6.154608511031658,0.7125454012903484,0.1963880514736575,2026.5618729684736,16.99017959408821
0.0,1131.2430787908213,29.8198473341966,107.02541808222738,23.857315354961106,806.4378672638271,138.0703370951001,468.2213536552769,8.562660991637078,0.6913107129630608,0.4873890843502263,2004.8972935032143,18.586895749942386
289.9612104928595,4450.341869334543,24.48376931576893,63.44047102239918,29.70567900860473,1489.505525793997,140.69100636795736,444.7352806521674,7.364267164689377,0.7802768928666646,1.170334463675603,2009.6130438791788,17.21708424304777
233.7767655817137,553.691987945126,28.16361103155125,87.16669212290634,19.198445116281697,694.6707706245691,2.370222818743742,180.69263456851465,6.798211294953581,0.3144439831456467,0.9503891847313238,2010.1541896022256,12.292295821202009
152.43596335244175,4389.161895528025,15.20293839752497,65.74944736661396,17.001782911871672,2.9397371398391954,50.5574403868063,369.8520106006301,3.6317640562894415,0.2325323375876606,1.0888215491140112,2015.9086159924848,12.277650436906312
65.29103314020598,425.4389000904293,11.734157906308717,104.8210474059045,3.446935722614497,1070.7086218612142,32.21766679020021,278.36012605394853,7.934482749511766,0.3327448652180768,1.02314102827275,2021.659040577254,13.63958056404752
251.53426541368,1698.9170632509165,10.81089649290806,99.33653046222692,13.413236719879452,1642.8228809498546,17.98945460974236,336.2447532326439,7.984865229434959,0.4241713716532734,0.0786876339296528,2015.210775180161,17.622441083759462
151.92479952542254,855.5651816423257,2.853941742008877,81.80610243308107,13.029872442984894,1412.4605015264904,110.16929412869573,307.49869977565913,8.049876468964053,0.5947749542596684,2.174587434870828,2011.4399652420743,12.3748491387347
77.85927112211678,3486.3050267194976,10.55857920565041,63.656555381945786,26.980104563953297,823.2016273248789,35.76859448735061,344.49879102899666,7.448593050156641,0.7332721023515136,1.103145066806905,2009.2019329534307,15.99366923679828
135.58896696812613,2063.937440735388,23.326990914152333,92.0151653459638,6.6952329861445214,149.28490233439553,59.74611047432502,121.53660076851568,7.315805044251335,0.5347433368608877,1.5703999944588962,2007.7987413271871,13.181149472269183
300.0794971562606,4230.397150350691,12.148373856301204,83.71968954951295,35.99708813825316,1606.6024907760027,134.55828659398026,185.44280138250733,3.904868056973227,0.1709291947749893,0.4506441543038101,2013.0923942594504,12.572595636302518
55.554633456846176,6276.246525999249,2.691604672595651,97.14050727360193,25.573130176813287,1410.1571334616522,26.73853744199976,261.00079748628264,3.5287563056338,0.5835572963704238,0.3598708069256211,2024.3996693744373,18.15842745920329
21.238934533463087,738.8654536491952,20.13565612304819,94.02244467936444,28.36333471997139,983.048559536592,29.52503766725449,576.1763079699949,7.503558519289136,0.1353471082329607,0.270251984854306,2018.1058970295248,18.787823911684885
71.512732640159,119.95532646668865,18.012780941187028,90.87990948424049,10.343434190519256,1089.410770868608,24.42085466670233,213.5450445621948,4.339050834697391,0.136542677669821,0.9909099954866142,2025.0706299121248,18.711383716409568
78.50775551184628,1835.03373709778,0.4461724857413232,64.99611989385325,7.4181985499473395,607.7514721926582,66.24619712118098,156.42594386508696,7.461523006265128,0.5416047997048586,1.1269208448091828,2006.331456220336,18.901127849527704
170.6427848717268,3225.557652804853,5.6210488568185,75.25796665315787,20.617806631348763,595.8411489313474,124.11958069197176,128.1220717050787,5.018619073163831,0.4719379226342667,0.7378108290315226,2008.8185089479584,17.56640696305813
91.90860238389055,4930.780322131097,25.324515322451926,82.43665811954268,3.5111981601945192,0.0,0.0,113.726651263091,5.682690624015804,0.0943653757162693,2.501864999418305,2019.5792025768897,14.386866667491852
251.4383155272581,449.1550696092368,19.636011314598434,91.83379049396773,37.66457939072331,86.76335039375807,115.47751435663622,36.43698056370395,8.300189242245052,0.0188578226151063,1.3994175018061383,2022.636144608704,14.476502491301288
138.99962889160588,3823.183639428898,8.098867325716224,87.3314395944216,40.14222068019908,204.02601475554067,25.53319254253972,179.21452772568165,6.369889011285824,0.4867231146249405,2.2356721366326364,2016.1402384740588,10.778985797259129
16.323702336158163,5237.052332320592,0.698069034140898,104.78515662475536,23.77697483013466,176.3203631080054,82.10818544394125,443.15074194271466,8.014484210865248,0.4745492821394584,0.9043894343304204,2027.3582453677868,12.853163225368757
198.4149332913508,1690.822366457108,25.69703687518576,74.61034921325229,13.051654898571284,471.0426181876437,17.033474105600764,109.36050659639491,5.906000539577658,0.6495389157499601,1.3360072202052573,2012.0065991386389,16.70375854468334
36.72865421026361,1576.439808759022,19.35853785019687,95.23759065643112,5.384612299573464,2165.9078231344224,8.614039078376214,435.02366845641535,8.37820700966461,0.3212552328008275,2.035130880714542,2007.1864657250253,15.386411662426234
304.8813613685426,2834.4061704563283,19.41428441057561,67.07473886201943,36.68192676313036,1566.6506321583647,115.24956705297248,223.3375581995775,6.81215747692274,0.5250598028952588,0.0728747120944107,2012.061973358812,10.787185780043275
187.9288010789304,2457.9923157633466,34.80386748465258,59.22008045771618,18.97396933082829,1310.2929436908737,116.50121514554326,412.1276276505952,5.079196335563701,0.2138475829539473,1.8878611951125583,2003.6849840336904,16.632192405649114
163.51316569483538,1482.7216639250546,11.150564977569468,84.6606135661419,37.37803926243703,1385.2097999658906,132.2526541057505,502.3517459931151,6.695302181506079,0.3987982798219087,2.211751879703342,2027.250174477436,17.944190022706028
146.92434857608492,2185.108028993257,29.465009305692003,103.2928803467342,35.90849526131417,497.160995880144,23.935163199801508,527.5087539430637,3.0635186751588512,0.6724233600318369,1.8189981605534464,2017.422287150593,11.357817731522386
267.9845796585141,7048.676784559579,29.17096579615304,85.21610469781272,5.0691039842084376,1616.4955917086468,43.81918323083536,101.08720363057874,4.397323601540051,0.3897589956797495,0.36144183827396,2002.518208954804,17.634857945227182
140.28517588990206,370.1840068555295,16.709125050576418,92.20151162034698,34.492035200632735,1868.1277485673545,54.566657048513065,84.77576360772326,5.562808537646186,0.3313250763552456,1.6721915143052284,2025.7464593717536,12.03446161604434
57.72326230712341,6039.0873863635625,19.180235457980533,68.56964661481682,21.104164598857203,1380.6658222759577,41.91793919799285,561.8509786965669,3.617962017572896,0.3605104270761349,2.1990349462841943,2016.260287448784,14.195980350514944
66.89123372889398,1085.639397373405,5.626269924128245,104.57067409397608,33.87274415294847,1824.1661425678744,67.93010060027817,407.5668269847296,7.151845902097015,0.6442472833129611,0.0,2019.756745359058,11.44710567980553
242.6454169371644,2346.048307301406,13.532648639504188,75.86035708298955,32.33610116723977,427.5122598845125,47.71958995570381,47.69068445514918,5.002629760329345,0.1594446224743381,0.0,2017.7005311901369,12.38145137342583
41.67878975264711,6835.489871839352,30.776551090863656,103.96507011330787,6.385216623284165,1882.50545395088,91.77544268909246,349.2787173176357,9.14419218844323,0.1641142704416899,1.1874659554874352,2011.2113152186755,18.846442822309264
101.92626634479744,6882.197595880275,29.438191190355848,75.57005687170422,28.4119906669291,2157.499425680822,69.95922946582384,474.3878685613585,3.041855432954245,0.3469687965036133,0.3607886490994498,2020.347683797906,15.4656303459562
239.22261430467708,5661.225436780078,27.60637627740505,63.02860803652057,15.514898059032578,2339.7254808654434,81.67653812845582,51.24610018166429,3.894175275136318,0.6799407015414257,1.0940331034958397,2023.4303103842,12.384665362859996
72.8489094294173,6408.00077848103,8.487429240735981,62.02152000281046,36.44748406159962,1975.456869522242,20.697723863074515,285.1548035270676,7.893878244886339,0.228287339567736,2.0343646872286683,2015.8106623882893,10.452695524989355
100.2877919130132,157.65400338757817,19.86039240858839,86.61874695248805,40.85714931403112,1751.2665098643074,88.02939874433656,501.7415797453829,5.924825681376264,0.8252523218624392,1.4824119346153215,2013.879793057076,18.04739375734028
209.4349846743684,4880.460732075276,12.636569629909218,68.09908639813926,18.03016259628072,853.7858076223254,121.60457640820871,329.2749324819814,9.10932764353036,0.7134959239409798,0.1940239134647901,2021.6199562341808,12.609859447627912
93.0378262827201,2150.3346129455063,32.57197180964571,107.7481724578742,25.73599015208445,1519.7331167322682,92.64875527089796,76.05099828763794,5.479957545354161,0.2202074885651169,0.4377877930240023,2022.672335390415,18.83711976051039
199.964383226966,5364.144320771623,24.3189592723132,82.1743281374299,30.70810964800369,934.023112606619,76.78238183386479,441.0761045937999,8.80709885295595,0.0873163901473466,0.745671500522003,2015.0395570785809,18.48692074046889
213.57886666002,2556.645320624305,12.699234163029644,101.47514432048892,13.198597525663542,411.3034688813621,0.0,451.1748545562493,8.266106828626201,0.0717885878607476,0.5941839940229082,2002.7890690722688,19.2593657634882
61.42914201394359,3678.863473093812,13.727090794476023,95.54740641224664,2.973031099371072,393.727997388545,111.5166921763704,150.82082835731964,5.614863811385594,0.2631118615825277,2.389361580636712,2006.6931198612065,17.652289356215704
58.3617494501609,1884.8917239340904,14.180025902840404,59.929123227499815,40.26550291608659,1927.5092856902431,77.41286138875829,277.43208379515715,7.59990375592469,0.3435050405553584,1.2662468239508853,2022.04131778432,13.975972305444255
313.0920452526871,6521.784207961136,4.994057324838513,53.46846521360301,28.752149216473416,573.8274008406847,64.45075494460308,248.45785598106045,3.2230271006445617,0.6974574807754951,1.0277924310785438,2023.7490127666351,12.850652019281824
329.64176737033347,244.0493048308192,0.1191562370911859,80.87847986412265,40.14254264772381,491.8850431256427,139.41349075440553,433.7273699787828,4.086166007069939,0.2592187722137546,1.1571377122630448,2021.2488480826191,17.890149978249802
254.10693111967032,1415.8437086082504,11.188514984216305,105.12859366365828,28.03711241621988,246.9119174449257,24.523572958914727,193.16206307899125,6.859208829895316,0.4168196077735335,0.0,2008.3758031825105,14.062315933180418
193.2255289053424,6067.850687057371,15.142251845053142,62.25167138839161,39.7541141226578,323.9011603421506,106.84752497045235,299.3135698223519,7.662104011582945,0.6756477815830628,0.377114447069317,2014.700807820445,14.260123463996624
139.3239500471706,4073.979365260527,3.622182678013379,77.54904869280422,31.60844521725959,1817.5583889814543,48.11317516260912,422.99924714494506,7.189048601620184,0.1937271539605255,1.5383809929354504,2008.818211344932,18.29676532867105
38.971042787965175,6966.163152643662,16.77077515251343,99.50581524461208,15.698395558145195,324.5642054083196,6.308327626074604,492.2109964146506,9.094653742384644,0.1201383861155684,0.1460656527865399,2016.2639075648087,10.909118141598263
145.5549125847119,981.2860305357128,34.54183679359528,78.85426826229697,16.53469221058774,872.9507890024345,21.376206381233978,244.4021457307851,6.130847097881448,0.1644436817968231,0.8820151851991371,2014.89660735013,11.664435318587934
73.9158897304869,815.7571970101798,13.001193351628896,96.19319693062452,9.865338883430113,2186.68432529767,21.23568964623289,125.06168218077484,5.261666567352407,0.4917008177533188,2.679663016944518,2026.4176095319967,13.901748808742884
275.5690505151771,2994.503467215616,33.97619976079739,81.49618607036572,13.728571594150996,1394.5479549551071,74.11513714404423,361.0818809048408,9.10410552516671,0.3219158427733029,1.3601735454882626,2020.9746723198607,13.30124110635552
48.057784933127394,6327.845826150611,15.664443936822943,85.34069000057285,12.84475669433582,724.6256893369105,129.45435835267892,155.64013557649488,9.227487680538696,0.0310146577151456,1.1193689791717578,2010.3165784760065,11.81152305647
0.0,5881.161933347119,31.13851476062954,70.39485611302659,31.70606568601596,879.951417258314,34.56806687423761,463.5308219434089,6.077956387543533,0.1330950730966562,2.089608830772376,2018.192652415423,17.215863381649214
166.56140581864196,4516.90286400595,5.421220852927317,64.94709405125586,13.981391908984673,849.5379500728246,51.246182914884656,478.1050463804737,7.005722456929743,0.1808843235948311,1.4321519552042177,2000.13431091947,13.513416241996069
211.66801189291,436.2469290198224,36.46450165839432,70.51734842444449,6.700132781006376,1437.206479942084,36.58099147126306,349.5492222201469,7.107327381366707,0.2278949489648729,0.8882571516006739,2026.7966388965413,17.13002048844743
303.1090518254678,4409.226066129153,30.04443401556493,97.479296486142,30.806393080831544,20.055697502080115,58.93912064796902,499.5819605177313,2.886333853104899,0.8483894751279734,1.6059005777435569,2010.8203030672923,15.358367997890555
251.2555342840413,1684.683955822267,20.380361865730727,65.16255663706184,7.985201235688176,2283.223055790025,19.746738978670194,557.1478863028605,7.008356124619103,0.3160583236528553,1.5790566145813854,2018.807985729759,18.24164367147577
274.1348514448878,4102.915552815099,4.920545679354037,105.51006067205527,20.514987376065964,202.37599448937624,134.77506933011486,50.865655357616205,4.545763018769928,0.805655125515789,2.195414470116245,2023.5577152012493,16.202809417470547
266.6211348651185,4659.263674505804,8.51447954924407,80.73384134422999,10.854677324353126,1771.9354658158384,88.867727728278,286.6125640017543,8.869946912874715,0.3518445546192811,1.7081589208439751,2014.960074560775,13.568471800181891
206.9929682754626,7625.40834764467,28.89046093996927,100.49674705482684,25.77647437704132,306.8429478874441,133.02182818088198,132.9389765598291,3.4746642331698023,0.1837271363721319,2.6228846155249665,2009.996913858656,18.3595639946792
78.67298298776005,3990.661224542707,13.619271035270495,97.57631171045044,22.335308931304823,1792.8645484444082,0.0,202.89289464929183,7.021798911948842,0.5245063498708622,2.4940134954440736,2007.555008484823,16.169992616439277
233.0652846047023,3498.3347558624414,12.598953626691136,74.12062091031108,38.398848034300535,342.111322108501,88.10626335036677,12.867484580443069,4.42729355823368,0.5171720594203587,0.798939676456494,2005.167761785148,19.05506631470287
253.31765603924003,6891.11684024247,33.88487055904826,70.31424034744822,8.902792907692255,268.23479711344777,90.52301114314557,260.79572559378505,5.910104252369616,0.4410299404563074,1.2531347836913882,2018.935309918588,12.932907549201309
119.48522485944731,2006.5460942756056,0.0,77.8643772055376,8.194501046818424,2128.265532776752,146.6893101887705,449.5735964383614,5.8852360748052925,0.5660153590453223,2.5445960085246617,2025.91819666496,10.38622030277531
149.6614304307605,1113.575370730631,17.746606227777214,94.68055785932744,30.592630961735946,2135.017810904289,104.9783624281966,120.34606518909304,8.667669873297008,0.0298681252315245,0.5364267530105087,2020.912919568868,15.450167735585367
129.14296155142355,5983.440468900717,4.71012247547979,57.26628109500692,32.85088333747413,1369.1186986760804,101.5473820590343,408.8678285415299,6.222743257668282,0.6998013724497998,1.830479501377844,2002.454445596012,12.948648029188908
104.7604648639838,5947.904312428968,26.74249362212007,56.00005674948106,8.0282245019005,65.17411055484943,43.81343745103922,457.3780244727751,4.866580408243533,0.5447387139957289,1.2370019193233914,2021.426670754058,16.96408931423578
149.5750420207749,0.0,20.27513647276212,79.4162148925275,6.852448518395933,1621.7029882901477,46.02774635971127,559.4647201200321,8.002226364207312,0.1591888810027364,1.831954404609696,2018.946299976154,18.455895465517045
29.07034204777312,3646.54407387306,22.54649509817137,63.56610415964972,37.04893262346313,1596.8617788374606,109.81917203488618,191.8658802260128,3.7780824192438174,0.1857018937849641,2.5369609923504752,2028.9995295733293,10.719218878894548
304.3087924924908,5152.934903447286,20.748200800992848,100.37769233271976,44.34641870970815,2103.5950895795886,47.876775364145374,314.24404468788623,8.252310152343226,0.5706682875728745,1.6648845778087893,2016.780996257568,12.285847594607468
26.63586286015883,6464.295509402088,33.83322719718769,71.77142719305078,32.1549908430795,1252.3128959753828,134.07661725757396,411.1691826880325,5.1136951015386,0.5554070923031451,1.1182311714543498,2008.087134116752,11.506617630921864
67.9036603688167,4007.286387200774,24.350113419504968,104.33303710029548,12.112752659599202,1017.1920763102136,0.0,73.07949575675434,3.3689969985079804,0.6609475880242373,1.158507182162234,2012.6537886769968,13.714205220401253
87.59268488786158,2870.667466617954,28.759811100575703,84.92687011362231,25.267513264416102,1311.8890839076655,119.58506060666288,318.2031239316972,3.11363398810308,0.682143252889392,0.7729954902327769,2013.9242672471828,15.354067626508757
125.03743669619952,1075.282179564566,17.13321291852634,108.01909715429387,24.80118979139812,1490.5219701856022,54.675323365307165,196.96570051344585,7.909549239687221,0.4668063551994571,0.0,2019.9929196912312,11.901657312028451
195.6207642148585,5974.946707821333,1.570952453548292,100.11419144853733,29.17652095684571,749.1018725376028,4.789277727613409,54.48811919112606,2.4298648740132305,0.2371528262004459,0.0206477267343477,2015.9146558867087,19.146732722016896
127.6748530386548,286.5402608468662,11.731337480218484,101.19761757647784,11.108236554152963,2182.639794583875,70.60029444795433,17.90139719040436,5.791836439124044,0.7144840116404756,0.0,2024.392879245588,16.003623766504163
205.17536459302207,6619.635271821183,0.0,60.35021183928545,31.147902617099632,968.4506353970636,49.78759123973867,515.873681220786,8.554385145069192,0.2756575148161535,2.1890091451360734,2021.3878183166523,18.281934205731044
152.93310197335344,4239.509776425197,8.606776247982832,93.61759767370636,30.69424234423433,1134.3076744356058,129.7811650642894,492.5899424069312,7.261813801271187,0.5327401112438029,1.6265400935066574,2025.4073623718264,14.80506313493909
68.28103301439039,4465.501348020221,9.715571507471456,58.33907066068475,3.0329625406110967,792.472440946914,23.50331929673212,545.7126050001268,3.531131916794401,0.668573617061319,1.211997469445072,2014.3623941951173,12.110061390342237
109.0340483001708,3354.8599891774334,11.210611897196411,98.1937297677552,23.84928145500594,651.6440120184449,144.10862520302967,252.7710461260353,6.783321591796532,0.2068453231297728,0.8921159428985911,2017.3759542420985,16.041457535023177
228.81008297515967,4827.609268941679,7.846807714774082,101.02785428439856,6.138222286873578,724.3943352177156,89.7365601491228,401.4513004761874,4.873995820877039,0.4707223040944367,0.8948201582235248,2012.1403685456523,17.17553601219113
112.57283105644102,2463.993374466695,26.837547248099057,88.1124980761476,29.562853781040303,1604.9841985830874,92.05854719065178,268.1105347589672,7.665251139704755,0.0,0.1849887182253613,2023.8063360554863,14.915275848102574
269.77390481140134,5810.504364444099,2.5663385411139235,76.30675918645812,6.601923714978945,504.2857676034837,44.40818820070716,65.62781963315716,6.422898892711424,0.262306663682006,1.8310488329924297,2006.395369925481,13.96460452143626
0.0,5458.173948558746,27.106742433187748,68.59145382174898,44.366091970186,976.8635527641344,74.99967771769117,260.25983813480127,4.860228452436565,0.4549628535341911,1.6583693868732254,2020.7427151475524,14.926735100372795
8.334034898210346,5000.531962104005,26.52176130571724,98.11096039196956,22.323813246733494,2027.68432222506,78.81314291795061,87.96077956267389,6.997852226238138,0.7028911370310229,0.838020123342511,2015.8275833224664,15.276812362826096
306.6279914110976,2139.145960696812,21.21576165909448,53.60908596029,4.045909959154653,2372.112766991569,103.29791153281496,548.879570175682,4.686250189126993,0.3537134957465601,0.5555115699513076,2002.905756120709,19.68817589894464
115.4139978869496,3594.293680307921,27.026738646611005,77.81188047017179,19.803296438336933,477.7552641064772,143.65217146864651,417.42300314191465,4.316494331369276,0.3867092591319278,1.9514517473525552,2005.8769043877453,12.737199310277427
29.38374811131943,1743.7186796365163,17.191747078337563,89.31057952288113,12.298258894951577,1301.8382163761742,89.45262863023294,232.3294879925166,2.7527915726130754,0.450717354628166,1.4178621725367873,2013.653720421996,11.007995915618649
197.0942261329237,1926.1582235611,34.96139259374863,104.09378372515854,19.15895442090113,118.40330693909036,34.636770915434475,375.59949948843575,2.486509994255401,0.1425837860118066,1.5299273549535,2005.2532788254853,15.662459423143382
275.6917755985672,5917.804692934306,30.320812892232183,61.81676879637401,14.217574083921448,592.3474037798696,114.5783352310082,264.1100291631912,6.563099310847551,0.0680835649803451,2.288571486349752,2005.729720307026,18.5140953732912
100.44120289515784,5591.718101350981,22.289133678785,100.848247882898,20.15552701736529,591.1220197815998,46.38113252151047,398.9285878427123,9.081049582051495,0.1812823943049398,0.7631116179315918,2014.8434237114427,10.324395869973438
112.35552496918,2617.833962703517,13.00732082834057,53.81465064395037,41.05368904324254,677.3322339335491,134.6325025971149,124.98036167990318,9.016342454591,0.6941299551816984,0.8050475737876243,2004.8739226835007,19.057808776213463
119.39223212975008,7014.722649586057,24.101700585871832,105.8754436661304,16.922810459552466,1339.785925138171,109.42100800112598,211.7721315842743,3.8986356706042726,0.3847568532580841,1.7645347984932251,2019.706131245067,12.483660433362749
249.6697564251169,2106.5825235510915,2.0263951490772127,93.4853235390659,32.029260958292355,1877.090979163812,17.61581849897246,45.819123385416965,7.487595231852541,0.4554403278604509,2.5087035570996963,2000.0480300239687,18.622110272818663
27.63934688474383,6638.373547446082,27.48115164442721,98.32022159568388,46.37918610507708,1635.070518281375,83.37286321826679,397.1387935737975,8.116983564630454,0.5109089321672985,1.2711972377745329,2026.294042990325,13.75758271879829
145.45919222814578,6661.627729089936,30.19120744151217,66.84476143313502,37.676862057107904,957.6495684416903,70.37788570871876,122.31999224823072,3.108067572347897,0.7130784065771698,1.952944466743273,2002.8987018545704,10.465907114055147
242.7985905327108,6020.323472051704,7.232700274181633,74.25304491437673,44.42334961414628,1959.3311286231904,20.80577165160566,325.9237896662085,4.974438584091447,0.6390965893433779,1.6629451394087782,2009.648005727425,11.753919836799351
73.51440994165445,546.3094520262623,0.3818161115887777,88.08048797255574,21.013860795809787,404.4406141134828,92.01826948818872,451.5837029897591,2.348670114083291,0.1379217600825487,0.0874258759237524,2014.4122340435777,11.15491250526106
167.21747038105812,4858.954430421339,22.174114247419947,83.66247244618238,41.10647591179046,2034.3298844839107,48.38148087508738,57.486471294518616,6.420335509534555,0.6970276280126885,1.932833454761609,2014.21083221824,13.638960648314136
137.46607590885324,5875.325696717496,20.38793894337621,105.420427732191,12.065955817233226,179.46753658245757,94.85047274384588,471.47472622702105,4.740841885908924,0.2750156120678212,0.2420481490585789,2013.0801162112289,14.953281093447927
330.7428206507902,3547.15098978494,24.74627549955781,86.12639533150224,25.615262814997045,0.0,121.61914690277496,203.81951750127783,4.935066327632406,0.4429826169332387,1.017680735848611,2006.2371154629232,11.918698667890531
12.35930566199617,5731.034040374132,31.776108434640253,87.60009889345544,17.900519874405777,1620.1881939580976,24.518154200339467,484.1577122716296,4.953330686931903,0.7749246502386753,0.5835015215975261,1999.135950228754,18.68296851007574
138.43956732417246,3420.700124502724,13.249346213606096,62.37915480427654,34.10483923551377,948.1443338417092,79.17822217458975,185.60008728326864,9.116217867040678,0.4660892366795549,2.432441271484517,2017.909888900948,11.35799823368724
62.953727075898165,549.8242366059721,18.397628854515908,53.994429926051424,6.673711057337545,704.075895182091,22.818156826219752,569.9511474857535,8.263555228271592,0.1905474264832709,0.0482660361497989,2010.090898056875,18.85624729816147
274.0512422467076,3308.6998768671324,12.170940265146989,103.98837979062232,37.31727410953569,2347.7099558540376,138.5706455183345,154.40332988034405,4.489826455787575,0.4608311647998921,0.1256664693128426,2001.120517271598,10.425093320132111
74.42274954349142,934.470217596162,34.696128158702,56.67928581014118,4.797361324331992,1472.459427767723,98.67934318677224,0.0,4.136438549964644,0.6275406991216483,2.4201752312946683,2024.8328817133647,15.316126440779644
90.91301016077595,5539.434092933902,5.723137209101771,83.64473884212632,28.96278584708626,1131.5698241739449,102.02002226744462,291.48428501486603,7.032013337545289,0.2384565871108213,0.9186990386204724,2004.3839336985384,13.300053597042044
203.26991730712385,4183.145149281967,27.5801986087158,64.17962929242759,32.11905230137575,208.5557286931278,16.889803099169285,526.8951189181607,2.947029385807072,0.63581062347423,0.4488381070271007,2024.694291573166,11.98015587714048
69.26483473766332,983.5047394302388,24.6983723749112,104.72932832322375,38.17991184404504,2163.390032284061,105.09436116071517,460.7161188649873,2.7799939458983176,0.0813513592575411,1.7047240155519532,2003.2543452804032,17.69715552045931
125.48529046250064,7057.912458919492,0.0,80.64780489593815,32.994827805424144,1017.1647864154992,58.255772761266805,76.45184963589432,3.275180631874258,0.0055482309223249,2.340188631487312,2014.702889845496,18.721244611647293
226.40942017161208,5399.523924839921,4.824911402044854,91.52144231337792,29.835175009045003,1314.3848393941114,73.68881139095653,135.17847070163026,7.640381034768759,0.0277539745496619,0.379634083663987,2014.0650867895497,18.93903095450888
169.86197813683384,2095.612555737529,6.611367733652578,54.58527813080832,37.45237256225214,1839.143253846803,57.51684156309443,366.49008849441566,8.822899957522685,0.0,2.335277932924708,2017.5650444973187,10.334130433278249
175.13937105074805,1427.73216545348,23.010015783699423,104.8195192602156,14.520985360937791,1027.3016198941364,137.18809546983357,308.7486177784226,4.215935387070322,0.4080057130713558,2.295272403255875,2027.764794850717,13.430656997519776
197.6891330987465,4397.807719459706,15.340849301581343,102.16397639065228,30.841573224755585,623.6222696330879,80.07935097664226,270.5493770211775,4.568223852606065,0.506934749126255,1.3420456258221491,2026.218570838699,16.423078354312175
36.59360587709093,4847.853156335075,5.607796985965115,69.50825022029703,3.0092779753915755,1407.0958066245485,0.0,117.45182428647163,3.496285055422878,0.1037906456832977,1.2223087358579603,2002.5033153111103,15.369624457168207
346.2100856103844,2025.701810240853,30.77762597402075,97.48204880179428,15.063768507148822,300.2813069464449,17.229452575018662,287.3567824660515,4.075568607235637,0.3177120589180821,0.2040054348477564,2011.9102810666573,15.97406235891881
55.34443093912587,3612.749425181875,6.674575639109505,55.74122416302999,27.04689724667837,2102.3256915830334,32.258083918603354,397.5863462151855,3.648746680021083,0.5796092222521065,0.3882538515478782,2027.7834333975711,14.810358001462614
92.38734828754365,3601.188665272925,17.532011027797743,68.78266843480729,43.07672023363393,2413.0506208193733,31.156431431633685,454.2638569002698,8.792697642073485,0.7283391450868629,0.0336183994025874,2016.7377339051448,18.033591659581653
338.97474633328403,4539.926393732936,19.505144957397324,63.72575354839123,6.747651974066565,1098.110487185191,10.296021272651046,150.29361082915213,4.622143345422328,0.6138068144776345,0.5789659210996563,2016.784894800939,15.116708976532976
57.589725929219455,1758.335846508127,8.004693764639503,71.96173355134283,30.36941662554628,1509.6166712000809,16.892507479947305,1.6185481605829004,8.767590555895689,0.2427538358863345,2.2827947596525213,2001.1761873120945,15.014830169691264
202.67541597353235,3200.7412716268286,13.364941937146984,90.69312552521208,28.61958083539503,227.5754221235277,91.8745792573171,12.798573882839907,6.450037381272265,0.269039260401797,1.5863715093942805,2003.7015092721908,16.140315525425002
103.61610494942616,811.8544680331112,32.54974506360481,96.1731313401385,27.207301660883527,1751.4070150273928,3.748948229995285,160.2730835842162,7.24465588322513,0.4290198282430316,1.6475683510115056,2015.4967369485823,10.62011918301823
23.347732118102087,73.28343116374384,7.513817369959358,90.0990479488439,26.9630409019607,805.3999069164138,18.646975352266985,289.02597708208543,2.666174749983412,0.1805578775040272,1.006683495594256,2007.2047343452869,17.293687875440366
169.9978870695567,5110.490624446321,11.591682677603044,57.89919178003708,3.443209128674234,1854.2336536783127,110.6305715366241,323.0755400795911,4.367453676003245,0.4621720855175805,1.186286412913501,2005.714565407208,17.57114887222199
137.03471596587542,5054.6765655997415,1.2784254125795775,60.0955403659655,19.67584083400408,708.5620802804942,47.06671333725551,409.9357094095304,3.8456943191732345,0.8242644582465636,0.1086186362883684,2010.5719140629872,10.668437020276269
7.361462382283884,357.66827861166746,7.5157441515292,79.58566294235227,40.340832214411854,2348.053418795386,151.5096497610239,367.527345512332,5.992394597380445,0.2125410713766898,0.5215708450132435,2020.238470829216,18.31052994694772
59.393380557939366,2503.303834724428,29.995740340404765,62.17882821025038,21.27561592848364,324.7065924107295,146.18722584269705,376.4834346082269,3.630275755664428,0.3725827065525783,0.1943030315604192,2013.068677359908,18.6579872906503
175.26430823537294,3934.825540400817,4.6475962571509175,59.07352187394234,14.41515859552598,1078.6087532755862,67.02172766922904,248.11911571434567,7.882613171804268,0.0621264328502926,0.629029317969148,2024.3726294968872,16.78191000202063
47.45336374511085,4592.305146915565,31.53101891379074,65.37794771611875,6.751727558727181,1038.391870240615,89.9665438275123,472.9308465169449,6.388514257938981,0.9314915167804464,0.6573971888147259,2005.6489790372543,15.131945845037048
288.0660491570339,4611.326480954083,20.329935701385374,94.67168689725912,45.26920187701448,1565.3317891227896,19.896470085310405,353.8374790999944,7.393696702107318,0.65354318349271,0.8894494119415968,2019.697522841805,18.77888855261981
216.3635333329156,2087.7111893272827,9.349474779947032,64.76205427121025,33.13749457053147,1469.0609413838447,146.80924775671144,494.1075913490046,3.629504257972331,0.1825318330502346,2.475801466353711,2004.6619281689584,16.45398123562228
237.72506243077507,2474.80418558006,26.848312527541268,107.06498220528267,38.0474214972571,2129.6359088807253,25.49659736053887,90.39128872117963,5.190635604872772,0.7842046708305824,1.364743191231618,2007.7839326453595,14.15523602404094
219.95829741287548,6555.697795857239,15.696886955549122,92.13770383337938,22.62946178653007,2532.218599761587,80.16717536379073,81.42797813892463,4.6674815129513485,0.7477661457965656,2.791651531818211,2010.008187859618,10.273042443851931
298.2633735339574,6902.048652406304,16.91687263925235,77.47908600133862,48.62591960926138,824.8084415411068,103.42012658918009,183.39852658888069,5.347729078847863,0.5153013430896897,2.276443395428837,2008.260959291977,16.582489339509628
210.25037950501064,4487.398179477729,31.882112912239005,59.37220290506372,20.78447999610634,1409.9725635694383,131.70195402070567,234.1979992039698,8.113742102702549,0.2119133305500689,1.7996857076320028,2025.1791457656943,13.54701764011604
65.92500472748152,0.0,26.3411180307129,95.98969626615202,45.445254152841976,2057.59167067371,136.9877026471251,551.5744098377437,5.677642952458835,0.1942645556301852,1.493710819160276,2018.493017221547,14.789501185775816
56.98444927899936,3896.8923041409057,24.02188238305385,100.68122924989709,44.65410981604175,2321.270679621281,135.0527619884856,389.1147943523041,3.3640830584836507,0.0766991493433778,1.2985727039664234,2006.313111226329,13.531746822274378
337.55872084465244,7601.411043994927,6.900890782468123,62.45914810573822,16.25343502748966,2321.4417989380554,137.0221638287542,28.67289252698909,8.493692068320383,0.6120784906612591,1.3418422614070329,2007.2405059790824,11.293016140680356
54.01778685472813,5152.646403164229,2.919841353154901,92.47558681516364,1.423038114318751,1819.4728467609327,37.08444438658673,560.3285899992643,3.40002244850541,0.1673897467795535,1.248835019003915,2013.2293113065173,15.537821544166531
208.21869145358352,1003.0936527379778,20.92870870148636,106.69599224665336,38.1395454238029,193.6246084330808,7.600419759458984,467.9156118515779,4.26087410724782,0.4674959231336266,1.372664416530167,2020.036578170576,17.858127259310297
167.23500198549527,5582.461761502405,10.22338833518136,95.55179671479388,7.52418175518597,1740.8464976007217,124.03891418384946,296.73791425948093,3.8940131562020577,0.8279799170632611,0.9743436399320003,2019.49027606614,11.509937925428051
51.94315170026055,3114.9351742323297,25.17125072746676,101.70461625133674,10.02801006181757,1956.746870096668,51.6610737746309,262.99397647503446,7.90300654865642,0.5121411541765992,0.985545497969996,2005.1642267304628,18.31077486913682
53.55303562462245,860.9655854111772,33.21285846280447,105.26746159122835,29.34771305302376,130.83630622012765,124.92201089349082,190.2771497445127,3.1677838756275967,0.6796727485174496,0.8541544796751381,2008.6959531144744,18.528427968055333
78.96482407002625,2898.1516711841864,28.10984131828246,55.1828251320518,44.94492916746958,1740.1437913681668,137.81235608936458,210.7163270379696,2.24424603944576,0.771148899555477,0.5255881951360514,2009.515638776566,11.49058021658949
0.0,5540.163233575968,10.54469346537476,101.37015274802935,38.87631033264833,954.9512950492874,11.960818630974298,411.3161617273077,3.044039775128352,0.2084444148246215,0.3846318503224099,2020.096973799171,16.566983134733434
92.85823709929252,7214.48276870603,28.3623367011419,83.57767576603554,8.582723127179063,1128.741215273148,101.97776259000253,438.7282680568513,4.2626598613652105,0.5490766858284885,0.8920538759376512,2002.8609588107763,17.49677214185349
100.36320200783604,3754.992214133808,35.76636810413526,72.33493604647727,4.571117266718277,2156.0639205211346,157.9645109606763,398.0174722215049,9.035668307412909,0.36575120333259,1.1327499190334722,1999.938435716429,15.187914583705936
65.06534838933912,5082.115020344833,0.0,61.94126399725523,4.231635402028718,345.9886534200446,81.82850583432837,411.76488432438407,6.541114803733666,0.6184549796169649,1.918403825055144,2021.5013649653813,11.668406018904935
292.35450262043537,1307.3585854945536,14.960605778682282,69.84594727888906,25.63039251961192,741.8425594726617,10.52387035546765,34.78154394661878,5.563257411449816,0.2094533843164812,1.264297966133939,2018.5903791074625,14.67263620247202
283.4818419219015,2021.0237029693228,7.989607522665461,77.97151820931315,27.08969744707801,1871.041665342184,113.18492697033408,475.6724571496506,3.3443512239423137,0.4715247896387938,1.1178983668197846,2014.7276632804828,14.91050333723727
267.69473939997835,4552.223273682697,17.59322150566035,82.96401165856493,35.870032789351136,686.5428134845587,38.40877049205277,200.20996829248256,3.754735983440383,0.4280081802752878,0.5783400236558184,2003.524886858101,11.954346602336416
179.09538245934507,5314.163526929586,31.76235486094197,98.47655302183124,39.84138090342505,1873.242623812413,114.79546837705244,66.95442396872093,3.593108856866258,0.7301791567625645,2.3626693140823307,2015.033560152004,18.35450765595381
304.5234855695714,1181.459595471743,0.4495472896003969,65.64675500195834,46.26486627232991,1688.0746806680102,119.82322769148568,221.5108709223752,6.434183143905544,0.3028160261804851,1.248002618769594,2020.6836145166576,18.879566511009795
301.00330477648043,6583.890937533431,4.448457909686759,109.10339683680576,39.628342769515456,959.6606588637882,18.98466767073136,313.50873694367266,8.37159586057164,0.6245357327585533,2.451203122961889,2029.1819564918828,14.189161343756568
322.4779772866473,4120.328106383788,15.361099353634234,55.23221281038413,47.19131395421218,2464.743118557617,38.413542836733626,15.04969503126925,8.480231980403882,0.4633517078080049,2.525500262346065,2001.9062269743272,14.092841740859471
131.9946029697026,4359.573978647733,24.903736783564312,74.97866918199233,7.285332270248443,1637.9473199104416,70.24672797039123,332.41922951192146,6.862577936827544,0.5120025128820133,0.6615637702485528,2019.071966703836,18.97865701568133
341.3449661039014,3060.782503098441,19.737276237451766,90.2585873475594,16.557215620202633,635.1960080782685,0.0,498.0434092230405,8.16110820341868,0.4685589358113042,2.011438444977568,2013.929784504584,11.50343556068416
317.3060491503968,7858.424164432276,7.453788223391062,88.82843482633133,46.48338563698277,1718.64888667523,22.14357117425989,191.68185304015023,2.122305097804153,0.1152118853501643,1.8750909728909484,2004.8457692405768,13.73252426545902
235.3124820074057,7415.223642352246,5.576348050495771,98.84963039174426,25.922624574454623,1130.048310028977,46.86177757504464,568.6507151941189,4.772556306934501,0.5194873792170893,2.102051283972467,2010.1804708767304,17.925207230337435
68.8622054310716,6697.324921253497,4.797839257308207,89.02052583275952,46.32611011644521,1619.7303209751872,69.12268841451613,227.26986649550508,6.804081279168029,0.5499981980083783,1.2604058660113089,2023.389514399948,16.170953350834715
217.52556806330432,2913.688180711993,18.17699352889013,61.230341551195984,9.03736986293289,571.9554921231288,20.803755310431768,528.6747518177873,2.3964335704681203,0.6257786056830096,0.5337430777631478,2029.778898790997,13.500943424331666
343.3333974348199,671.9405071408208,30.484276439931847,64.97247185362002,16.35264877906784,612.7263579943464,109.20684395276082,224.5040063481165,3.1504676660978777,0.556635245060011,0.9850361089762548,2009.4931536482727,11.61655937883673
268.3117160040917,6836.849823710529,16.03259060529649,54.05272540299016,41.33304828238288,707.3266350829315,123.7170080416552,120.65977924268849,2.48386004054552,0.2064951141020459,1.7000009017613589,2017.8322612625773,16.653483568853844
309.1900838858286,2568.836059706968,9.527142286079735,60.09680365001496,12.893898158601594,440.1899426682819,9.6758760793707,196.09930325284725,6.888530008054059,0.2256457169369751,2.185002373518884,2013.8706075069272,10.476485081088098
364.1940928518535,3395.383900274303,20.292154246678347,79.3473636728767,6.63409858361518,2231.0383834710906,131.59374648072546,504.8339618930887,4.254276227317479,0.2022405266994932,0.2206709263616573,2016.5290084584349,14.152000745730156
258.284906254878,1751.6462442822562,20.932546800066515,74.758223500604,48.27507289190017,365.862284106185,0.0,257.7641808325449,8.317132144496908,0.0796583787146407,0.3934223993670556,2008.116402209044,14.17067262873984
244.71899023863725,4641.049076040942,31.40725985690341,107.75234736325372,29.32024669292223,1268.5202616758754,147.76223655295678,253.1347757440863,2.1283426020740346,0.0700554137709383,2.1199211186603155,2019.6463796462367,14.363973243052026
248.65769402082904,7327.732493379253,15.285751536851995,85.93556346220151,14.057595088706384,1801.087102999605,56.0991311506866,464.5998808472716,8.974982568973571,0.0,0.6753412930253675,2018.0646148268684,15.604998505134382
191.19894398579248,3438.8303019380705,1.5947202322537084,78.04822173063226,46.51985091048091,831.9749451571709,121.74796745434529,162.0994846828808,6.777168705063175,0.5075068453445318,2.494497475782824,2024.1924223528456,19.26696295786109
70.92697073972859,3054.6499984353577,25.489178400334644,93.76561006500434,37.78154242018834,1149.4595274322082,27.63119661775197,453.8999342956126,4.705710796348998,0.3185394533117201,0.8093239206031516,2022.9578496474403,15.879921089260286
218.59988719144656,105.0957744295486,36.70399951488961,95.15713621331253,21.871690368894296,2073.4233795164537,64.43556388978529,200.2717661628679,5.691396876201707,0.7456899870580651,2.006656878754096,2010.6378835328064,10.386804610063566
243.6124438972872,2478.436849653837,13.295451154712609,91.31455016860384,32.029183263027576,656.1657925325356,137.53585376003628,366.26325128363777,5.614754276021158,0.2677658245164391,2.372934766196054,2009.8377319107888,11.083232106827776
91.43266610607355,1036.6699680141269,19.944631677670788,59.61767947830788,18.378479758560665,1128.671885535694,28.555942357186414,395.4783289230177,3.21917097411737,0.4430155040620035,1.3202189886728286,2001.7528406679733,13.040010760811194
6.981780547060743,4026.636698579774,34.56911413818025,96.8555711073414,44.676741240110665,420.425182346855,136.65452221773086,505.0437552291354,7.567580916558919,0.559714700267872,0.4486193823690232,2010.697292539199,18.501203934526743
274.3794394830975,789.885328418872,20.237112608670746,71.41637975778809,24.33684894156463,310.71437985987785,106.28799207307198,51.25073250833,5.633706245319522,0.2207409747132381,0.9073143556907336,2000.616181089611,13.626274367185038
292.02340455541054,5514.059830762624,27.58307182540451,69.1923123386232,9.69480753143216,1232.6471225344712,50.23239040467107,606.1966031584549,5.786874813094195,0.6597424274720126,0.4509520805290591,2021.375789998562,16.43855803955243
160.3567293319921,5539.17701487934,3.135303440001539,106.76574048989592,46.42614247774416,674.2320215748915,81.32467365851635,117.73369867029425,6.851833471202013,0.617561395169082,0.0202698175275951,2002.210441804016,11.43817311697548
203.8376674935444,0.0,14.90112544551714,69.25656049297353,16.14604350818194,1527.28289117081,107.74031560813326,478.03022013196266,5.52501068333522,0.8502704938423861,0.4366717053980192,2020.3837883615984,19.00155772828979
174.05592294070703,2214.654379136415,4.053273960453794,98.75323541189098,17.50770863945481,1185.2692824297108,26.349426481279764,501.5909748088385,5.617879528499024,0.0489305263321953,1.3275409525703532,2011.503211494802,15.572310832625638
112.032488541006,4377.842045633938,29.18742123153779,62.94117759057818,41.39603036388821,2619.799124376971,123.90673186779016,467.69253421502975,3.496074962039998,0.1654838421600082,2.6503852495214035,2003.471659386708,11.317092440241762
323.08434983803363,2308.5002187903856,10.912278425124118,62.984688216112886,5.368777415671218,1503.8156342832974,136.28508597048867,332.53493809043795,2.5495396155788432,0.439220748151751,2.6036689723404804,2025.076224625986,16.20858624319501
29.59664380386989,1228.8145377971682,13.52818918017216,71.7408883988266,31.589891251773203,1689.334151626322,124.08635825821374,423.7581299400301,3.405404359417023,0.2726117185277912,2.6609138310802187,2028.7216345387064,11.929894907358088
31.42501475244042,1969.2591681860488,10.954656208828943,76.07060793079893,19.02649932208459,1656.459092672011,128.3254805663981,421.0703715633516,2.9580778325950807,0.4713574765071359,1.620157030647076,2021.3725725189413,16.268320113106363
0.0,7994.026795055205,14.711430650838542,92.35996393426696,47.65849624188795,713.087114300858,25.73793142651688,298.21852127195416,8.691802798117589,0.4898260639573618,2.518245489866346,2015.270242508979,10.65966243918187
143.97131483750647,2928.6139620960694,6.749239246971199,65.16625330971186,6.009630686188448,1861.0478321652745,104.67242536361556,513.6761505557203,9.12994216560926,0.2535039375707673,1.283535558614545,2021.3197028274224,13.031748194277531
332.6992843724591,6782.68348764748,35.18068430592728,80.45442246499387,23.26113157398188,2282.187964708207,129.68315210383162,409.2726505344726,6.044320003959008,0.6272858714161194,1.4007160112960355,2005.560962863599,11.963165484266696
79.61191879591756,2491.2795405767984,4.930276169282847,103.7929921389281,16.179928832086222,211.62843083623943,71.31980560503014,410.6228868455732,4.4204664371824895,0.3716802383976023,1.830191380274012,2028.5372535431552,16.834674022192054
181.7994004112584,2879.448203053768,9.417280744784088,81.24955620588959,27.073796575073136,1496.988251198984,15.87294215417652,399.0468539218725,8.709070741260568,0.1557487745250643,0.1165939697532114,2005.150819483632,10.301620467359236
275.351956278221,171.48349000518567,31.45087936547784,102.2458790286934,24.117188625367945,738.0380972536952,112.2300316965613,166.60575150925362,2.0499741300583763,0.8026627316772637,1.3945152876424145,2009.401202998008,10.749002384762427
0.0,3785.3984129782175,0.0,104.34149509366112,0.0,2694.7970637822214,0.0,134.98167629165326,8.089197212410069,0.2376225910561284,1.2855660236460051,2030.018039875716,18.83471861375662
96.05513230296472,2354.8157324770195,28.074662466802334,97.9297386465818,13.679372759305377,0.0,32.073310692677964,324.8620991153216,2.36311820246889,0.6518126949308717,0.0996817372991072,2024.5006526174216,12.963343380489905
117.04857379271309,7079.395469879351,10.916466703332894,89.01433883060704,23.44350413556968,900.256822367478,12.61481312295701,64.29589497179677,6.140091553729126,0.2969995986573803,2.61620284223282,2025.6876816841009,13.961178000522333
308.8967454995644,1647.8173588541968,5.578303678353871,54.826609612222086,17.03997461989035,682.5189996475849,72.63793062544035,129.02552562065387,4.101530078253524,0.1075900463171349,0.7065182479860719,2003.6662486244416,18.11834046345876
188.39828517013137,6229.230524668993,33.2857615346499,86.94375143051194,48.19126436264502,384.4673268912095,23.928889673313456,481.4511014347119,8.599999452582901,0.6284201765556121,0.3947443607221998,2002.2835772276444,11.405113288301171
320.24884315415073,788.0334715627328,2.437305282334824,75.22942174950605,44.20658968016966,694.5696712653034,22.026604344310627,251.0749609910183,8.256242636707741,0.8170704804641277,1.8989751644205424,2005.7955046285108,15.011478558964123
231.95762927813985,2032.4987534859,15.978300202382169,76.70773357111999,48.32234570816691,554.9673530050143,96.36025757639275,459.1655873988743,7.768894637853362,0.7027242978281049,0.9395364728713316,2000.125583598772,14.31231997719077
212.6240671650009,334.853245358834,34.88340751178476,111.4695906407612,48.064593163545005,429.6401227478772,85.24861263877993,357.17164875134864,5.982422583452435,0.0859968660206135,1.9924100203347053,2009.115735503575,11.518156072381563
130.27252736777683,5276.421730365872,7.65434520526813,102.92368769984024,6.833546463025735,114.44594260602412,143.07506400038883,553.1681773996745,7.675116302649498,0.2372317325606074,0.6513855496045929,2013.997519960987,14.659221495833958
15.686378039263229,3996.5792145153655,9.998882344118584,63.891926418574464,3.0481720146429,302.1309998565948,79.05973383299632,339.0788418964614,7.497204102220932,0.9096822883790412,2.885550453863542,2017.322906585095,15.454400369231898
254.2639658397044,5475.753048370496,0.0207454102007501,92.84203725469642,25.92771488983084,1154.8003531422908,76.27364612391023,143.55600515265587,2.3716911532412257,0.8386620438661497,1.6666015558242593,2020.3959773112845,17.48995012933672
227.90390726464867,3693.336087157159,11.911939163569023,90.3074055515792,15.865284509237291,1765.1140489185148,64.28436762457707,271.3775650671073,6.818029529209651,0.4185398795793659,2.942245940810534,2015.8226497403016,15.718168263237402
252.60722413613703,8267.524571218308,26.664691965247435,63.3737028502748,1.6849108802716732,1551.988508806886,24.69326289078524,452.7907598157621,8.039230945745365,0.3159199646025555,0.2815218826835971,2026.4124016725668,19.54555388767061
37.31481836082717,4585.251653430172,20.32212437792718,63.86876576347599,1.0504935510008542,1267.3045934538732,169.26935506370205,516.6347641000544,8.708750536177863,0.0,2.0576171050094407,2009.367467135524,12.352183945259087
144.67383440998495,3100.682897689105,33.056173621926575,74.47174317516672,11.884381962522546,2507.233731904856,77.27133190094203,89.78138154812217,8.206643119496428,0.3620170853852372,1.0390099211835615,2020.5196851266744,14.07500742315178
68.83391420131338,5888.924377471643,24.638869003627285,92.62856950012224,18.952136643639168,1739.1921969913617,72.10810520296106,90.28706568099892,5.046072920152257,0.578568026642883,2.472914531996433,2005.5746292649671,16.207211712148254
205.11803003550563,2834.141935380209,8.0617988878528,103.2128253927725,6.924182554803149,1951.754954498972,40.22197352654979,84.67715731761506,2.2752207608704715,0.3497632718240159,0.921712501439516,2007.5432014051416,17.473253592388822
327.9099555113916,262.3678432893017,5.150907633731478,53.33037849675631,29.37255308375556,1143.1912785771267,130.95810578754356,449.8384785221773,5.556548801180956,0.3139066517008672,1.8213696023332937,2025.828822588016,15.743346002246753
35.73687995224148,6764.548337697506,18.387619113439392,106.346074314293,4.428857155298485,881.31521496696,109.93926101688392,516.9705379551676,7.545033149562704,0.803096337902234,2.2413288288832787,2020.7143724928087,17.424168570361232
356.2196009099968,3063.094417124744,17.026738281794973,71.10494772683707,28.22757944405313,1782.4086914745071,23.075135022112075,322.021041290189,5.246797143583453,0.0,1.7818802002766023,2023.8607301155168,10.352199858933258
277.99436594664326,1230.222997726637,26.000532784882004,59.02036473955486,30.186271060684668,478.2861634677076,130.09832233199575,442.0769059610847,3.78653982567778,0.7614460426515323,1.824784123939375,2029.059918952009,10.863626220672252
87.85213786370485,3950.690673708057,18.611317494557987,76.78383473373634,35.469089280880695,1913.486742722607,51.90785333747298,81.08496673258408,7.597407204948824,0.4059544358720364,1.8564293290660911,2001.5395604981736,15.073629616844062
172.5708032678733,2311.7587139302755,10.867451613514492,66.88720208853663,36.57631064752743,2269.48181817635,51.68282943549073,126.89433085860117,2.27364754342641,0.7734914464059368,0.3771008508230239,2026.688099930477,16.82299248747067
14.776087338766194,6582.210635320391,6.247010898410067,55.079472588567526,44.548408991500445,1459.2405711057118,95.18675027810252,212.9381262514397,7.575734927436247,0.8180100431223318,1.5223549775964258,1999.4074487756047,16.48854476928617
341.9667010368926,429.83802171246737,7.17680539806773,83.82504327716654,29.0156675748126,1304.5655594594828,145.28465454189904,503.210721862932,8.09943190863989,0.7934547747562581,0.2226544433285214,2024.657662768003,11.483451417147672
66.83007875557321,6385.7511516062295,36.370667801985896,59.10055169664096,30.87609449093185,1716.0623046067744,109.27912472066984,61.36713958264053,2.228178675279382,0.3266345168443813,0.8895067693904336,2020.669381085177,10.205069361466578
96.4767325435452,2996.958454545781,18.454676144531444,51.903841633167495,46.07357089287085,318.01756523776976,62.19223574665185,443.04577136980697,5.6117669486606685,0.868335554466755,0.0,2027.566834076732,10.505164962955211
283.7991820968976,3029.5838085665005,36.73473075018549,79.48493903206571,10.919497757816442,1105.5246747608712,41.47239023707367,394.8219462717214,3.128113027176141,0.5128051948218875,2.580553789944507,2015.4583202766755,18.19026504919494
320.6923386551282,876.3835655748901,2.5776942220547108,90.75693602021346,16.750289938424928,454.64252096848713,55.53736723647194,344.4501095434959,6.34302520017465,0.4314227058129768,1.1305845410373736,2004.2656965960084,17.973537702872473
171.2445117801512,4410.550005636173,1.6632685845812796,109.56984698705642,30.556183757904886,1104.5426383368974,17.81566217434418,225.88394698571145,6.807132412035604,0.4367687051802327,1.722548320903279,2011.726621722516,17.358775196939185
102.47449942023098,5492.743927164555,8.307832810149414,80.22530802718121,41.74939692559395,492.8429549415396,145.19508186870195,203.9189504345386,6.324950709447141,0.7455918713132749,0.322085821424803,2017.0268997786984,15.193443458372268
36.31246616237509,5511.069006785687,29.295851149236704,52.96723391361034,23.333766447563203,171.53269517231954,10.2616647024831,170.23149711607877,7.690381260082479,0.6479669924466779,0.048058089789852,2007.188865996145,14.42990920600552
301.65511265409526,6289.647866381834,32.46712240328871,99.121797851007,11.036234123012363,2130.3474461726223,55.9138250847308,512.6201046463038,7.785026101743238,0.6268497463472059,1.5771406878382526,2004.5669529847285,14.421261774272391
95.03368962670964,4405.513313828487,33.302965576806415,82.07528797108377,12.4584831200349,1123.0078296127338,97.09464907945764,236.2480830468754,2.5035886335714137,0.4552712290349385,1.8270533705062808,2022.539710400524,12.214707700843205
241.5443116961946,0.0,24.94623006829337,71.26076204006982,16.182794300163025,1833.6504194336524,169.22467217788423,384.4770950557024,6.001438731546991,0.2331165671374734,0.2539923357789512,2006.4600906176029,10.612807823207678
290.34511487389256,1302.237288588047,1.128253480014349,102.26644528565592,6.1134429963575805,508.8400393349911,124.18430701846202,464.7606187667808,8.452998421271982,0.0299525477055707,0.201906329932789,2008.4060958086416,15.505099944162108
184.1783417210496,4254.195087186696,32.91394918927725,82.42161208509724,32.93038305340691,352.5408048876428,66.72909324828365,575.52968077107,2.7593449640575884,0.3595286652424579,0.3187490760189573,2014.113046057753,13.778467917194725
292.1164105030029,7556.301129458865,10.830122304277284,84.6962956018424,34.918724285428574,1598.831580916223,79.66947123585147,334.9924765880759,2.7332669269066483,0.76880063590526,1.3230727765800665,2000.7521689256976,16.202752175030817
150.15181366815415,1075.7485490320296,1.000518779897407,98.99152085356008,25.44661206970916,260.4285544572344,53.05324279457614,452.9813981020257,5.371656884324669,0.3148408356815717,3.0866781675307084,2015.7571658474808,14.180294629969184
67.84401992805985,3884.658522144962,30.25981998934564,106.4755903623461,6.513664350734436,2077.855702996453,61.65533704453768,360.1250520113846,5.38392509073903,0.3281465682877452,1.8759008706282017,2015.420660154819,12.09046424503721
101.56359342722747,6983.981193892497,36.020572843939924,97.760827550681,27.40886705908853,1160.6439306190116,107.43836618619363,473.76334125868254,4.410467945356782,0.3933978882855867,1.9437130556771367,2011.216879019565,13.90243354946726
294.2459468146387,2874.8461287973846,18.94389366114025,106.3602008328521,46.85712846186096,810.610917629131,112.09450588720402,272.5851299429656,8.064733977514125,0.390454403945596,1.500584097094766,2002.3819765084968,19.500421628670697
53.827968802054144,7892.911119853078,35.81958418741057,90.1805884714722,16.902170532987718,2667.3955837587587,150.26629575773185,170.70086646068265,1.848197349270391,0.9077083901021242,0.8458190969394106,2021.0707748631944,13.131836582810491
171.0158670191632,6031.774005444177,33.404042635996646,107.28833717622986,41.00329830492754,2549.5355366456165,96.97568915035716,49.72607391447451,6.971844802663681,0.7052948124378784,1.752994021228217,2024.999048975017,11.573594797481658
23.02717290423717,818.0607269986613,13.282455451525578,59.34524746338489,28.07591585824928,494.03262010311016,95.37038779627396,462.7001368891816,7.773412261840622,0.4159537806717345,2.3212937202793635,2011.1574362989395,14.188320608701396
125.9339516048869,7290.287809518665,33.591985965850725,107.97626955204528,42.037333524464536,1301.2005570980884,16.042071149857716,488.1512031189287,6.703880243844802,0.1294360309217628,2.453588678922936,2029.278260312296,18.02751307111037
322.70170600459915,5819.207978602675,8.603271226269534,101.29587832315714,4.746901095466999,2282.2269146935737,87.23577383110786,473.5667698028886,6.5111577149037085,0.7656665587974095,0.3865399774948348,2022.932172659055,10.543569314049734
220.1107951293349,7695.285296855016,16.62613448650888,53.24621341025878,0.504200857145964,239.3156290055129,5.678385931304991,566.3621395745747,4.9712329137210265,0.1567842966808376,2.801380873810096,2008.861490349719,10.384581387834288
285.99291620899737,1161.3358990997822,18.14759887638669,63.79577504439859,14.765606175033028,542.2843614595926,30.68414769801881,145.00530779753345,3.642312647183777,0.9552953043093904,2.473707458980999,2011.2623229724304,15.315930539514934
288.5245187435152,4654.288849876483,12.355712387375918,88.82064433893068,8.336201861478417,2595.482741578821,80.61402309376975,166.99563491045163,7.884335978851379,0.2177449160677095,0.0406711615836254,2009.5633668363344,10.814288248087816
211.7150315300736,1527.397444679333,17.109772015390078,79.8642451452468,6.82795654853481,1207.630441657896,33.276215075673846,419.4427348136372,7.134610070112749,0.2158706232089576,2.302874518695591,2024.391667046565,16.18173815017142
41.18687199112392,6752.683441370368,32.283465195975026,102.82540373455616,14.795894655010317,281.5013676627311,65.65009101133316,654.5050762104547,7.061617140022074,0.6612866743927613,0.4136833421875097,2027.3036650894355,19.48317646804464
259.9085147908441,2243.869466005389,19.317900526031835,79.2299007654327,16.919991063843735,2509.4986381353524,0.504694387820928,179.157359290934,8.626782817703798,0.7506613979442239,1.5787578591824538,2011.0124203010264,15.66334282338729
79.24051365566729,6256.178460491826,22.116279335362567,69.70963658327432,38.59258292166834,1053.822392127488,17.757338797626637,0.0,6.017042821394743,0.7075024124087548,1.1855372332473355,2022.3500189411493,17.16821183194666
23.93864480133593,961.7217456698934,31.89297785099071,69.30260858614085,2.6551527247519178,279.1293158929802,134.44577546634272,0.0,7.339028591241743,0.9979568029126202,1.956355685035841,2008.2556173861965,19.473908710895834
123.04891771929492,3952.478406739544,26.605877776098776,91.98146190165524,0.0,1325.9409356581434,157.5854748628371,108.41322059581266,7.949914763649483,0.3099787668222312,0.7473289556656996,2024.650741502745,13.304042603800395
89.4373879941339,7173.652458565877,36.462693074041646,84.30298183293762,45.43153914525077,1559.0925145709073,130.67722098685763,391.3285394867294,2.6206776881765865,0.1864965750380603,1.883506782716328,2013.5168113486309,15.189033204763962
137.81770289001437,0.0,30.053428097970063,74.52373131897677,32.24288968735497,2545.948033909753,54.60189698507257,473.7105268248775,4.482164361147557,0.8280292027099454,1.5416380297721497,2005.04764515046,16.702540732025394
357.2198102224248,1603.1153489887397,32.52173517014756,66.60019222624601,31.459399498861043,969.2407840964148,43.54695546918183,179.26012333940193,8.658923358136285,0.8451937418409989,1.5566115738172983,2021.4554180583773,10.728341938356174
65.78969004716338,4114.042443452746,1.7087239754252388,82.69578147148911,9.600337005261572,1670.2812378391957,16.066176233290534,86.77497585873807,9.283426228053548,0.8828694778645815,1.8991268692564875,2026.5936124651064,10.913233910843674
192.84989064843265,7429.6818165364975,13.187913868682976,59.365623062466895,8.750114209367192,2459.441313264208,39.49806964128432,378.8269489098576,3.097160993873821,0.8347320093873923,1.6848611261221411,2030.0806454785488,15.55571960004011
162.0036785784055,6805.750684027273,19.482092865419293,87.66773475917768,22.656793731615053,2280.154384317847,99.72181010285242,536.2027456394375,7.622599967992779,0.977184237061985,1.924101924879392,2019.2596124135173,17.887043913616473
190.3888154283297,5185.703502174982,34.74651010332823,95.11164221510164,22.7405432178286,596.007444965319,136.76904222950603,486.9954453306521,3.285030744250668,0.4734385099109549,1.6382655208128596,2003.0165286234803,19.64884319674618
314.29613751673315,5796.303151532502,33.69016326314907,88.3982479562126,35.41525742103398,2699.4535292726537,119.64271652440485,630.6940329139837,3.515353609880779,0.6607240601874289,0.5621712395478792,2008.604115335272,13.86317413621259
380.9143071890725,7699.875986619546,33.1087591373398,61.90139593493655,1.127551876202889,1368.597151508923,50.1755807430817,250.0917668169029,6.47999103963301,0.6715751878527432,2.51989628774034,2000.4331313482207,15.77870258247302
269.55223304358464,5175.856629122644,29.75586773173455,94.43360563250752,11.6186061253558,1517.0119129968948,76.73033224193922,14.020646324016123,3.511336679165289,0.312405643280879,0.7585514192378792,2024.594335172732,11.547934190254429
266.087780919211,5326.629504711611,21.806519420368804,53.26455298526406,37.20128174549792,1307.8231651415203,3.4551902518955133,190.35280473930027,8.639094058609958,0.2303567658723511,3.252300164323537,2010.810541505276,16.213042707687222
122.688461453103,1808.6696297195567,16.7715683541337,80.62901283298314,13.404980392158846,995.9977771452062,50.48162210996662,244.79029494755025,6.040580918555166,0.6517867002747858,2.8989431778815624,2000.5724623056053,18.08938553556513
142.03732672345117,5985.534116915558,4.997318830334481,60.099740223975566,15.631093686691315,770.1309628628726,90.98790140539508,203.8739539259372,4.476466136868119,0.0,0.3785432816059764,2024.3963855465552,15.2447327268151
255.63927807283807,6431.122788497725,18.13041288859341,57.280979988867855,49.67795210505045,2088.224970801022,17.42703497543627,148.69568855108065,3.0465026342082817,0.7869822981481811,1.8517310367614936,2010.4583551449448,15.266839795414269
178.38537222216408,7518.878926710145,35.886080781925465,110.24342646741422,10.842071444342006,2089.096424333361,78.1338332677278,442.29603027984217,1.3838874671645205,0.2545456969336517,1.3052230257662432,2028.9085623693245,14.400986533968014
80.53155696784026,3927.723482650496,14.202472280538885,58.06902810712235,14.779738775876783,1903.7710206869813,100.9762565173174,636.5762649954985,6.260669039903807,0.7961318558600323,3.1626112550503285,2019.403709228566,19.07348011319969
143.54985730901168,5233.72068759544,0.973559731022692,110.11582667093914,33.34832157247789,1818.5767020884125,161.11127571960273,157.00635958939102,9.088571297443336,0.7924276129157558,0.9967139616076752,2020.6006359793728,11.466262073849922
335.7867697473888,7764.591570050206,33.43057482916068,98.23589822748632,28.954071654713182,1343.9208428758243,85.22508950175296,127.0246536056358,5.369984142534525,1.071139098297684,1.0601156109993,2006.2086214972885,18.18714709009331
176.251627612992,1636.7623015565423,13.4674391573763,64.95286886084786,46.69908730301613,1930.027894251085,88.45507340536189,129.9413548891488,2.764281225118245,0.0398024406500032,2.6875318943009674,2013.6487324526915,12.943289536484958
252.0996675654001,5968.848940865784,0.0,54.77896304690729,0.0,1354.78562499544,70.72944250783505,281.210263561799,2.72643295427238,0.3316826610901804,0.5285594025297119,2018.2673425832609,18.18455267783425
90.09551852784097,6517.230591905833,10.6969216574224,78.3925061148568,2.6733994586673484,981.8440299078308,0.0,189.9093187395531,3.437707806588153,0.1421565926076289,0.4277639989272875,2015.4306819654744,19.03745486717009
274.6124754051992,3487.2512441594736,14.561921694667642,106.35202087283756,13.913219664459,822.615985736232,25.551506722496587,565.885394384776,6.865158545918802,0.0204071339359644,0.4712818746039701,2026.1612315451728,11.25779110271817
20.54662038602236,3686.71270968806,13.340080781704913,104.85417597376272,6.099171373910368,2043.3746901105785,20.5218665314707,194.700931465206,6.574292970656074,0.6472813601599944,1.0675697088153746,2029.011385503976,17.371497111264354
329.9091527363158,4360.428637574319,9.73466086660355,68.54750485806375,26.750226102477114,859.7904735217464,12.237159108415277,248.58739065571345,9.3290067258764,0.1558863915636705,0.4887268931601524,2014.1693408662911,10.71801758662994
137.82171406523588,4014.6452612910575,26.783675762490432,75.31723289643759,12.482945690338948,82.65076904025192,0.0,360.1410127697428,6.612364569114844,0.7533667818615647,1.1540771473325973,2013.7084526173448,17.242027153804344
114.46368276139832,792.2513218049214,32.34953239931933,102.1463599752038,42.37162558478087,2110.0635162642693,16.73851565204931,108.16464329527228,2.1440183744572847,0.2171577084591991,1.0800933766246383,2023.313990851453,16.45952047578202
253.11647437903324,7746.670046046586,36.43487411608863,75.2755889384626,0.0,1829.350635871802,57.92928924654924,635.8463124842501,6.329965597278527,0.6411820675147532,1.9046546598737029,1998.4272847019977,11.151083381272846
42.386600770836594,4924.845587126284,27.31575669799248,52.78975718447092,37.14221949021295,2408.3162599485104,164.7683510885149,170.37786616652494,4.006323083697854,0.559281575507573,3.1800545346595173,2025.9299329891185,16.280660204884374
232.6220331303764,917.6244075832776,26.530655755904707,85.79488432653939,31.44167786648235,1733.1034472139825,70.14506782923434,46.844542578535695,4.701153654283403,0.8612175703911363,2.8004044086152327,2020.2520565390485,16.304970664168124
273.40693560798354,4963.322477545982,34.36282046236079,89.77948013867261,0.5757918301048828,1608.0291673459185,0.0,113.3321158879738,4.6021172716220775,0.2980878021989567,0.4694364438202982,2016.9034719942297,16.948435338326338
364.9928131760336,7222.290205429248,1.075989608741464,63.83163280722583,13.71543869139485,1052.7753909263863,52.6503699218758,175.46883444073126,3.2204399288920267,0.6886956541524618,0.4757572807787893,2018.2509322337264,10.640220993759424
259.7615550676168,5664.884984379264,17.159096371996675,72.82592328091636,49.25583820169327,1262.176924187108,55.74055092389492,666.5880937210326,3.76343370351566,0.3560583264975255,1.1669263635357137,2016.2591671094951,17.359226938830858
232.2666367024454,4093.803653098574,2.8830537128211,81.06911728351845,11.938330172830412,1514.1114336021851,94.26848048781748,399.9514523940695,8.670947375919255,0.4554642388820137,0.5566203555429399,2009.5998507479408,17.27385857999488
81.5439862156301,1857.2667059732305,16.492782675709684,111.96541697283445,17.343542408164236,556.6650470210307,23.422685893227765,506.5968559614618,9.060744737269433,0.6148892971307831,0.2758180072161819,2014.850383282553,13.095177756994008
192.84360481105568,3082.0112090382054,6.776569949213879,97.40299977058235,16.694105033403655,739.695867866377,135.35255858838198,630.8265325192747,2.9774555757405348,0.8912143712316928,0.1483988949392588,2005.396674421264,14.528294809527091
12.1619850338377,8913.760156713593,27.959790749712017,86.19091493513432,37.06758362584287,617.592044228753,50.29004047990336,424.4082621247671,1.6909161201733762,0.1373404100047428,2.130811323410895,2013.2075468232224,18.309833604100053
179.57805958555494,496.33345236863903,6.511040827725445,67.90479580440686,48.4365852527828,547.8209293227209,76.86942903011715,308.3754092599359,4.405107223805593,0.7820992932031898,1.0869413004225228,2023.8263978655084,16.71839978319482
141.90149105133972,5993.163730692524,8.294440363795493,104.16340466446808,19.38383539650744,2654.250555800037,135.31109330876748,455.85658390990767,6.471796007919901,0.3608629589410806,1.6269228767102324,2021.3337353803824,18.799959139041505
119.38429869647076,7895.212752738576,31.48936312253709,93.98617549282557,2.586839140976658,1693.4285015040357,31.968797201964584,112.38741664074144,2.040390736521704,0.6950426466940024,0.604459031095053,2009.4217060031235,12.04289216684291
38.78307955420692,7471.713904227759,29.51203813238244,75.6974377401684,50.08812821302925,1669.091450951677,111.26997984170184,297.69211327958914,2.316597727581962,0.6544050666055947,3.1806191904892467,1998.5777214275909,10.8013976418782
0.0,7038.873598052342,26.742359759104342,103.64123056805992,33.420423586461006,568.2996907867657,100.32879793862948,451.747972007994,6.628777437617171,0.6405923923813285,0.9433437754067172,2013.9788216781103,15.352346737238294
196.7750792084883,432.1773727004976,10.167732904345163,96.69507972897566,42.079237518228034,272.4225691679049,44.82087377405247,220.1395003993049,5.573508851052671,0.3855221381844601,1.5698847014833623,2009.515610310363,18.640549299436657
25.150010159642985,1619.1678774965037,27.29300737167848,74.61312063928587,13.114963174980636,306.8962395301164,15.773726412216469,554.4879699364825,5.61937115158208,0.9318763212735114,1.726821470683699,2019.363096579017,11.275819237086305
60.97260937613781,2005.7666703235825,19.343073392673663,88.47234925780411,1.339150715122335,176.20033094023967,114.5578736532119,178.6147777580383,7.533029312171979,0.8069231508423839,2.124148509002741,2009.298809886377,19.121712304332817
26.34366412313273,3801.012059779008,28.7681190674568,67.06147573606316,41.64882043819603,2347.172450990074,135.7481708402717,336.8094835162577,8.264686042568131,0.5605726949127853,1.524949110550786,2000.571790664356,13.19960895076051
0.0,7572.425829771974,8.57240507518875,110.63664842424969,17.681329134067052,2427.270909743883,108.30056997892258,254.6890201505261,4.783041997228381,0.0402373552223266,3.125378785320924,2000.620673321701,15.806176395114315
320.60087392710983,3327.55998596655,27.254744930309144,57.2898201112607,35.45619211614647,613.8226821408286,156.64148498151278,151.74717176124312,6.923520909144932,0.3147324243588901,2.9688153300677635,2028.788421784119,18.02129759724208
236.338255273588,1613.280395891407,9.871100145318902,113.068991825152,38.26214125389959,1339.6310341135068,75.49801716473294,228.7482626928102,2.0052583591550928,0.455797727873958,0.8962825158594947,2010.3790160661804,13.651528117037206
264.7637115506201,7325.719155625528,22.733098460419228,70.35923030577158,20.64949291775796,235.53460023968915,2.680414007355778,449.10732081214985,3.216059196356852,0.1481330720813463,1.3825866346864824,2009.6621544223312,17.4280662046984
238.34790956200567,2943.341060368544,13.574273109775502,113.69429862609825,29.075782485493544,407.3535442156192,0.0,585.3483203197746,4.276611425224865,0.0386053596603255,2.7786831748030814,2028.899732808973,14.145734032003377
308.3679858503915,1151.2581124558135,24.15052082392677,100.01610704924022,44.15883201581545,437.19245405405616,37.15190466457737,505.11171648322767,0.7070372936138447,1.03682894964344,1.681502609680864,2024.444630781452,12.26233473351822
153.3268905605033,2842.63766690088,23.81570432181601,86.06324605865811,39.57847633795576,638.985683738172,129.00639658594696,101.89867469910216,7.057863966321657,0.3797766339504916,1.6102728839689573,2000.2866512720789,17.677950467020928
78.57187723320234,2092.3488631061714,33.825701410838214,99.56098098948507,14.0810351629564,493.20239277735567,58.93363604568451,446.1144645841829,9.324036986241746,0.5425556832642323,2.547690251916819,2022.3933036222784,10.814782633483722
355.000860708649,6251.863154512002,21.014884833181384,102.52629897109485,39.87839814573164,2525.8213328564107,72.53906701199338,357.4979319441827,9.068870730144567,1.0226269064608755,2.1107434214462706,2017.637073973229,12.638398918206772
247.5422752325308,3072.9166433488,34.667444036124614,56.77253554484206,16.810476451707544,1241.8218104160308,118.68302134158544,566.8664294822189,4.7812343336393255,0.6582166652399444,1.3463393909327963,2021.878184260844,13.615983754554868
308.2803021927949,7302.746039248291,26.2083279992172,69.99472101121142,12.657431055467791,2474.138496818247,155.01389557346795,546.0766804640032,9.39931754346435,1.0045272191413364,3.3242466450391825,2004.256356283686,16.124821400360275
249.1664493811746,606.9645970156234,33.73844322861058,55.94036509182377,41.375456421835686,1133.0671132587363,0.0,33.79959259524282,1.3108981689338013,0.91741585659605,1.57984386858372,2018.7133225620423,11.999912225711572
41.289022811327634,1910.6525883029144,34.3787577275128,72.87612241062796,37.94090738675396,1125.1760133231594,69.47279287673575,334.1878791716072,4.156303635433292,0.0530142518157678,0.4822900508316191,2016.586136420334,14.92661305749607
143.31262766405527,7505.417421498032,10.098468143094712,71.82071680868428,18.68140357583927,2473.46614326479,150.92995725764197,92.49350098096062,5.764194910941966,0.3063200523498041,1.210024927016464,2019.443603992376,17.825673451242263
19.05675711328864,2028.1469128316023,3.734344979050228,86.60982076314619,36.48701301553751,441.8032560976346,10.803453677456654,598.1933407916085,8.734451559134138,0.2354931119837807,0.6550405245742079,2000.9825167500903,16.646354581096826
80.63425908821978,5329.668611120891,15.100694790122276,73.102945376533,12.105132204201569,2353.0746939647456,128.35272879709336,663.1145873115698,2.08713714531165,0.0,2.451574453315785,2012.9502844969363,15.363506928600566
130.08190601487192,560.457233793082,17.956595113096395,69.70330803058263,40.56330121140629,2323.0166025838107,20.02549688129133,277.5542258274289,2.083594766753288,0.8411192189683361,2.970023042145284,2023.176956188384,14.310274508204603
59.318518748568,2897.3816589788867,22.262603702487084,86.87422660793229,3.673547964867805,915.8174579416368,86.9439914282561,78.27108753023573,2.663953409697813,0.4369884318824083,0.2180622114811419,2021.154921007881,19.53883072381624
180.79208693930985,8177.897268191211,22.528876222785,85.66052214478522,14.577204506186,2590.173069625788,36.42050611737383,611.0503728509995,1.622163471640795,0.0972698252219807,0.8129479605265227,2016.8591838666327,17.711295562079506
121.02305799341548,7261.15755165992,30.62170393543133,57.3979124594521,33.6410841985819,1801.684515687428,49.90248283450677,551.8823990631334,2.998438023022467,0.9990915810719329,1.1454614647227477,2005.2721764532912,17.02273375016357
117.7903573125684,5884.20889340473,36.17378584565354,111.84268445824654,16.19192668331528,1433.441540126532,63.38922129026648,345.75967633387734,7.34073639497069,0.935625815901264,1.45511591452947,2026.7273627927527,18.319109791173496
161.73890803905633,7831.957021782915,22.40383665358804,68.75085422464741,36.40222847747256,1570.6507019003714,5.888688493742794,257.4133633066203,1.0175833520023656,0.0199667892948852,2.842580552803232,2011.60592074916,17.19363983520951
125.47293167819564,4644.249275242694,7.421911676465915,55.33322062960735,35.60051789692651,0.0,62.92898354474341,458.8732800763792,7.5170108417267425,0.6277880724736296,3.135193775762924,2004.333902695134,15.879524763070602
110.64593485896025,2311.983570381329,30.53629524833362,111.74016362540554,9.839789617892468,290.28658055256733,126.42924017593624,553.6852811290948,9.631392017701096,0.249005455470722,0.6437523062605885,2007.904017953836,11.23820444616525
32.65972494137121,8847.50727159324,22.258577662406264,98.88802995309145,39.31573129450672,2148.2239858724724,101.58532368703167,422.0934158637003,3.4476194882936784,0.3624231998606622,2.3776999114185706,2006.821047686536,12.478173365177716
218.01903488505468,1328.05627131152,20.333569281994443,101.09240308788544,3.072222717424664,51.14438583045762,51.09892341828691,489.8710362034011,0.1583582994136997,1.0077905379536358,2.252078035029741,2010.9216666636564,12.47855166284362
288.8967767291258,7927.372204545036,33.03964920393333,78.17125288225972,6.369581061449706,952.3677685334123,149.5003833290229,52.4982512405479,8.713464757220798,0.6660472262174916,1.7410534814952972,2010.225409836438,19.029624414147243
310.36520335514217,3746.362615616938,18.66892453242743,82.04407230515055,16.606019128337675,367.2649659434816,80.03056114397384,237.73440344384176,2.3862019789845137,0.532380688603354,2.2003834283421195,2021.583527152541,15.17992144945447
105.31977851551856,2078.832480885734,9.866076169197829,69.89008181033127,11.980575269337534,1742.040796037002,54.0026598697656,131.98363390145624,9.04710772712312,0.031578776099288,0.5568644721766035,2025.7316061380675,17.829413537572933
124.79421616883418,6718.655301127356,0.0,93.61080179272982,40.63407601006698,2520.434819081298,137.03503006011402,252.64191331542463,4.347909799059659,0.2343737832652641,0.5704370857108896,2025.3019023017505,10.484312218890324
203.1873224101277,1846.6316547245808,33.52551217671197,75.53660478712828,15.037825877580564,1151.1881718265874,17.41494290195308,390.4626368532574,4.107845737485961,0.2947689882415292,2.98805168049922,2023.701642073876,18.78083383659381
274.7452502227903,8134.6609835396,23.121909766608965,53.26311788685791,10.806776421463454,424.30624041329577,72.20191640362671,645.1866152668932,5.264023858338262,0.2865488773828952,0.3096932071629957,2024.4780063878568,17.83570861930139
350.5280670736517,8031.050724128968,18.53641030788876,101.6187284328438,32.73388832097582,2.8863835589992544,140.16693952569997,52.61395216046189,3.4942089427547582,0.0,0.6296447436656639,2005.747434704392,14.620303941609578
259.4077589523704,8742.90923363055,35.03369528679189,61.74408972834132,34.62227802784095,2503.853567931878,159.30038262172178,468.4996057023807,1.131623846941698,0.7926487453124336,1.335589229670907,2020.4788442904733,12.668689192312367
162.9564770731294,0.0,10.090998183432776,81.36266443656679,32.40845811506264,36.177077955681085,99.29575784706452,145.8244955148365,1.3113948386599756,0.5455507750266272,1.5881505484879317,2009.6731034972383,13.088943341660418
16.228057238916612,8812.349079426423,30.828736097621544,67.63875178535119,8.084763327293812,1356.1468419194014,45.16540950633302,548.4289808185933,5.091893972402789,0.5650855044953792,1.8340512003281764,1997.9996153575976,18.67918210066388
192.24784363480467,7906.719182863581,27.48064720042619,90.03127344793756,37.95594749268658,333.6066098992296,174.3371959014318,221.8906818735552,7.1236336107073726,0.4244976481022144,2.258960934744135,2025.8817205337368,17.343630589677424
210.6769833333097,4576.614000837393,3.5477930236548065,88.18784345241833,16.678424124466982,2553.394623265332,81.35308087405501,155.63189811749604,2.8102971574634767,0.119659374338163,0.5246138225400722,2026.4374977956247,18.413504391976947
19.96604818673326,714.4161180640021,23.781641710742864,91.96741243548932,19.85834321699389,2325.5600199366463,148.99112718124016,502.91052848779407,3.224912488431187,0.7553886241438307,0.0849562111550676,2011.3299012905625,16.434313973295406
303.2286275989697,5694.958261634789,21.767201318445764,52.60361359278173,41.589413057127366,2122.18140272602,155.5091477978156,114.80763586281986,4.767104134940031,0.6850135976813051,0.8540149260677037,2017.964843248166,12.778683849279796
107.09013403536764,3026.442530627205,26.44198950622969,84.82224163248053,8.091681776829018,1931.4143492016024,79.2930629820915,487.81805878873257,8.58713542967309,1.105043127974399,0.7155331347620227,2010.5599836059887,17.99265969527027
395.9790307321513,2463.002977260271,4.693330675754221,94.13646632870972,45.51628112823656,874.5521808098404,31.622087429804715,444.1395137230252,6.870126406683164,0.9033535915091618,3.3637006660797857,2021.701008461374,19.05694735444981
342.4215263187205,9331.78421757311,34.38131126846687,95.3817424423208,28.43504431856639,2468.857282779885,88.32803591639976,386.4152474985671,4.29623968467773,0.5168201327953559,2.008835382561235,2000.757488361586,17.328403071600853
66.6481777400558,6274.12884653185,13.529512636839687,86.40831807973844,27.07122293994455,2374.819325731797,17.952922087642413,253.86438191117168,2.5112207152802246,0.700819652356238,3.111672312866598,2008.685951343121,18.37254982624804
0.0,2978.977849540517,1.9036632107898064,83.33529300532311,36.30304597123803,1313.6513215875573,93.68469842243309,83.85467209610235,5.875189779697418,0.0899284389398665,0.7208426095297374,1999.9347609578329,19.485264593666034
197.8440060522628,3588.505223031718,20.07177802260903,61.9422826152866,12.740719966341596,2234.1943259953414,134.92093854078954,314.97592039130126,1.284506218766132,0.1610980006609878,0.934041460574222,2026.8130871881208,12.411092997230522
41.674688462807424,1153.9893070667658,8.798293846709702,101.11574926190004,47.4475292007772,2209.047950769948,145.5663184763104,616.0649798485247,7.002439869356359,0.6095756120011524,0.8371493394255372,2016.572263933688,14.961129806967747
158.54336621214136,7717.493503091651,5.671917388054018,112.6414072486508,5.162885650569395,484.3568632471761,135.16623374485357,175.06257688587502,1.7964541904362128,0.7571153804392393,1.811397698999336,2017.232231602427,12.976919081698384
27.69494205186306,2164.631969993103,15.657592159440592,77.20056481805418,20.77990595331172,964.1876684914942,150.98737139655776,189.085237678072,5.72503348103602,0.6188732996872219,2.613928067050836,2014.309474633352,17.314156782036925
114.81589498185488,7498.695567264664,3.509928994304552,73.74832032022627,21.930636961926176,1952.2051850597568,129.3256624072021,605.7095788184378,2.368659081702994,0.5826038671072813,2.5727224988495374,2012.472365521156,11.543927679298465
164.60416973887976,8182.341254903716,4.128703737777999,94.84521020333132,46.55786369888219,1515.3644591620655,32.57963892238902,659.5144579146736,7.2376593730965935,0.5875110232822494,0.7214828777067839,2009.019738817738,12.244144435198685
137.56859883299543,8122.239054543657,31.367276047793105,95.60294765422742,7.405948843457534,717.9098846645228,146.82496375675407,291.4197139126901,4.298362475555625,0.1420413704226567,2.491837548115368,1999.738484201876,18.86539013364317
25.27711913804911,2083.3469038462795,19.87830012716693,102.05241587182977,38.637210146665616,1736.4417435428472,99.68231116560604,521.301144862583,6.972865688738045,1.1733935773900457,0.4571332928481413,2029.332555628535,18.61456172152871
188.4459363038728,8025.908579961786,29.79593189211217,80.31694526782508,40.02131553185112,1257.843376430439,71.65558238788437,167.4445885077973,5.283497886911041,1.1404413203598227,2.9723065037672765,2004.22474650094,11.355399153461232
169.75659336208545,8557.949394425963,4.99835282718754,106.56988201231884,31.62942829545517,842.2597790477206,59.34853562875371,20.05700583714851,6.477284396745859,0.0528151738983677,0.0,2030.295180061694,12.128002411762749
208.0074826474394,4166.346945362024,26.411431597218737,52.28764175815899,36.90851009693712,983.0465510877626,72.84567042812293,493.9585060491535,7.095401497786728,0.638023477787183,0.2645682435458943,2012.8958948302816,15.645635193997135
153.48386485979208,6859.96789242855,7.668619594794762,82.48440817887276,39.93255817493526,828.3420875993407,47.74688754401534,187.15950018195656,4.744720235482293,1.0738370272496511,2.849992143955063,1998.187770882738,14.081752344207157
230.3941267108918,3313.118623668261,18.467601938600176,110.35115026287302,35.24200119505662,1825.4402514010487,144.4689276033426,231.8727951982277,7.077786713829138,0.7093537682583234,1.2836585415524362,2000.228066048875,11.701469852483802
130.9207982004703,5423.6692919387615,10.528884475740885,58.98257902001257,27.07674448712736,1486.6501531933409,90.43942317146168,607.6503077822788,5.848008135524443,0.4969880221291599,0.5814679192694403,2024.248999791181,17.894644707201202
350.8969328560439,323.1974860464089,6.997394444666071,115.93128250208112,7.063594604958582,1576.429291075949,60.22831520082162,612.8163206032739,8.644438250405003,0.960395841040488,1.3787186516383607,2026.2408533121743,10.689608295334972
10.395296732407331,8205.718288597274,28.756247853715127,75.25842483647041,1.233079404368962,2390.892417167064,18.76090069655384,34.22252353980812,4.148281956690619,1.205967382172678,0.4212121824925832,2014.2675098537325,15.85273919193469
158.04996395742037,9164.306449134405,2.942612677215863,55.565426747290445,5.539791007318305,1961.95946978118,34.58119162723335,67.31302944397254,3.0466959482807434,0.8113410339897311,1.7660562824582182,2008.3252248430665,17.58393216818587
294.09505167830173,395.7422335894273,37.767998716332784,87.85994116974291,23.21411044831802,1673.067556376346,151.10329239070188,284.2322754394012,6.516488432935012,0.6208664165302699,1.9298524330731144,2007.089323051484,10.281896578747812
141.4931748174811,6862.406868484055,29.16148923095396,79.42421650616049,12.28426916533689,2040.5970433995144,37.43946481382964,498.6318768213205,6.073253569223402,0.3777014692106961,1.8319157199900635,2010.228583540423,18.7548543403543
290.5209118931411,1233.9272171255348,22.41068829648199,87.26570640030981,19.70796040442991,401.3265144049118,26.13413501214352,434.2145551977978,7.786848661968092,0.8949306486802422,0.8428543926540296,2002.45096534226,17.479397940940814
402.7570406620731,1551.862124323461,20.08202642752675,93.65668319645054,43.62933566464049,2445.704789296088,128.64180577172803,427.5919458000009,6.9430243072758735,1.154220671962704,2.144771539769852,2027.099443803096,17.41334438285382
289.5191257203984,6947.7424750410655,28.331404150226,99.11188429670348,23.84217164808478,997.5068966912004,48.49425099970856,315.182317143102,0.4984759596821688,0.6082202144143426,2.6308280258235257,2005.1508272815208,14.34414724117589
278.5702278637329,8930.630143124603,20.8963795244426,118.76672337540572,38.1554386669668,1561.7929247590494,138.47842273893482,548.8446574161788,6.402851676404206,0.5996915190322681,3.036788565422008,2005.1892052677465,13.989037194351615
262.6089430704699,9286.05407927298,0.0,57.51349047220727,40.06783018645304,229.34995997727685,130.84227452804524,72.31814092251608,4.843301027516942,0.5191305592748836,3.223449107830308,2021.064792008452,15.358462465779574
112.62604209729406,5804.688762092686,40.73738992337176,79.7008223408069,0.0490963948895952,2416.054515739633,81.87738978180741,57.90966923763796,6.344875705614784,0.5885251441304556,2.3115067367252244,2027.7611691825048,13.243383999854055
263.0211140141631,3443.9302383755903,31.41427639038131,108.3587877419551,3.246298662909469,1327.9646095003193,50.09615109539146,365.5414702373384,8.593830920136746,0.0748979714852065,0.0779494987942067,2016.777476321412,16.196475091441723
126.03343323404552,1994.5967732172448,15.515635765925328,76.60345032115958,17.66206342459057,728.6172092128743,117.08681314649624,640.3264206057869,0.8129107913864645,0.1518557358680315,3.3729666624902888,2024.031865395776,15.45660739935212
62.23079132333692,2726.948981405043,21.132305906894672,90.31506616089516,3.430083071447375,876.6945912265029,116.4996651178174,108.07335554317254,4.373059362354353,1.0202496123931564,1.1875837036909729,1997.7932992068231,11.034957268593946
187.1617412271165,4257.533309319769,30.689529067579944,98.26753877557164,50.03687370916599,1766.0757469973742,172.31484115694352,62.69258190315433,1.2600119661459874,0.6900602289912561,2.3058341989849875,2018.379165033124,13.111447324939562
272.33896386401466,4407.077055280814,11.436991609783808,91.33796735082132,5.951388288884553,2105.24719036728,27.97731913142665,161.6872258626129,4.583852111250408,0.7203900691948841,0.6688890717551604,2026.296160585537,18.04789734041925
73.73083012089123,3653.052894876342,24.202404503042363,80.21501672673108,47.0798174999892,2301.852547269882,34.89748986554789,128.40576778554515,2.520225200476149,0.6538695439846581,2.34739048260244,2016.426979151265,11.778050327350098
132.9602075138284,6930.097546576778,11.689041563059794,57.906978882759134,20.69394065505837,1102.795482886091,83.83135976111758,483.5350298599837,0.9361706167608098,0.6918071658692488,2.970828146562262,2023.7956664544683,18.51246290265258
16.7892951461786,5409.274735580349,14.030560389632594,97.61349407346512,18.33404524987001,2613.827849639248,108.18522936722825,91.2611622483305,2.436022839367502,0.7313761549693798,0.2750184509121258,2022.1532642743368,17.56011379590688
176.2333737978982,0.0,15.551811779617523,60.19022256550111,41.294398613592165,2261.762664730161,156.1717587871531,142.9108688114836,6.017674676649373,0.0245690634021986,1.6642009346214444,2003.6458050555148,19.21864153242669
206.68672980063656,7680.826002652775,15.548600839463054,80.65742480715491,38.12398226393606,633.220457921591,114.9883751544188,366.1259001090392,9.18137689623564,0.4270762076627333,1.5803644433322526,2010.088932019683,18.349090094028657
341.14949697314734,6128.587172315236,16.12242688396628,77.89500424761553,16.819934041960916,1880.3568359139315,103.229346261882,224.07980220671857,1.7702913197824026,0.0901507876432734,1.4295630308145535,2024.5429185943792,12.142664246187495
304.9384997127085,8794.149411756685,23.546675926893087,62.62530337866233,4.163249651410181,1996.756622648884,108.37610520798872,87.05770240988177,1.9112660831456567,0.9508197078230484,2.1921865460042773,2023.8338390045103,19.16615047947927
356.8055508619158,5385.373837973219,19.203757457585432,111.62050494590086,31.892718202203067,2557.946747168801,29.864027186461485,333.1312393855402,3.6707583947628017,0.3557409248015422,2.6461253429169256,2020.73923876626,18.26738372931385
393.087265620824,4705.928824446334,10.759189155314616,55.57680184419863,26.91326251635516,91.57304638540546,77.48732462357367,286.25629035051617,3.2450453277763445,0.8995451033996831,1.222356415842762,2009.612840042491,17.256610700444682
111.2459406851303,5607.4171957552335,4.466516422225981,105.27128573218832,6.918347825971393,1624.8149918307436,53.528695588349386,592.9238091931817,0.6877503456910661,0.9412881993882054,1.5541251940830163,2002.769987450668,16.31613850358832
25.45219466925508,4205.386022832768,11.25719944245378,68.92982253364787,1.99708112090126,626.3666693837121,97.03947978656768,321.94656618049305,0.0,1.0254673920761488,2.293509369613368,2013.8170126239745,15.786079751610142
78.23482807951217,5124.305743126117,20.2995864031158,112.09487080278711,11.267224906317502,2342.967757639513,168.29256327645754,448.95166175032455,7.360755391479778,0.1464115654339344,0.0787029941890869,2009.350569710809,17.137775258239294
382.0712063428505,7750.93053219917,29.358064828123744,97.00302961822834,22.027166785361903,1719.1209760490815,45.40558449782328,264.618804186404,1.200981759799238,0.3101983473229172,1.16764577126589,2026.2036674652404,12.872255085235404
83.7140443215286,8389.74483819193,6.235499571159479,111.0998709056257,35.60665348632384,2112.1134788018844,33.17581337812036,624.8536146347674,5.163393551988495,0.1391379655887959,1.613983597575468,2028.6740219506075,10.188687624588972
263.67590981054303,8208.728248088377,33.70497501856824,80.61569052160057,32.5326232217492,170.28468914257,37.65308439129786,326.7287326937536,1.0216279192160571,0.6200780907564911,1.5959545011246044,2015.0052592818745,12.541328162551896
164.24605521110522,9421.409906764262,14.989658396567672,84.42943090252413,38.271223634182704,1451.4050593736652,64.90346731336133,519.5845908034983,3.728158576261526,0.3081142686457923,0.6534923973070575,2006.395678248324,10.70896147511539
114.27985354315932,2889.272580714255,6.940313772369072,93.76738419065622,50.31043632120616,2388.0917577353166,161.84635386148125,555.612972923296,4.269987668067651,0.272037365104285,1.4099391336833726,1998.944970965872,12.363523487145496
328.2637706935284,4843.7041810368455,18.70439719446432,53.90773762568565,42.57192830472744,129.8073386553142,26.42940548842163,293.0746405453912,1.3876913953429844,0.3952700303827672,2.7848088906561355,2015.2732887306247,11.785852225868908
159.64068981942364,7230.694490442461,9.731094878922107,85.30845936270686,3.767662976000129,2007.4344385797435,80.36474962958079,202.06374685625468,5.514949984418797,0.8775811996293473,1.8905795563342216,2005.1938367872883,18.85542370009076
188.0686856942674,3515.6935978858537,13.380898164651214,116.17011846727408,16.048187784548304,0.0,79.23653088325962,598.208178513589,4.6655258159384605,0.3557949523133564,3.3748419508886176,2018.8774592521784,17.554469628931223
276.0633925730462,8727.292386252797,22.405062797559083,109.43884142133724,27.85128062912572,1704.1209655318262,4.437578922479414,603.4099623103031,3.0484680840259486,0.4030816923238678,2.967038412211915,2009.7070534738389,16.375785914030693
101.30388158261616,9720.86704678184,7.079556671704629,108.74940612857677,40.1028395768726,1289.718627466373,38.010290548798274,440.64440577017695,1.3173933093746513,1.1465361516690815,1.6566451740283703,2019.3922120386665,18.700040109459515
314.5183385891661,1594.0771015918915,3.169277401288269,62.89905043078292,16.386730163800994,1900.7308118132364,96.41844341305368,416.5602632115235,3.238304820919433,0.6864423132432471,2.3405795045356323,2015.4050700682808,10.210724489258824
356.7302043644276,10117.31310590358,37.80601958199931,117.65263776880022,16.466883175564,1270.303858123351,0.0,147.87942489366716,3.7486438196508898,0.4347550891806351,0.2392263137900183,2003.8792985618604,15.716669423644207
168.65085212429085,1039.196221488018,14.934953324790447,83.59223928666607,36.06057859303265,1532.6819927267145,24.777925502201903,453.19837953987206,7.664940927283727,0.6148277080913572,0.7455085549182089,2022.8628410264173,17.75411149775016
171.62884323871987,4044.477247496758,29.11294069384904,65.50679411093961,13.28318949285474,0.0,123.10963712528904,583.276660946911,4.606969415337029,0.8924326092282476,1.8748890030164165,2026.2466527197728,11.572644024138276
215.9192108540022,1376.5771576534148,31.727235059652344,100.92463225921578,14.21174242647414,1752.1448182401225,176.25888046977448,237.5105319753061,9.2088599960135,0.6167961720898214,2.179933581987099,2016.7052992229665,14.30001316064724
174.00443341596147,8744.919549372213,22.681035655877544,94.01646932211546,19.07062009732296,1121.1215412258682,44.53817544352072,617.3662446869004,9.236049344158364,0.1713670275417871,1.6591204517390086,2015.845188750184,18.9360814927607
382.7775176957135,9561.997046329026,17.793712103135434,108.70768568972868,9.870922422914028,636.7545696921745,148.97067359092114,449.83493725918765,2.703607865865596,0.4984123370184851,2.149197982458724,2014.400729591492,19.21671289043614
237.2650962097914,4586.784574094165,3.8551974513009513,99.74256194887737,47.91413668991655,969.7179048171416,9.745668244841848,242.3118629634983,1.8862917407676,1.1420551576860671,3.097542172091525,2029.1999879378825,12.495259387756716
42.257407818625005,9003.055907454167,9.70269340452422,54.21307644228189,23.79664692276389,440.5605165282501,144.8713394859344,57.7521249055836,6.424730806112025,0.7842285536078537,1.4463800327181071,2027.8753210094349,14.225787881355473
191.563316977472,200.683258499058,29.93568458007181,82.14126237378679,26.29382467584516,1664.4478161561888,131.25385968848124,354.2823483079553,6.841109752667326,0.3925449502918197,0.0,1998.51750249332,17.39081724875485
365.7098661660253,3393.240074489815,16.865458260553673,93.68256388866074,15.128000473174382,852.1122589233204,74.9681034807359,59.48158788435614,6.89825329797963,0.1512005128567223,1.545658304547563,2022.781969133273,11.2116495201082
343.7452214206721,5516.516830255437,33.91695861766542,112.51902623015351,17.22694813790663,709.2604668518189,27.862828167080064,575.4423488716432,6.155394236358622,0.0152509801777869,0.3332573155643866,2009.3802757483768,14.57661411679771
265.1744535189155,5614.7843784951965,26.52842854203188,97.63396755819878,23.444020267283097,642.4263161826974,55.52199496806338,607.1220635523117,0.0,0.6783678381072897,2.390303761466035,2028.3705159426515,11.19393306157106
209.97707681046307,4169.397691052392,18.95339236597196,100.76077736837968,47.09459314545892,1548.1775411832912,181.8179312236276,270.70349075765495,6.966521271229534,0.041790522467227,0.0457625209634594,2026.4302101455064,11.519528618072425
404.45826605559625,9923.039362858604,19.06833824862499,96.9853582263452,34.433774870753126,371.8747650350703,142.65318051333864,449.5452727029788,8.350527852517223,0.2277132831384916,1.5923443862936848,2024.846226001478,19.05133202818193
54.97267955441423,2923.399891189565,4.105620130562016,74.65330545137256,22.72820265983021,2186.76825873942,67.62671921092546,449.8060168609058,6.001293799565098,0.884845023071235,1.878110676177577,2012.999545949066,14.799103490806385
342.30286163828686,2699.934839748048,25.935434657937368,54.20852250170736,42.75319832127489,744.7399509937533,9.126125958836507,86.34696181094652,6.236745661902932,0.3912118007988275,2.1171407026108726,2002.784282162356,10.5978952438419
354.2855600201672,7161.061841494887,14.754153864024776,94.56651961066302,17.865200051436563,1598.1625889202487,146.6152648100558,606.8560004450118,1.7742900519447091,0.0782759599284338,3.2874802757651387,2009.714249521117,13.730418343244477
180.8398122538628,1317.25420450439,0.0,114.56250410745112,36.63846396639262,1538.9761206166577,55.25439605207713,103.14455228456649,1.9497532350818647,0.3205896210193389,3.0363037309145287,2017.6219251648968,16.083580452196916
331.0008801827566,5709.272935744261,0.0,82.44086969578896,32.4456987441341,2340.507390969048,29.857509774538016,664.4423715954206,0.0570109648140376,0.5461909474635714,1.329573181003407,2017.084978613532,15.210865479349138
187.02187243632483,2993.8989974458464,5.077784354897024,64.27437008527026,49.56652387702068,2333.7902855189845,92.6796926529502,0.0,6.695304658457012,0.4608655131160024,0.9046253791781758,2021.687150282644,14.07679091098153
100.58586783771784,423.1050436994306,19.772205720935617,98.85572709375754,27.89250238554706,1599.8271580090409,17.123962075568613,432.4002757485387,5.292007668318473,0.7546824713765209,1.2518923045239203,2006.5117497830815,14.55641072316645
47.761099937836526,9175.71787074984,22.99259193580256,56.67690131197107,41.70989178498113,74.44430874320341,118.57929230224237,255.6396933196862,5.758649109634175,0.4175400476116514,1.7298180208933145,2003.984057418191,13.494141130143454
154.6535420037518,3865.1680722738,11.619965800687783,67.70841915528611,15.04136575621812,1998.2891683325888,41.49964191772128,443.87863711272416,5.864469401526919,1.007612553552916,0.6349938765380333,2008.307496142096,18.44265742609449
186.477224313994,8357.414466400187,3.043648886194852,82.72940913330218,2.967931214356887,2167.057538480776,111.42129592302256,657.3601283097352,2.5080225766620137,0.3227171367746204,2.0802987413081544,2006.252642424084,11.694256683622886
387.4608645284611,2968.5224645323547,3.6631045331689487,92.7493857096462,34.59942495268875,773.8151756663173,90.47798453250826,387.61144289374977,9.840365540869255,0.635068596762513,2.287234965247207,2013.012230876179,13.920909569131403
100.57443823782005,6907.549441552214,19.787480873638344,108.84597787913384,15.719168434138435,2484.096108054126,163.71197385890525,420.9518593126964,2.570616933351833,1.138921625120627,0.7767773017469556,2020.874784036052,12.661321461243144
333.5445006101247,6622.963463109373,3.5241902847594764,89.60552187649141,44.56805491467859,316.77514634007605,141.4708239781545,630.8544920046422,3.9645279388023953,0.3708929410116087,2.139995720042116,2023.798082423446,11.536249514604185
0.0,3709.260517240381,33.111215628943945,117.02214556844125,10.741276000165772,2579.2877105991506,157.08227244169447,426.28573599918377,6.659943602373021,0.7229068130620432,2.129119237474692,2014.9124714453324,16.17883056682714
338.3397654649183,1279.3538725885494,21.380223089710206,57.50372507211113,43.979270230576425,2518.069637709692,79.9398817663698,240.3584563237017,2.0311286206442887,0.8137072903437903,0.926405401030076,2026.5197428096203,15.997358819560198
29.18097264414612,2816.128801514062,33.21596764936432,71.76481214934559,3.960737993444492,1303.0366172066992,169.5213064952178,316.9709287546193,7.508086453599102,0.8797755345970009,3.1336113803971566,2015.3875145298816,14.525565727901764
374.4568758214259,9276.448958249786,22.60521810084481,106.9366589918002,30.427283004416477,1801.4530894796335,153.44990277726265,574.9318422151925,5.371095770346477,0.0349191537189535,2.3195991994460767,2029.171479225899,12.697648779601716
205.3374160400586,4240.800009008117,37.29315930655594,113.15191495917038,19.698813431384725,1248.242157441213,154.69687174050162,60.6416075320979,5.50093218308865,0.4009270221903872,1.688530391127799,2000.883361705848,11.7312856019869
41.29859062616934,5474.6841248773,37.95825184788696,104.72407003345528,26.89509314637417,341.78304719926143,17.07107753247486,388.0604279635845,2.394444681789732,0.0498531070400468,0.0170454917194438,2016.5193426687729,14.589961687425587
159.99462344997502,9657.265583334756,30.162117788444075,110.33129871333544,12.542265825129242,255.6344410813909,133.28267290351076,581.7852171117294,5.929368326736459,0.5919699637485724,2.5093866115990844,2004.465370654293,13.585183915357062
54.94911736422247,7705.858156532297,17.943239456096027,72.77426994870763,23.925454487074216,2696.3399715760825,99.48254127651424,553.7732946527257,8.962159728097895,1.0370301640166952,1.2362079362561151,2007.9629464227653,16.270958876895943
349.8919729414131,4376.369275036463,39.69365741576845,82.70076859035962,30.7222652946306,284.4259120008619,174.8063292358692,494.646878030743,3.937143365282804,0.4311633951059737,2.9629442326023505,2005.2957061132925,16.10816702317632
364.9308010066275,4331.794776396835,39.51065681453524,100.34723619205012,48.20605834403148,1093.8856380171237,33.11350399509422,378.25524088741554,7.77621851326398,0.6794825420306293,1.8011746662275472,2002.6230613439675,11.729529745474792
420.7380791262142,661.4104752837383,5.232219730919862,89.97430019940944,12.731117023920904,1220.3058747386126,58.97528746914667,435.237908903629,0.3025711536546419,0.4429347020390845,1.6578193511949495,2016.3324590451864,10.553706013794484
139.69011091627206,6278.387186154478,14.965380789169291,77.72466149580059,6.455121523099699,1786.3400575473236,32.347567595866906,438.55951337988535,3.45612677299304,0.0267448801344546,0.6508520997021071,2024.5586062195728,18.806954641617992
89.70911785428986,1362.044138896394,33.949218861031376,95.7260967206854,19.932956219615317,2838.4358453051927,146.5346299972392,316.32943715935653,6.084678318837709,0.713271730588387,0.2756066787806158,2012.619027666615,10.464479784892587
454.8246254250244,7930.345089287421,28.827888725260003,84.16826772610308,1.532038588407758,2404.573588353101,114.84669990029349,0.0,0.0,0.7556878223275696,0.8754192456349693,2017.621862152138,18.823896443178853
403.6118435125053,9574.065847094089,40.36578144893889,66.76353548771043,26.92815455336111,35.853739635718995,176.38820626745564,106.79818424824018,7.17218515165033,0.240762684806805,1.0758040604067205,2006.280458688124,10.58056450495787
14.67511701446152,4907.81162885149,21.445945258084464,68.28451028669268,14.628865227643988,1044.0379427638666,125.04735181948674,116.59892907417674,4.402945265373701,0.6071128824460044,1.1810699309964832,2019.0252751141963,16.41727120680942
196.2180127190985,4386.093654292124,30.709742161673,102.85962122252208,20.88519716426072,439.3486621305474,70.88902974522156,579.0928451796995,3.108900049942197,0.9120859135719268,1.767966727185442,1998.96426324751,19.15888788453925
166.40310068419163,4820.614846935608,6.934576763277851,81.91700732108204,51.52895373541895,1159.5832227016665,42.19943731442841,0.0,8.415281903402658,0.7400597731728307,2.06105604684174,2000.247596121245,13.673565787709126
196.03320505210743,3812.879137110797,39.61473775831556,100.41804380684644,30.03184127786184,2828.9955320929125,147.58449158213045,84.48487644579768,2.4960571295569487,0.4745962594229485,0.9404795551923794,2003.219242028202,17.06883498531321
239.2418485650213,5363.765286605869,8.471126944743594,73.56999823421384,21.70302578398594,2569.370834323885,177.46091276294428,521.2871377507558,8.920904457806554,0.33999323634152,0.5187717804661041,2002.9157837537389,15.159389526938943
70.35200343133786,5949.639997592791,0.0,55.1623368516864,38.45131928145965,1817.3934634738016,107.45363352134063,194.07711660505944,8.413069811506396,0.5276197053418128,2.233656708024156,2025.8376489732104,16.017232309354647
71.96566802053633,8997.230889451917,23.97872023075836,66.22330808674775,47.386413410448185,192.9527429434218,115.28850716790794,357.44024813369583,7.717884631627683,1.077177640727392,2.2299823052028462,2019.0060433615265,17.82767600519787
20.251973690059515,7731.4447924293,9.861152844148416,92.14774577318582,3.1079079488747503,1916.6194654050385,137.9795301956267,567.2250893070461,0.7280354080676262,0.4676964688289655,2.805819332663426,2032.5208453027335,17.90717644548758
84.2203743946682,4257.532135640726,8.814112187505511,73.69040483323138,16.937272273289853,2165.847393932097,156.00515578065276,154.43991801356086,5.94852759811322,1.0417105822779804,0.1537022822276117,2007.0665727615783,10.89221327382264
23.5054181124394,4614.3941092627665,0.12341888495957809,73.89389249823678,48.774656784613335,1485.1848977768027,116.31648508151628,614.4739591206403,2.4952690689835726,0.09276682207884956,3.2999477252451346,2020.8564741691562,15.730569721539922
391.3150227722436,3022.8627188872033,17.530134479182276,97.51230851222834,12.418782412511431,847.8171695490764,169.50392574372734,162.50531999052285,0.8649731716900269,0.14848170173901093,2.846685559117319,2029.6755285438312,15.121565189073927
301.949397084801,2310.509446938663,27.4862039518733,116.49188380050661,31.733472742285954,1684.0996267827752,21.254578076411388,425.5847059551181,1.0237631528449742,0.20072816050419245,1.2477738648664383,2012.0193529907879,15.637402619605185
97.86650696342406,4354.878153746102,4.165600300944127,62.91367014633559,25.492939921197333,1996.8958106304926,87.96602040976275,338.9302702669979,8.993810742958978,0.2871153897952575,3.217394548809907,1996.0091519113196,19.22657783182712
94.87388227158502,9561.328342399229,13.083754252900476,77.1097066257088,11.448615474522885,2667.3655542760853,160.82603732523748,577.0881021182221,3.539538124267064,0.3842347231711248,0.16721015814216783,2025.235151152107,17.092815656301585
284.66536237540606,8884.959506383217,17.477442963568983,65.89734318200301,38.786827296295165,2255.212207993868,38.62166023034803,132.09324339127653,2.1508069746983285,0.7185009476561809,0.11873886660297145,2021.3933088753172,14.674923982999378
121.0642988796805,5273.346712275101,12.849814332838946,71.56111883870632,27.218605920757916,1380.035123035078,90.58190063760466,625.6387878474196,8.338995631640111,1.0397834016235428,2.210939632556591,2021.2305128942098,11.916014279441649
0.0,9932.306135951083,39.39398844031843,94.49550425270262,50.120305010458885,1921.349540945455,51.37816690489889,334.37298240750226,6.27411657791668,0.6953642865391445,1.1122386267504147,2007.1402286633909,11.82365748496332
141.8918608477173,2807.7773675197263,36.95380231137096,99.20461684956805,16.895140195175518,1707.6099636645843,37.10796015235954,242.16560415036233,8.823823904204144,0.24866563188624433,0.0,2011.386700230096,14.384005363582585
394.957319998178,5194.066564366431,41.87970560682277,56.75837932216531,50.44755599682885,1769.905160650719,131.7364005398285,557.8732622387056,7.644043165160722,0.5337393043005894,3.1112402726163673,2029.9640844594824,12.54780231015913
218.64041193715363,3243.1048738441814,35.91101853843651,83.48853215602549,16.05847799804002,2643.233954671486,43.08001689517261,177.15534959549396,1.8917888789020896,0.26304428827202675,0.8882506536783616,2007.1589574652294,17.856100514082016
112.40603709872363,10947.389671474297,11.252845226051921,78.22698068181421,21.138984618082556,1795.3248146037736,112.09968608899851,629.4634592148169,6.121023930145562,0.9448430419414571,2.698517697294504,2002.3496260060094,17.654832553251175
276.3478922377981,3992.345707335933,40.13817161044809,59.94198569234256,11.77482128358533,1173.5680239797553,48.077939302133494,345.8130893839081,3.251202799470488,0.7192390763469679,1.1767980122870694,2024.476154334051,10.665896498540839
166.49194356515204,1837.6352716366082,24.70627670017222,51.89504932485878,5.63882721047842,640.2935534194418,125.80200517309922,555.245925264391,7.855543207178819,0.6617665801187709,1.4898103158949025,2010.8113294360207,19.680042359314456
358.2154557768396,3459.700491142816,10.60061733773595,86.53133538717962,42.61894966302694,1134.4010750781447,78.05193322792881,122.92997161014209,2.3784285017604665,0.7322087927251176,3.3405931152664863,2016.0350496811777,18.82594910759159
314.9102456232152,8324.099381565587,21.524846311392125,111.82838444536628,12.987866969167076,2050.1546748890364,20.693206514849543,531.6845416880439,1.6985007216194323,0.7062488696391969,2.8883232719362444,2014.095794973936,18.22293056127807
235.1478521658794,4021.479373925756,23.949849212417185,79.06382533568464,46.16193759420511,2580.9774236056737,6.651497868451717,487.47868190573917,4.449573681066833,0.0,3.1627435090716833,2006.143699920348,19.060709519568903
382.54027609407154,5057.589030580646,15.179084232113158,94.57177012886675,27.46373903687068,585.126045055872,86.03436671071351,384.1333088978607,4.723607452430794,0.9840633443952558,1.7798255198893076,2015.0996798395056,15.03264505848562
420.0400814535985,2678.909210835886,38.6493040119972,117.1121818347009,9.278324337394476,464.8017399699331,169.22705129306019,438.4481195106491,4.415167668413528,0.17807847670633004,2.1975244550990563,2025.0682793499611,14.666469449563756
89.33163454532013,2895.7430477428325,24.704579941573773,62.00588552971455,12.385541448316207,799.6094846402426,136.97376025733087,335.4690873775283,4.885627919049593,0.5961277016048726,1.4017789948831096,2024.164401622877,14.797441913870664
434.96911946096657,8677.401527895821,29.926021453715244,73.91460638391636,48.079799817522655,1920.329045778566,32.205887631483755,72.50353403580638,7.153992886793433,0.1493062495631443,0.6500916902501175,2025.0757756580408,14.231058091352782
167.53032827463397,2119.322101544949,11.79478319540284,93.39858761505447,19.927394130347803,0.0,13.663513063430715,210.70002018108858,2.8226753535787896,0.09128544833145333,1.6655951894740877,2015.3256279513416,16.028386932944514
32.99403255122475,8501.11454576058,16.796778878090883,112.9659309564739,22.475354284602954,435.42061918779973,13.100419646915856,538.5751391862744,8.13339994793391,0.07497756672215919,0.5376286239079189,2002.4345403226057,19.235064710822066
227.72930988205687,7922.300519506029,38.57911567495966,78.72167458852745,18.220627401475873,547.0331784756771,150.26540771315484,668.028324974081,2.024639710583164,1.1359951667644979,1.039627729109778,2014.1385050743552,16.441672865361596
310.68530484003776,2175.668015166516,19.603854837558636,102.96997176319626,29.086486753755914,2874.602801067016,137.95878425822576,324.3662582466568,7.701061467526385,0.24078254872245766,0.3978262408898098,2017.9097531768398,18.436923064116897
313.1222531514525,6043.109919001723,0.34632533844258884,72.84981060145957,3.68715523328879,122.39894108505658,163.99917590034062,234.20060706944582,4.332347851565932,1.0364570684537409,3.298715547264624,2023.8372353472218,19.50740868072221
304.9528742013531,142.84790922375612,21.539273391744278,111.05978024349365,22.16201669040996,2232.766130732092,123.45996658275635,337.5842057408287,0.504489883762674,0.7514586773049733,2.724116007057664,2004.0924512826764,14.772598534011989
195.83921646616747,3813.2270460261084,10.179127800561918,101.18236497985107,33.52023532237345,801.5593463234461,75.93993199309875,178.3284951784554,3.9677571925608346,0.7311238377220618,0.6416236588778481,2025.5167496310119,15.213381873262907
0.0,9290.467404522904,37.306380979807145,76.08658117205113,19.65876179734791,736.488777892214,3.812634982585763,132.03383160157682,1.340777947981143,0.7767869476633126,1.7930992616196304,2008.2426061274066,18.950304473940086
60.31991793891679,5218.593433733719,20.34360762135622,113.002844040984,15.821847995513915,2730.9536447115574,102.68650872292632,109.7359483736166,3.2642744179015826,0.5402009476779644,0.8974609305399652,2028.9841491151697,11.415709650050465
216.94066406356902,4492.063590384823,40.07343584289671,83.23411271837561,17.70450937112714,2831.635471972939,8.844802434329065,569.0985942839872,2.0616426592706656,0.827294035887492,1.5006685758447609,2031.4417983564465,13.500030611777351
299.3618147991995,5524.607027700259,35.0028107390907,50.233858843066976,5.264137090464046,261.36100709323995,118.76325459244805,311.2073401544121,7.461417012878915,0.1885222244398832,2.184699036869797,2007.6752965421115,19.226609502726713
